OrderID,OrderDate,Category,Region,Supplier,Warehouse,ShipMode,UnitsOrdered,UnitCost,LeadTimeDays,UnitPrice,UnitsShipped,BackorderUnits,ReorderPoint,ShippingDays,Revenue,COGS,Profit,StockoutFlag,OnTimeFlag,OrderMonth
1003557,2024-01-01,Health & Beauty,East,Supplier B,WH-South,Standard,15,402.01,3,492.06,15,0,66,2,7380.9,6030.15,1350.75,0,1,2024-01
1003052,2024-01-01,Health & Beauty,North,Supplier B,WH-South,Standard,21,349.91,4,481.65,18,3,23,4,8669.7,6298.38,2371.32,1,1,2024-01
1004163,2024-01-01,Apparel,North,Supplier E,WH-East,Express,2,270.27,14,447.6,2,0,52,15,895.2,540.54,354.66,0,0,2024-01
1002035,2024-01-01,Home & Kitchen,South,Supplier E,WH-West,Standard,23,378.59,12,516.38,21,2,52,12,10843.98,7950.39,2893.59,1,1,2024-01
1000980,2024-01-01,Home & Kitchen,North,Supplier B,WH-North,Express,20,309.5,12,397.07,20,0,57,11,7941.4,6190.0,1751.4,0,0,2024-01
1001978,2024-01-01,Electronics,West,Supplier A,WH-South,Standard,16,411.57,4,492.04,11,5,79,3,5412.44,4527.27,885.17,1,1,2024-01
1005178,2024-01-01,Apparel,East,Supplier C,WH-North,Standard,23,346.76,11,497.47,21,2,55,9,10446.87,7281.96,3164.91,1,1,2024-01
1000756,2024-01-01,Health & Beauty,West,Supplier C,WH-North,Standard,14,241.84,13,373.08,14,0,52,12,5223.12,3385.76,1837.36,0,1,2024-01
1003251,2024-01-01,Office Supplies,East,Supplier B,WH-East,Standard,22,272.17,6,414.07,20,2,74,6,8281.4,5443.4,2838.0,1,1,2024-01
1001138,2024-01-01,Office Supplies,North,Supplier C,WH-West,Express,9,217.07,17,325.92,9,0,54,17,2933.28,1953.63,979.65,0,0,2024-01
1000649,2024-01-01,Health & Beauty,East,Supplier C,WH-West,Standard,2,44.74,8,64.88,2,0,38,6,129.76,89.48,40.28,0,1,2024-01
1001802,2024-01-02,Office Supplies,South,Supplier B,WH-East,Express,8,177.71,9,253.23,8,0,65,9,2025.84,1421.68,604.16,0,0,2024-01
1005146,2024-01-02,Electronics,South,Supplier E,WH-North,Same Day,24,278.95,16,451.03,21,3,30,16,9471.63,5857.95,3613.68,1,0,2024-01
1000069,2024-01-02,Office Supplies,South,Supplier B,WH-North,Standard,6,165.92,17,231.8,6,0,31,17,1390.8,995.52,395.28,0,0,2024-01
1001916,2024-01-02,Apparel,South,Supplier C,WH-North,Standard,11,199.75,4,309.76,8,3,18,4,2478.08,1598.0,880.08,1,1,2024-01
1000269,2024-01-02,Home & Kitchen,West,Supplier B,WH-North,Express,17,404.95,11,502.69,17,0,64,11,8545.73,6884.15,1661.58,0,0,2024-01
1000213,2024-01-02,Office Supplies,East,Supplier E,WH-West,Standard,14,171.97,17,237.07,13,1,17,17,3081.91,2235.61,846.3,1,0,2024-01
1002136,2024-01-02,Home & Kitchen,North,Supplier E,WH-East,Standard,18,153.22,9,188.06,17,1,78,8,3197.02,2604.74,592.28,1,1,2024-01
1003910,2024-01-03,Apparel,North,Supplier A,WH-South,Express,23,241.38,15,372.58,22,1,14,15,8196.76,5310.36,2886.4,1,0,2024-01
1001551,2024-01-03,Electronics,South,Supplier C,WH-South,Standard,11,25.59,3,32.77,10,1,24,3,327.7,255.9,71.8,1,1,2024-01
1000884,2024-01-03,Apparel,East,Supplier D,WH-East,Standard,23,426.96,15,655.79,23,0,25,13,15083.17,9820.08,5263.09,0,0,2024-01
1004674,2024-01-03,Apparel,West,Supplier C,WH-East,Standard,17,86.21,13,133.16,16,1,72,15,2130.56,1379.36,751.2,1,0,2024-01
1001493,2024-01-03,Office Supplies,South,Supplier E,WH-West,Standard,7,72.59,13,100.79,7,0,67,14,705.53,508.13,197.4,0,0,2024-01
1003742,2024-01-03,Electronics,East,Supplier E,WH-East,Standard,14,46.98,12,68.98,13,1,19,14,896.74,610.74,286.0,1,0,2024-01
1004477,2024-01-03,Electronics,North,Supplier E,WH-West,Standard,21,199.52,15,329.83,18,3,41,15,5936.94,3591.36,2345.58,1,0,2024-01
1002090,2024-01-03,Apparel,North,Supplier E,WH-South,Standard,11,187.5,4,302.96,10,1,34,6,3029.6,1875.0,1154.6,1,1,2024-01
1005705,2024-01-04,Home & Kitchen,South,Supplier C,WH-East,Standard,20,200.07,10,316.54,19,1,25,10,6014.26,3801.33,2212.93,1,1,2024-01
1005500,2024-01-04,Apparel,North,Supplier E,WH-North,Express,24,425.5,16,602.19,21,3,60,16,12645.99,8935.5,3710.49,1,0,2024-01
1001301,2024-01-04,Apparel,East,Supplier A,WH-East,Same Day,24,119.77,13,200.45,22,2,57,12,4409.9,2634.94,1774.96,1,0,2024-01
1004081,2024-01-04,Health & Beauty,West,Supplier B,WH-East,Same Day,3,159.09,17,241.01,3,0,50,17,723.03,477.27,245.76,0,0,2024-01
1000956,2024-01-04,Electronics,South,Supplier C,WH-East,Standard,3,279.66,11,466.69,3,0,33,10,1400.07,838.98,561.09,0,1,2024-01
1000834,2024-01-05,Electronics,East,Supplier B,WH-East,Express,19,85.16,7,121.27,19,0,41,5,2304.13,1618.04,686.09,0,1,2024-01
1000722,2024-01-05,Health & Beauty,South,Supplier A,WH-West,Standard,8,358.47,11,582.54,7,1,79,12,4077.78,2509.29,1568.49,1,1,2024-01
1005424,2024-01-05,Home & Kitchen,North,Supplier E,WH-North,Standard,17,422.22,6,628.85,15,2,33,6,9432.75,6333.3,3099.45,1,1,2024-01
1001025,2024-01-05,Electronics,North,Supplier D,WH-North,Standard,18,55.64,13,64.91,17,1,57,14,1103.47,945.88,157.59,1,0,2024-01
1005345,2024-01-05,Electronics,North,Supplier B,WH-South,Standard,9,262.87,10,341.82,9,0,19,11,3076.38,2365.83,710.55,0,1,2024-01
1000133,2024-01-05,Home & Kitchen,West,Supplier E,WH-East,Standard,7,65.62,14,111.71,6,1,59,14,670.26,393.72,276.54,1,0,2024-01
1003886,2024-01-05,Electronics,South,Supplier D,WH-South,Standard,17,222.33,2,369.36,15,2,51,4,5540.4,3334.95,2205.45,1,1,2024-01
1000421,2024-01-05,Health & Beauty,South,Supplier A,WH-East,Standard,5,318.16,3,438.81,5,0,12,1,2194.05,1590.8,603.25,0,1,2024-01
1005282,2024-01-05,Home & Kitchen,North,Supplier B,WH-South,Express,14,143.41,3,198.63,14,0,26,2,2780.82,2007.74,773.08,0,1,2024-01
1005511,2024-01-06,Office Supplies,North,Supplier B,WH-South,Express,21,215.07,8,346.93,21,0,38,8,7285.53,4516.47,2769.06,0,0,2024-01
1005418,2024-01-06,Electronics,West,Supplier B,WH-East,Standard,19,436.45,16,613.03,18,1,36,17,11034.54,7856.1,3178.44,1,0,2024-01
1005502,2024-01-06,Apparel,North,Supplier A,WH-South,Standard,14,61.74,15,87.48,11,3,61,13,962.28,679.14,283.14,1,0,2024-01
1000952,2024-01-06,Electronics,South,Supplier B,WH-West,Standard,23,58.75,17,102.27,22,1,65,17,2249.94,1292.5,957.44,1,0,2024-01
1005224,2024-01-06,Home & Kitchen,North,Supplier A,WH-East,Standard,12,185.8,7,220.66,9,3,79,7,1985.94,1672.2,313.74,1,1,2024-01
1004518,2024-01-06,Home & Kitchen,North,Supplier E,WH-East,Express,24,123.53,4,151.8,23,1,24,2,3491.4,2841.19,650.21,1,1,2024-01
1005098,2024-01-06,Office Supplies,North,Supplier B,WH-North,Standard,22,259.02,16,353.32,21,1,70,16,7419.72,5439.42,1980.3,1,0,2024-01
1000883,2024-01-07,Electronics,East,Supplier B,WH-South,Standard,3,203.88,7,352.8,2,1,50,6,705.6,407.76,297.84,1,1,2024-01
1002347,2024-01-07,Electronics,West,Supplier D,WH-North,Standard,15,78.72,14,91.5,15,0,37,16,1372.5,1180.8,191.7,0,0,2024-01
1001835,2024-01-07,Apparel,West,Supplier A,WH-West,Standard,11,430.63,6,612.35,10,1,12,8,6123.5,4306.3,1817.2,1,1,2024-01
1005968,2024-01-07,Office Supplies,North,Supplier E,WH-West,Standard,11,285.93,14,399.37,11,0,14,15,4393.07,3145.23,1247.84,0,0,2024-01
1004363,2024-01-07,Home & Kitchen,West,Supplier C,WH-South,Express,9,148.03,17,212.93,9,0,58,17,1916.37,1332.27,584.1,0,0,2024-01
1003359,2024-01-07,Apparel,South,Supplier A,WH-West,Standard,16,337.41,14,509.33,16,0,11,13,8149.28,5398.56,2750.72,0,0,2024-01
1001252,2024-01-07,Home & Kitchen,North,Supplier D,WH-North,Express,11,303.33,3,501.37,11,0,64,3,5515.07,3336.63,2178.44,0,1,2024-01
1001619,2024-01-07,Apparel,South,Supplier A,WH-East,Standard,18,362.27,8,523.43,17,1,35,7,8898.31,6158.59,2739.72,1,1,2024-01
1004612,2024-01-07,Electronics,North,Supplier D,WH-West,Express,7,251.94,5,290.82,7,0,18,4,2035.74,1763.58,272.16,0,1,2024-01
1001688,2024-01-07,Apparel,South,Supplier C,WH-North,Express,17,184.61,17,292.19,16,1,56,17,4675.04,2953.76,1721.28,1,0,2024-01
1005886,2024-01-08,Office Supplies,South,Supplier E,WH-North,Express,18,306.95,3,443.92,16,2,56,3,7102.72,4911.2,2191.52,1,1,2024-01
1002012,2024-01-08,Apparel,East,Supplier C,WH-West,Standard,16,156.59,5,266.18,15,1,70,5,3992.7,2348.85,1643.85,1,1,2024-01
1002514,2024-01-08,Home & Kitchen,North,Supplier E,WH-North,Standard,13,392.34,11,548.6,11,2,14,10,6034.6,4315.74,1718.86,1,1,2024-01
1004930,2024-01-08,Office Supplies,South,Supplier C,WH-West,Express,15,274.66,16,474.0,13,2,21,17,6162.0,3570.58,2591.42,1,0,2024-01
1000694,2024-01-08,Office Supplies,East,Supplier A,WH-East,Express,14,53.61,12,91.64,14,0,78,10,1282.96,750.54,532.42,0,0,2024-01
1003163,2024-01-08,Apparel,East,Supplier C,WH-South,Standard,6,71.32,9,98.58,6,0,79,7,591.48,427.92,163.56,0,1,2024-01
1001228,2024-01-08,Home & Kitchen,South,Supplier D,WH-South,Standard,16,54.95,2,66.52,14,2,30,1,931.28,769.3,161.98,1,1,2024-01
1000863,2024-01-08,Electronics,West,Supplier A,WH-North,Standard,21,397.56,6,545.18,17,4,23,6,9268.06,6758.52,2509.54,1,1,2024-01
1005394,2024-01-08,Health & Beauty,West,Supplier C,WH-North,Express,22,225.89,16,371.03,22,0,41,17,8162.66,4969.58,3193.08,0,0,2024-01
1003958,2024-01-08,Electronics,North,Supplier D,WH-West,Standard,21,294.02,12,442.02,19,2,42,11,8398.38,5586.38,2812.0,1,1,2024-01
1002942,2024-01-08,Office Supplies,West,Supplier A,WH-West,Same Day,13,55.22,12,95.9,11,2,69,10,1054.9,607.42,447.48,1,0,2024-01
1000276,2024-01-09,Apparel,West,Supplier A,WH-North,Standard,11,142.99,15,192.58,11,0,18,15,2118.38,1572.89,545.49,0,0,2024-01
1005662,2024-01-09,Office Supplies,West,Supplier D,WH-West,Standard,1,129.97,4,187.48,1,0,34,4,187.48,129.97,57.51,0,1,2024-01
1000599,2024-01-09,Apparel,South,Supplier B,WH-North,Standard,22,194.11,9,319.31,21,1,69,7,6705.51,4076.31,2629.2,1,1,2024-01
1001819,2024-01-09,Home & Kitchen,South,Supplier E,WH-West,Standard,15,326.89,16,422.88,12,3,46,14,5074.56,3922.68,1151.88,1,0,2024-01
1000990,2024-01-10,Health & Beauty,North,Supplier C,WH-West,Standard,9,179.96,11,241.3,9,0,44,10,2171.7,1619.64,552.06,0,1,2024-01
1000719,2024-01-10,Home & Kitchen,West,Supplier A,WH-North,Standard,18,37.86,4,44.42,18,0,35,3,799.56,681.48,118.08,0,1,2024-01
1003993,2024-01-10,Electronics,North,Supplier D,WH-East,Same Day,18,211.04,7,358.92,17,1,71,5,6101.64,3587.68,2513.96,1,0,2024-01
1002170,2024-01-10,Electronics,South,Supplier B,WH-East,Standard,22,30.57,17,42.63,19,3,61,16,809.97,580.83,229.14,1,0,2024-01
1003631,2024-01-10,Office Supplies,South,Supplier C,WH-North,Standard,1,156.26,10,232.84,1,0,61,10,232.84,156.26,76.58,0,1,2024-01
1001943,2024-01-10,Office Supplies,North,Supplier B,WH-East,Standard,23,378.42,3,507.92,20,3,78,2,10158.4,7568.4,2590.0,1,1,2024-01
1004143,2024-01-10,Home & Kitchen,North,Supplier E,WH-South,Express,20,185.98,7,265.2,20,0,69,6,5304.0,3719.6,1584.4,0,0,2024-01
1005279,2024-01-10,Apparel,North,Supplier B,WH-South,Express,9,393.71,15,474.78,7,2,10,17,3323.46,2755.97,567.49,1,0,2024-01
1002499,2024-01-10,Electronics,North,Supplier E,WH-West,Standard,15,167.72,14,273.86,12,3,26,14,3286.32,2012.64,1273.68,1,0,2024-01
1002666,2024-01-10,Health & Beauty,North,Supplier E,WH-West,Standard,10,253.63,14,307.1,8,2,38,15,2456.8,2029.04,427.76,1,0,2024-01
1005010,2024-01-11,Electronics,South,Supplier C,WH-South,Same Day,7,345.43,14,543.21,5,2,29,15,2716.05,1727.15,988.9,1,0,2024-01
1001516,2024-01-11,Health & Beauty,West,Supplier E,WH-North,Express,19,392.77,3,561.21,17,2,51,5,9540.57,6677.09,2863.48,1,1,2024-01
1001100,2024-01-11,Home & Kitchen,South,Supplier B,WH-North,Standard,1,210.93,4,245.16,1,0,32,6,245.16,210.93,34.23,0,1,2024-01
1004570,2024-01-11,Apparel,West,Supplier B,WH-South,Standard,21,256.93,2,406.16,20,1,33,1,8123.2,5138.6,2984.6,1,1,2024-01
1001347,2024-01-11,Health & Beauty,West,Supplier C,WH-West,Standard,20,16.76,6,29.15,19,1,13,6,553.85,318.44,235.41,1,1,2024-01
1001779,2024-01-11,Home & Kitchen,East,Supplier A,WH-East,Express,6,370.62,12,602.04,6,0,25,11,3612.24,2223.72,1388.52,0,0,2024-01
1002282,2024-01-12,Apparel,North,Supplier E,WH-West,Standard,24,366.26,10,450.53,20,4,18,9,9010.6,7325.2,1685.4,1,1,2024-01
1003651,2024-01-12,Office Supplies,North,Supplier A,WH-East,Same Day,12,28.08,14,38.21,11,1,21,15,420.31,308.88,111.43,1,0,2024-01
1001847,2024-01-12,Apparel,South,Supplier D,WH-West,Standard,16,164.64,13,239.0,16,0,39,11,3824.0,2634.24,1189.76,0,1,2024-01
1002099,2024-01-12,Office Supplies,East,Supplier A,WH-West,Express,13,389.89,12,664.93,12,1,54,11,7979.16,4678.68,3300.48,1,0,2024-01
1001401,2024-01-12,Apparel,South,Supplier B,WH-East,Express,22,345.43,5,546.98,20,2,42,4,10939.6,6908.6,4031.0,1,1,2024-01
1005762,2024-01-12,Apparel,South,Supplier E,WH-South,Standard,24,78.93,2,128.71,24,0,34,2,3089.04,1894.32,1194.72,0,1,2024-01
1000513,2024-01-12,Health & Beauty,East,Supplier B,WH-East,Same Day,18,46.45,9,76.55,18,0,36,10,1377.9,836.1,541.8,0,0,2024-01
1002681,2024-01-12,Home & Kitchen,West,Supplier C,WH-South,Express,7,122.34,3,183.69,7,0,35,1,1285.83,856.38,429.45,0,1,2024-01
1000688,2024-01-12,Electronics,East,Supplier C,WH-East,Standard,6,53.01,17,88.16,6,0,60,17,528.96,318.06,210.9,0,0,2024-01
1004243,2024-01-12,Electronics,West,Supplier A,WH-East,Standard,8,53.13,7,73.12,8,0,37,5,584.96,425.04,159.92,0,1,2024-01
1005606,2024-01-12,Apparel,East,Supplier B,WH-West,Standard,18,77.64,13,115.12,18,0,56,14,2072.16,1397.52,674.64,0,0,2024-01
1003806,2024-01-12,Electronics,North,Supplier D,WH-North,Standard,7,362.57,10,509.05,7,0,31,12,3563.35,2537.99,1025.36,0,1,2024-01
1002378,2024-01-12,Office Supplies,North,Supplier C,WH-East,Standard,23,427.48,15,694.55,20,3,13,15,13891.0,8549.6,5341.4,1,0,2024-01
1001987,2024-01-12,Health & Beauty,East,Supplier A,WH-West,Standard,23,30.52,9,48.11,20,3,26,11,962.2,610.4,351.8,1,1,2024-01
1005728,2024-01-12,Health & Beauty,East,Supplier B,WH-West,Standard,18,130.91,15,170.31,17,1,20,13,2895.27,2225.47,669.8,1,0,2024-01
1002334,2024-01-12,Apparel,West,Supplier E,WH-South,Standard,7,8.07,15,13.29,7,0,27,15,93.03,56.49,36.54,0,0,2024-01
1004924,2024-01-13,Home & Kitchen,East,Supplier A,WH-South,Express,19,318.45,6,459.46,18,1,20,7,8270.28,5732.1,2538.18,1,0,2024-01
1004996,2024-01-13,Home & Kitchen,North,Supplier B,WH-East,Express,1,352.58,16,533.51,1,0,24,18,533.51,352.58,180.93,0,0,2024-01
1003725,2024-01-13,Apparel,East,Supplier B,WH-West,Standard,22,348.79,7,598.18,20,2,69,9,11963.6,6975.8,4987.8,1,1,2024-01
1005150,2024-01-13,Home & Kitchen,West,Supplier C,WH-South,Express,14,426.55,6,574.6,12,2,19,5,6895.2,5118.6,1776.6,1,1,2024-01
1005435,2024-01-13,Home & Kitchen,East,Supplier C,WH-North,Standard,2,142.45,2,204.2,1,1,31,2,204.2,142.45,61.75,1,1,2024-01
1003519,2024-01-13,Office Supplies,West,Supplier D,WH-South,Standard,9,448.61,4,554.26,8,1,12,5,4434.08,3588.88,845.2,1,1,2024-01
1003701,2024-01-13,Electronics,South,Supplier B,WH-South,Standard,20,157.62,16,231.69,20,0,76,17,4633.8,3152.4,1481.4,0,0,2024-01
1003600,2024-01-13,Home & Kitchen,East,Supplier E,WH-South,Express,7,185.01,14,224.19,7,0,69,15,1569.33,1295.07,274.26,0,0,2024-01
1002455,2024-01-13,Home & Kitchen,North,Supplier D,WH-West,Standard,2,64.6,13,88.13,2,0,55,11,176.26,129.2,47.06,0,1,2024-01
1002673,2024-01-13,Office Supplies,East,Supplier C,WH-South,Standard,15,177.81,17,227.42,13,2,79,19,2956.46,2311.53,644.93,1,0,2024-01
1000994,2024-01-13,Electronics,North,Supplier A,WH-East,Standard,10,269.64,5,361.81,10,0,26,3,3618.1,2696.4,921.7,0,1,2024-01
1003638,2024-01-14,Apparel,South,Supplier C,WH-West,Standard,11,378.71,14,521.67,10,1,43,16,5216.7,3787.1,1429.6,1,0,2024-01
1001924,2024-01-14,Electronics,North,Supplier A,WH-South,Standard,11,230.91,12,269.84,10,1,47,12,2698.4,2309.1,389.3,1,1,2024-01
1001846,2024-01-14,Office Supplies,South,Supplier C,WH-West,Same Day,12,146.87,10,222.3,11,1,56,10,2445.3,1615.57,829.73,1,0,2024-01
1002683,2024-01-14,Electronics,North,Supplier C,WH-South,Standard,9,107.89,10,172.9,9,0,71,11,1556.1,971.01,585.09,0,1,2024-01
1004877,2024-01-14,Office Supplies,North,Supplier B,WH-West,Standard,15,215.93,3,303.51,15,0,55,5,4552.65,3238.95,1313.7,0,1,2024-01
1000054,2024-01-14,Apparel,South,Supplier E,WH-South,Standard,19,151.17,6,225.28,17,2,63,8,3829.76,2569.89,1259.87,1,1,2024-01
1000139,2024-01-15,Electronics,East,Supplier D,WH-North,Standard,15,314.52,9,538.75,14,1,26,9,7542.5,4403.28,3139.22,1,1,2024-01
1000890,2024-01-15,Home & Kitchen,West,Supplier C,WH-East,Standard,21,245.95,10,311.71,17,4,71,8,5299.07,4181.15,1117.92,1,1,2024-01
1001084,2024-01-15,Office Supplies,West,Supplier A,WH-South,Standard,2,275.34,16,457.25,2,0,59,14,914.5,550.68,363.82,0,0,2024-01
1001060,2024-01-15,Office Supplies,North,Supplier D,WH-East,Standard,5,27.87,7,46.74,5,0,76,5,233.7,139.35,94.35,0,1,2024-01
1003894,2024-01-15,Electronics,South,Supplier D,WH-North,Standard,14,305.38,7,445.76,11,3,41,6,4903.36,3359.18,1544.18,1,1,2024-01
1000098,2024-01-15,Apparel,North,Supplier C,WH-West,Standard,24,206.48,10,348.96,21,3,76,10,7328.16,4336.08,2992.08,1,1,2024-01
1001423,2024-01-16,Electronics,South,Supplier A,WH-West,Standard,9,35.39,17,47.04,9,0,44,16,423.36,318.51,104.85,0,0,2024-01
1003139,2024-01-16,Home & Kitchen,South,Supplier B,WH-East,Standard,14,203.96,8,337.55,13,1,17,10,4388.15,2651.48,1736.67,1,1,2024-01
1001463,2024-01-16,Apparel,West,Supplier B,WH-South,Standard,23,71.62,16,95.15,21,2,73,16,1998.15,1504.02,494.13,1,0,2024-01
1005697,2024-01-16,Apparel,South,Supplier B,WH-East,Standard,2,245.32,12,398.11,2,0,39,12,796.22,490.64,305.58,0,1,2024-01
1000491,2024-01-16,Apparel,East,Supplier D,WH-West,Standard,15,40.95,15,65.71,13,2,15,14,854.23,532.35,321.88,1,0,2024-01
1002978,2024-01-16,Electronics,North,Supplier A,WH-West,Express,4,317.2,4,417.48,4,0,11,5,1669.92,1268.8,401.12,0,1,2024-01
1004014,2024-01-17,Electronics,South,Supplier E,WH-South,Express,11,276.88,10,393.92,11,0,41,10,4333.12,3045.68,1287.44,0,0,2024-01
1004290,2024-01-17,Electronics,North,Supplier B,WH-South,Express,22,298.01,6,443.32,21,1,72,5,9309.72,6258.21,3051.51,1,1,2024-01
1000341,2024-01-17,Home & Kitchen,South,Supplier D,WH-North,Standard,9,416.47,10,720.16,7,2,47,11,5041.12,2915.29,2125.83,1,1,2024-01
1002489,2024-01-17,Office Supplies,East,Supplier A,WH-West,Standard,10,401.96,3,519.66,10,0,41,5,5196.6,4019.6,1177.0,0,1,2024-01
1003775,2024-01-17,Office Supplies,East,Supplier A,WH-East,Standard,11,320.49,3,414.87,8,3,47,2,3318.96,2563.92,755.04,1,1,2024-01
1002525,2024-01-17,Office Supplies,East,Supplier D,WH-East,Standard,18,255.09,5,389.14,18,0,51,5,7004.52,4591.62,2412.9,0,1,2024-01
1001670,2024-01-17,Electronics,East,Supplier B,WH-North,Same Day,6,70.88,7,89.63,5,1,51,9,448.15,354.4,93.75,1,0,2024-01
1001397,2024-01-17,Home & Kitchen,South,Supplier A,WH-West,Standard,4,101.6,14,154.37,4,0,67,15,617.48,406.4,211.08,0,0,2024-01
1001377,2024-01-17,Electronics,West,Supplier C,WH-West,Same Day,13,251.73,9,359.18,13,0,25,9,4669.34,3272.49,1396.85,0,0,2024-01
1001315,2024-01-17,Apparel,South,Supplier C,WH-East,Standard,10,65.68,6,109.41,9,1,28,6,984.69,591.12,393.57,1,1,2024-01
1004606,2024-01-17,Office Supplies,North,Supplier A,WH-East,Standard,5,155.81,16,257.7,5,0,77,16,1288.5,779.05,509.45,0,0,2024-01
1005609,2024-01-17,Office Supplies,West,Supplier A,WH-West,Standard,23,257.71,6,396.32,19,4,57,6,7530.08,4896.49,2633.59,1,1,2024-01
1001644,2024-01-17,Home & Kitchen,West,Supplier A,WH-East,Standard,2,30.16,5,37.39,2,0,22,7,74.78,60.32,14.46,0,1,2024-01
1001205,2024-01-18,Electronics,South,Supplier A,WH-West,Standard,3,435.45,9,723.73,3,0,38,9,2171.19,1306.35,864.84,0,1,2024-01
1005061,2024-01-18,Electronics,North,Supplier B,WH-South,Standard,3,126.23,8,204.27,3,0,49,6,612.81,378.69,234.12,0,1,2024-01
1000366,2024-01-18,Electronics,West,Supplier D,WH-East,Express,22,62.22,13,94.91,21,1,24,12,1993.11,1306.62,686.49,1,0,2024-01
1004553,2024-01-18,Apparel,East,Supplier C,WH-West,Standard,20,193.88,2,303.88,20,0,15,2,6077.6,3877.6,2200.0,0,1,2024-01
1002063,2024-01-19,Home & Kitchen,East,Supplier C,WH-South,Express,16,140.02,10,232.11,15,1,56,8,3481.65,2100.3,1381.35,1,0,2024-01
1003254,2024-01-19,Apparel,East,Supplier D,WH-West,Standard,22,429.41,8,703.75,21,1,29,7,14778.75,9017.61,5761.14,1,1,2024-01
1002738,2024-01-19,Home & Kitchen,East,Supplier E,WH-North,Express,15,314.0,10,547.05,12,3,56,10,6564.6,3768.0,2796.6,1,0,2024-01
1004854,2024-01-19,Office Supplies,West,Supplier C,WH-South,Standard,6,290.74,6,393.58,6,0,19,6,2361.48,1744.44,617.04,0,1,2024-01
1003544,2024-01-19,Office Supplies,West,Supplier B,WH-South,Express,11,141.51,9,217.34,10,1,26,10,2173.4,1415.1,758.3,1,0,2024-01
1004260,2024-01-19,Electronics,East,Supplier A,WH-South,Standard,3,93.47,14,144.11,3,0,52,14,432.33,280.41,151.92,0,0,2024-01
1003941,2024-01-19,Apparel,East,Supplier D,WH-West,Standard,18,113.22,6,183.71,18,0,32,8,3306.78,2037.96,1268.82,0,1,2024-01
1001204,2024-01-19,Apparel,East,Supplier E,WH-West,Express,7,304.59,11,440.62,7,0,76,10,3084.34,2132.13,952.21,0,0,2024-01
1000560,2024-01-19,Apparel,North,Supplier E,WH-East,Standard,7,107.08,17,181.87,6,1,45,16,1091.22,642.48,448.74,1,0,2024-01
1005439,2024-01-19,Apparel,South,Supplier B,WH-North,Express,16,193.14,15,264.1,13,3,15,15,3433.3,2510.82,922.48,1,0,2024-01
1002642,2024-01-19,Home & Kitchen,East,Supplier E,WH-South,Standard,17,403.24,13,519.73,16,1,48,14,8315.68,6451.84,1863.84,1,0,2024-01
1004588,2024-01-19,Office Supplies,East,Supplier D,WH-East,Express,19,80.87,8,113.1,18,1,28,9,2035.8,1455.66,580.14,1,0,2024-01
1001976,2024-01-20,Apparel,North,Supplier D,WH-East,Standard,1,340.91,9,466.81,1,0,72,8,466.81,340.91,125.9,0,1,2024-01
1002708,2024-01-20,Office Supplies,South,Supplier E,WH-West,Express,7,206.22,10,355.67,7,0,42,8,2489.69,1443.54,1046.15,0,0,2024-01
1002698,2024-01-20,Health & Beauty,North,Supplier D,WH-North,Same Day,17,46.83,13,72.23,16,1,30,14,1155.68,749.28,406.4,1,0,2024-01
1003481,2024-01-20,Home & Kitchen,West,Supplier D,WH-South,Same Day,7,296.19,3,507.9,5,2,21,2,2539.5,1480.95,1058.55,1,1,2024-01
1001543,2024-01-20,Home & Kitchen,South,Supplier D,WH-West,Express,18,214.19,8,372.18,18,0,42,7,6699.24,3855.42,2843.82,0,0,2024-01
1000391,2024-01-20,Electronics,East,Supplier D,WH-East,Standard,15,410.53,16,671.43,15,0,64,16,10071.45,6157.95,3913.5,0,0,2024-01
1004322,2024-01-20,Electronics,North,Supplier C,WH-North,Standard,12,275.68,14,451.54,12,0,61,14,5418.48,3308.16,2110.32,0,0,2024-01
1002688,2024-01-20,Health & Beauty,East,Supplier B,WH-North,Standard,23,264.28,4,340.3,22,1,57,6,7486.6,5814.16,1672.44,1,1,2024-01
1005921,2024-01-20,Home & Kitchen,West,Supplier C,WH-East,Express,6,26.11,16,34.42,6,0,37,15,206.52,156.66,49.86,0,0,2024-01
1004485,2024-01-21,Health & Beauty,East,Supplier D,WH-East,Standard,13,297.92,11,484.69,12,1,32,13,5816.28,3575.04,2241.24,1,0,2024-01
1002110,2024-01-21,Apparel,North,Supplier A,WH-East,Express,4,287.83,4,336.91,4,0,29,4,1347.64,1151.32,196.32,0,1,2024-01
1001717,2024-01-21,Home & Kitchen,North,Supplier A,WH-West,Express,20,20.86,8,28.62,18,2,58,8,515.16,375.48,139.68,1,0,2024-01
1002848,2024-01-21,Electronics,East,Supplier A,WH-North,Standard,11,248.52,17,353.27,9,2,43,18,3179.43,2236.68,942.75,1,0,2024-01
1002483,2024-01-21,Home & Kitchen,South,Supplier C,WH-North,Standard,16,438.18,11,565.83,12,4,77,12,6789.96,5258.16,1531.8,1,1,2024-01
1005634,2024-01-21,Electronics,East,Supplier C,WH-North,Same Day,9,187.27,4,253.65,7,2,19,4,1775.55,1310.89,464.66,1,0,2024-01
1001908,2024-01-21,Home & Kitchen,West,Supplier C,WH-East,Standard,21,61.05,4,76.34,19,2,25,6,1450.46,1159.95,290.51,1,1,2024-01
1000007,2024-01-21,Electronics,South,Supplier D,WH-West,Express,11,107.02,5,166.18,11,0,18,6,1827.98,1177.22,650.76,0,0,2024-01
1000048,2024-01-21,Apparel,South,Supplier D,WH-South,Standard,22,207.02,13,322.98,19,3,58,14,6136.62,3933.38,2203.24,1,0,2024-01
1005390,2024-01-22,Apparel,North,Supplier D,WH-South,Express,10,33.55,10,54.52,10,0,45,8,545.2,335.5,209.7,0,0,2024-01
1000030,2024-01-22,Electronics,West,Supplier C,WH-West,Express,2,141.37,9,200.46,2,0,60,9,400.92,282.74,118.18,0,0,2024-01
1003526,2024-01-22,Home & Kitchen,West,Supplier E,WH-South,Standard,1,424.96,2,518.87,1,0,66,2,518.87,424.96,93.91,0,1,2024-01
1004229,2024-01-22,Health & Beauty,North,Supplier A,WH-South,Standard,22,350.17,10,421.81,22,0,64,10,9279.82,7703.74,1576.08,0,1,2024-01
1002886,2024-01-22,Home & Kitchen,South,Supplier C,WH-West,Standard,24,305.11,10,429.95,22,2,44,11,9458.9,6712.42,2746.48,1,1,2024-01
1000320,2024-01-22,Electronics,North,Supplier E,WH-West,Express,13,124.89,12,174.57,12,1,29,10,2094.84,1498.68,596.16,1,0,2024-01
1001674,2024-01-22,Apparel,West,Supplier D,WH-North,Express,4,150.85,5,173.89,4,0,31,5,695.56,603.4,92.16,0,1,2024-01
1004314,2024-01-22,Apparel,North,Supplier B,WH-North,Standard,1,215.88,10,265.53,1,0,35,9,265.53,215.88,49.65,0,1,2024-01
1004129,2024-01-22,Apparel,South,Supplier C,WH-North,Standard,1,278.56,2,444.55,1,0,37,4,444.55,278.56,165.99,0,1,2024-01
1001710,2024-01-22,Electronics,North,Supplier C,WH-North,Standard,19,90.66,10,155.55,15,4,43,8,2333.25,1359.9,973.35,1,1,2024-01
1005803,2024-01-22,Health & Beauty,East,Supplier A,WH-North,Standard,17,352.85,12,616.96,15,2,36,12,9254.4,5292.75,3961.65,1,1,2024-01
1001841,2024-01-22,Home & Kitchen,West,Supplier A,WH-East,Standard,24,403.56,13,600.24,22,2,65,15,13205.28,8878.32,4326.96,1,0,2024-01
1003643,2024-01-22,Home & Kitchen,West,Supplier A,WH-West,Standard,13,140.88,3,182.89,12,1,49,2,2194.68,1690.56,504.12,1,1,2024-01
1001105,2024-01-23,Apparel,East,Supplier B,WH-West,Standard,13,182.67,7,229.83,11,2,75,5,2528.13,2009.37,518.76,1,1,2024-01
1003347,2024-01-23,Home & Kitchen,North,Supplier B,WH-North,Standard,13,336.48,14,400.6,12,1,18,16,4807.2,4037.76,769.44,1,0,2024-01
1003627,2024-01-23,Apparel,West,Supplier C,WH-East,Standard,11,325.11,13,467.75,11,0,37,14,5145.25,3576.21,1569.04,0,0,2024-01
1003698,2024-01-23,Home & Kitchen,East,Supplier C,WH-South,Standard,5,39.81,13,46.4,5,0,10,14,232.0,199.05,32.95,0,0,2024-01
1002643,2024-01-23,Home & Kitchen,East,Supplier C,WH-South,Express,15,136.13,3,157.93,13,2,13,3,2053.09,1769.69,283.4,1,1,2024-01
1000481,2024-01-23,Electronics,North,Supplier B,WH-West,Standard,24,352.66,16,415.04,21,3,43,18,8715.84,7405.86,1309.98,1,0,2024-01
1000746,2024-01-23,Apparel,East,Supplier A,WH-West,Same Day,18,145.52,12,191.39,18,0,53,10,3445.02,2619.36,825.66,0,0,2024-01
1001042,2024-01-23,Health & Beauty,South,Supplier A,WH-North,Standard,22,187.69,2,301.91,20,2,56,1,6038.2,3753.8,2284.4,1,1,2024-01
1001880,2024-01-24,Electronics,South,Supplier A,WH-North,Standard,14,20.03,10,34.16,12,2,40,8,409.92,240.36,169.56,1,1,2024-01
1005322,2024-01-25,Electronics,West,Supplier C,WH-North,Standard,10,389.99,9,617.28,9,1,28,9,5555.52,3509.91,2045.61,1,1,2024-01
1005563,2024-01-25,Office Supplies,North,Supplier A,WH-East,Standard,24,215.07,3,309.23,23,1,61,2,7112.29,4946.61,2165.68,1,1,2024-01
1004628,2024-01-25,Electronics,East,Supplier E,WH-South,Express,21,299.82,13,511.08,20,1,10,11,10221.6,5996.4,4225.2,1,0,2024-01
1001165,2024-01-25,Electronics,East,Supplier A,WH-North,Standard,22,222.98,10,386.03,19,3,37,10,7334.57,4236.62,3097.95,1,1,2024-01
1005554,2024-01-25,Office Supplies,West,Supplier E,WH-West,Standard,2,339.79,10,425.48,2,0,33,9,850.96,679.58,171.38,0,1,2024-01
1003555,2024-01-25,Electronics,East,Supplier C,WH-South,Standard,20,175.11,6,218.42,19,1,55,5,4149.98,3327.09,822.89,1,1,2024-01
1003860,2024-01-25,Electronics,West,Supplier A,WH-South,Express,17,313.76,10,408.85,16,1,14,8,6541.6,5020.16,1521.44,1,0,2024-01
1004358,2024-01-25,Office Supplies,North,Supplier C,WH-South,Standard,7,375.94,5,472.51,7,0,47,6,3307.57,2631.58,675.99,0,1,2024-01
1001383,2024-01-25,Home & Kitchen,North,Supplier C,WH-East,Standard,13,102.27,3,137.78,11,2,47,4,1515.58,1124.97,390.61,1,1,2024-01
1000578,2024-01-25,Health & Beauty,East,Supplier B,WH-East,Express,4,216.73,10,272.41,4,0,77,10,1089.64,866.92,222.72,0,0,2024-01
1002369,2024-01-25,Health & Beauty,East,Supplier C,WH-East,Express,21,195.25,15,250.06,20,1,64,17,5001.2,3905.0,1096.2,1,0,2024-01
1000906,2024-01-25,Health & Beauty,West,Supplier C,WH-East,Standard,23,90.47,6,148.68,17,6,18,5,2527.56,1537.99,989.57,1,1,2024-01
1005423,2024-01-26,Home & Kitchen,South,Supplier E,WH-East,Standard,6,248.68,2,327.93,5,1,77,4,1639.65,1243.4,396.25,1,1,2024-01
1005917,2024-01-26,Home & Kitchen,South,Supplier C,WH-North,Standard,2,395.38,14,656.27,2,0,66,12,1312.54,790.76,521.78,0,1,2024-01
1003175,2024-01-26,Electronics,East,Supplier C,WH-North,Standard,3,405.01,9,470.58,3,0,46,9,1411.74,1215.03,196.71,0,1,2024-01
1000966,2024-01-26,Home & Kitchen,East,Supplier B,WH-West,Express,22,367.76,4,643.15,19,3,23,4,12219.85,6987.44,5232.41,1,1,2024-01
1002923,2024-01-26,Electronics,North,Supplier E,WH-South,Standard,17,329.86,11,541.46,15,2,67,13,8121.9,4947.9,3174.0,1,0,2024-01
1003859,2024-01-26,Health & Beauty,North,Supplier E,WH-East,Standard,8,174.08,17,251.26,8,0,29,15,2010.08,1392.64,617.44,0,0,2024-01
1000861,2024-01-26,Office Supplies,North,Supplier B,WH-West,Standard,15,448.26,4,547.18,13,2,41,4,7113.34,5827.38,1285.96,1,1,2024-01
1002168,2024-01-26,Home & Kitchen,North,Supplier B,WH-East,Express,22,251.88,6,314.18,22,0,20,4,6911.96,5541.36,1370.6,0,1,2024-01
1001742,2024-01-27,Office Supplies,West,Supplier D,WH-South,Express,23,175.19,4,295.26,23,0,15,4,6790.98,4029.37,2761.61,0,1,2024-01
1005637,2024-01-27,Home & Kitchen,South,Supplier B,WH-North,Express,7,345.86,6,514.59,5,2,70,5,2572.95,1729.3,843.65,1,1,2024-01
1003610,2024-01-27,Office Supplies,North,Supplier D,WH-South,Standard,11,369.63,15,519.14,11,0,13,15,5710.54,4065.93,1644.61,0,0,2024-01
1004810,2024-01-27,Apparel,North,Supplier A,WH-West,Express,1,294.24,7,454.34,1,0,31,9,454.34,294.24,160.1,0,0,2024-01
1001323,2024-01-27,Home & Kitchen,South,Supplier C,WH-North,Express,10,309.07,16,457.51,10,0,47,17,4575.1,3090.7,1484.4,0,0,2024-01
1000328,2024-01-27,Apparel,South,Supplier B,WH-East,Standard,20,12.88,10,15.67,17,3,56,9,266.39,218.96,47.43,1,1,2024-01
1005227,2024-01-28,Home & Kitchen,North,Supplier B,WH-North,Express,1,71.48,3,105.59,1,0,52,5,105.59,71.48,34.11,0,1,2024-01
1003743,2024-01-28,Apparel,East,Supplier A,WH-North,Standard,8,130.47,9,180.85,8,0,68,9,1446.8,1043.76,403.04,0,1,2024-01
1000117,2024-01-28,Electronics,West,Supplier A,WH-West,Standard,6,449.47,7,597.15,6,0,18,7,3582.9,2696.82,886.08,0,1,2024-01
1000874,2024-01-28,Electronics,South,Supplier E,WH-West,Standard,18,164.03,15,213.84,17,1,69,16,3635.28,2788.51,846.77,1,0,2024-01
1001930,2024-01-28,Electronics,East,Supplier E,WH-South,Standard,14,114.14,10,154.94,12,2,14,11,1859.28,1369.68,489.6,1,1,2024-01
1002872,2024-01-28,Health & Beauty,West,Supplier A,WH-East,Standard,10,328.74,10,490.72,9,1,57,12,4416.48,2958.66,1457.82,1,1,2024-01
1000164,2024-01-28,Electronics,West,Supplier C,WH-West,Standard,3,176.66,13,280.91,3,0,57,13,842.73,529.98,312.75,0,0,2024-01
1000894,2024-01-28,Home & Kitchen,East,Supplier D,WH-West,Standard,4,266.4,8,388.38,3,1,33,6,1165.14,799.2,365.94,1,1,2024-01
1002497,2024-01-29,Office Supplies,East,Supplier D,WH-North,Standard,8,387.52,11,475.9,8,0,32,9,3807.2,3100.16,707.04,0,1,2024-01
1004280,2024-01-29,Office Supplies,West,Supplier C,WH-South,Standard,5,140.59,12,234.67,4,1,73,11,938.68,562.36,376.32,1,1,2024-01
1005887,2024-01-29,Electronics,East,Supplier E,WH-South,Standard,11,27.44,12,39.85,10,1,77,12,398.5,274.4,124.1,1,1,2024-01
1001304,2024-01-29,Electronics,South,Supplier A,WH-South,Standard,3,436.51,8,515.37,3,0,60,8,1546.11,1309.53,236.58,0,1,2024-01
1001126,2024-01-29,Apparel,East,Supplier B,WH-West,Express,15,139.72,14,175.29,14,1,62,16,2454.06,1956.08,497.98,1,0,2024-01
1004931,2024-01-29,Electronics,West,Supplier B,WH-South,Standard,3,385.79,12,495.97,2,1,71,14,991.94,771.58,220.36,1,0,2024-01
1000613,2024-01-29,Office Supplies,South,Supplier C,WH-West,Standard,16,309.93,6,391.76,16,0,71,6,6268.16,4958.88,1309.28,0,1,2024-01
1001478,2024-01-29,Electronics,East,Supplier C,WH-North,Express,4,14.5,13,20.71,3,1,43,15,62.13,43.5,18.63,1,0,2024-01
1001344,2024-01-29,Health & Beauty,North,Supplier D,WH-West,Standard,7,82.06,3,124.88,5,2,71,2,624.4,410.3,214.1,1,1,2024-01
1001689,2024-01-29,Apparel,South,Supplier E,WH-West,Standard,6,193.92,14,237.19,6,0,23,14,1423.14,1163.52,259.62,0,0,2024-01
1002645,2024-01-30,Home & Kitchen,South,Supplier D,WH-West,Standard,15,448.3,11,595.44,15,0,61,9,8931.6,6724.5,2207.1,0,1,2024-01
1005735,2024-01-30,Home & Kitchen,West,Supplier A,WH-West,Express,3,336.97,11,405.14,2,1,53,12,810.28,673.94,136.34,1,0,2024-01
1005548,2024-01-30,Electronics,West,Supplier A,WH-West,Same Day,6,16.49,4,27.96,6,0,13,5,167.76,98.94,68.82,0,0,2024-01
1005360,2024-01-30,Home & Kitchen,East,Supplier C,WH-West,Standard,7,75.83,5,129.15,6,1,36,5,774.9,454.98,319.92,1,1,2024-01
1003644,2024-01-30,Apparel,East,Supplier B,WH-South,Standard,14,123.16,4,207.51,13,1,65,4,2697.63,1601.08,1096.55,1,1,2024-01
1003338,2024-01-30,Apparel,East,Supplier B,WH-West,Standard,4,384.65,2,522.49,4,0,51,1,2089.96,1538.6,551.36,0,1,2024-01
1005645,2024-01-30,Office Supplies,South,Supplier A,WH-South,Standard,7,399.82,8,683.2,5,2,59,10,3416.0,1999.1,1416.9,1,1,2024-01
1003624,2024-01-31,Health & Beauty,West,Supplier E,WH-East,Standard,21,29.8,6,43.21,19,2,32,5,820.99,566.2,254.79,1,1,2024-01
1005008,2024-01-31,Apparel,North,Supplier E,WH-East,Standard,7,211.87,7,310.29,7,0,70,6,2172.03,1483.09,688.94,0,1,2024-01
1003383,2024-01-31,Electronics,South,Supplier A,WH-South,Standard,21,272.34,4,314.67,16,5,38,4,5034.72,4357.44,677.28,1,1,2024-01
1001622,2024-01-31,Electronics,West,Supplier D,WH-South,Standard,7,148.2,2,232.26,6,1,47,1,1393.56,889.2,504.36,1,1,2024-01
1003729,2024-01-31,Office Supplies,West,Supplier C,WH-North,Standard,8,195.18,5,236.59,7,1,61,6,1656.13,1366.26,289.87,1,1,2024-01
1002905,2024-02-01,Home & Kitchen,South,Supplier D,WH-West,Standard,14,443.93,3,729.96,13,1,48,4,9489.48,5771.09,3718.39,1,1,2024-02
1001195,2024-02-01,Health & Beauty,West,Supplier A,WH-East,Express,8,146.81,3,238.8,8,0,18,3,1910.4,1174.48,735.92,0,1,2024-02
1004136,2024-02-01,Home & Kitchen,South,Supplier A,WH-West,Express,7,407.91,11,640.79,6,1,56,13,3844.74,2447.46,1397.28,1,0,2024-02
1005044,2024-02-01,Health & Beauty,East,Supplier C,WH-North,Standard,9,29.47,4,45.2,9,0,39,5,406.8,265.23,141.57,0,1,2024-02
1001690,2024-02-02,Electronics,North,Supplier B,WH-West,Standard,12,220.02,6,342.57,11,1,12,7,3768.27,2420.22,1348.05,1,1,2024-02
1004256,2024-02-02,Electronics,North,Supplier C,WH-East,Express,19,292.56,15,337.22,18,1,20,16,6069.96,5266.08,803.88,1,0,2024-02
1003802,2024-02-02,Electronics,North,Supplier A,WH-North,Standard,18,193.18,14,258.03,18,0,48,12,4644.54,3477.24,1167.3,0,1,2024-02
1000315,2024-02-02,Apparel,East,Supplier D,WH-East,Standard,15,260.04,16,450.47,12,3,56,18,5405.64,3120.48,2285.16,1,0,2024-02
1000120,2024-02-02,Health & Beauty,South,Supplier E,WH-West,Express,6,76.28,6,91.66,6,0,75,7,549.96,457.68,92.28,0,0,2024-02
1000917,2024-02-03,Office Supplies,West,Supplier E,WH-East,Standard,2,53.61,13,77.66,2,0,28,14,155.32,107.22,48.1,0,0,2024-02
1000763,2024-02-03,Office Supplies,South,Supplier D,WH-North,Standard,11,144.99,8,207.96,10,1,29,10,2079.6,1449.9,629.7,1,1,2024-02
1001314,2024-02-03,Apparel,South,Supplier E,WH-North,Standard,4,318.5,8,390.25,4,0,57,7,1561.0,1274.0,287.0,0,1,2024-02
1005648,2024-02-03,Electronics,South,Supplier A,WH-North,Standard,16,87.62,16,111.36,15,1,52,14,1670.4,1314.3,356.1,1,0,2024-02
1001872,2024-02-04,Office Supplies,West,Supplier A,WH-West,Standard,16,172.92,14,270.37,16,0,43,14,4325.92,2766.72,1559.2,0,0,2024-02
1000518,2024-02-04,Home & Kitchen,East,Supplier B,WH-North,Express,11,361.38,7,613.28,10,1,33,7,6132.8,3613.8,2519.0,1,0,2024-02
1003410,2024-02-04,Health & Beauty,South,Supplier B,WH-South,Same Day,17,209.78,15,304.06,16,1,50,15,4864.96,3356.48,1508.48,1,0,2024-02
1003158,2024-02-04,Electronics,East,Supplier D,WH-North,Standard,10,298.0,9,401.62,9,1,38,9,3614.58,2682.0,932.58,1,1,2024-02
1000064,2024-02-04,Health & Beauty,West,Supplier A,WH-West,Express,18,324.62,5,545.98,17,1,69,4,9281.66,5518.54,3763.12,1,1,2024-02
1003145,2024-02-04,Electronics,North,Supplier B,WH-West,Standard,2,114.58,16,196.0,2,0,65,15,392.0,229.16,162.84,0,0,2024-02
1001980,2024-02-04,Office Supplies,East,Supplier D,WH-North,Standard,21,60.74,8,98.53,19,2,47,10,1872.07,1154.06,718.01,1,1,2024-02
1002235,2024-02-05,Office Supplies,South,Supplier D,WH-South,Standard,24,223.83,11,305.09,22,2,11,13,6711.98,4924.26,1787.72,1,0,2024-02
1000389,2024-02-05,Electronics,North,Supplier E,WH-North,Standard,10,340.7,15,531.73,10,0,66,15,5317.3,3407.0,1910.3,0,0,2024-02
1000153,2024-02-05,Apparel,South,Supplier B,WH-South,Express,6,399.21,2,587.55,5,1,70,4,2937.75,1996.05,941.7,1,1,2024-02
1004997,2024-02-05,Apparel,North,Supplier A,WH-South,Express,9,143.28,10,227.55,8,1,52,9,1820.4,1146.24,674.16,1,0,2024-02
1005800,2024-02-05,Apparel,North,Supplier C,WH-South,Standard,19,246.34,7,310.05,17,2,30,7,5270.85,4187.78,1083.07,1,1,2024-02
1002154,2024-02-05,Apparel,West,Supplier A,WH-West,Standard,22,381.98,10,663.87,20,2,14,8,13277.4,7639.6,5637.8,1,1,2024-02
1001662,2024-02-06,Office Supplies,East,Supplier A,WH-South,Standard,16,230.88,8,302.82,14,2,68,8,4239.48,3232.32,1007.16,1,1,2024-02
1000350,2024-02-06,Apparel,East,Supplier E,WH-East,Express,4,203.34,8,270.68,4,0,69,10,1082.72,813.36,269.36,0,0,2024-02
1001582,2024-02-06,Home & Kitchen,South,Supplier C,WH-South,Standard,11,432.09,13,629.97,9,2,18,14,5669.73,3888.81,1780.92,1,0,2024-02
1000274,2024-02-06,Apparel,West,Supplier A,WH-East,Standard,3,167.13,8,267.91,3,0,75,8,803.73,501.39,302.34,0,1,2024-02
1000547,2024-02-06,Home & Kitchen,South,Supplier B,WH-North,Standard,8,375.49,12,526.63,7,1,29,10,3686.41,2628.43,1057.98,1,1,2024-02
1002705,2024-02-07,Home & Kitchen,South,Supplier B,WH-West,Standard,23,230.5,9,277.0,22,1,13,10,6094.0,5071.0,1023.0,1,1,2024-02
1000322,2024-02-07,Home & Kitchen,South,Supplier E,WH-East,Standard,23,144.34,10,222.14,21,2,14,12,4664.94,3031.14,1633.8,1,1,2024-02
1005055,2024-02-07,Home & Kitchen,South,Supplier A,WH-North,Express,23,84.64,4,130.35,23,0,13,3,2998.05,1946.72,1051.33,0,1,2024-02
1001576,2024-02-07,Health & Beauty,North,Supplier E,WH-North,Express,11,399.23,12,591.47,9,2,38,10,5323.23,3593.07,1730.16,1,0,2024-02
1004481,2024-02-07,Electronics,West,Supplier B,WH-South,Standard,4,26.06,4,39.31,4,0,51,5,157.24,104.24,53.0,0,1,2024-02
1004109,2024-02-07,Office Supplies,East,Supplier E,WH-South,Standard,19,80.79,4,129.54,18,1,71,4,2331.72,1454.22,877.5,1,1,2024-02
1001051,2024-02-08,Electronics,North,Supplier D,WH-South,Standard,7,356.11,2,493.03,6,1,40,1,2958.18,2136.66,821.52,1,1,2024-02
1000382,2024-02-08,Electronics,South,Supplier C,WH-South,Standard,21,281.25,5,431.66,19,2,50,4,8201.54,5343.75,2857.79,1,1,2024-02
1002147,2024-02-08,Electronics,South,Supplier A,WH-South,Express,13,184.26,4,283.58,12,1,19,3,3402.96,2211.12,1191.84,1,1,2024-02
1003964,2024-02-08,Apparel,South,Supplier D,WH-East,Standard,6,207.65,15,246.71,6,0,46,14,1480.26,1245.9,234.36,0,0,2024-02
1004399,2024-02-08,Health & Beauty,East,Supplier D,WH-North,Standard,11,129.55,17,215.44,10,1,52,18,2154.4,1295.5,858.9,1,0,2024-02
1004521,2024-02-08,Home & Kitchen,North,Supplier A,WH-South,Express,16,269.75,8,339.89,15,1,68,10,5098.35,4046.25,1052.1,1,0,2024-02
1000637,2024-02-08,Home & Kitchen,South,Supplier D,WH-East,Standard,15,53.06,13,62.09,13,2,29,13,807.17,689.78,117.39,1,0,2024-02
1002599,2024-02-08,Apparel,South,Supplier D,WH-North,Standard,2,250.84,9,418.85,1,1,36,9,418.85,250.84,168.01,1,1,2024-02
1000896,2024-02-08,Apparel,South,Supplier C,WH-South,Standard,17,438.15,7,676.18,16,1,36,5,10818.88,7010.4,3808.48,1,1,2024-02
1001998,2024-02-08,Office Supplies,East,Supplier D,WH-South,Standard,13,86.66,5,149.14,13,0,11,4,1938.82,1126.58,812.24,0,1,2024-02
1000585,2024-02-08,Apparel,South,Supplier E,WH-West,Standard,15,299.65,11,346.78,14,1,28,11,4854.92,4195.1,659.82,1,1,2024-02
1005770,2024-02-08,Health & Beauty,North,Supplier E,WH-North,Standard,6,245.32,5,383.8,6,0,11,5,2302.8,1471.92,830.88,0,1,2024-02
1001477,2024-02-08,Office Supplies,East,Supplier E,WH-North,Standard,10,132.21,11,189.52,10,0,56,12,1895.2,1322.1,573.1,0,1,2024-02
1001703,2024-02-08,Apparel,West,Supplier B,WH-South,Express,8,204.36,11,343.98,7,1,53,12,2407.86,1430.52,977.34,1,0,2024-02
1004991,2024-02-08,Apparel,North,Supplier D,WH-East,Express,3,103.24,15,173.76,3,0,32,15,521.28,309.72,211.56,0,0,2024-02
1001384,2024-02-08,Home & Kitchen,East,Supplier D,WH-South,Express,13,389.71,8,590.78,13,0,25,6,7680.14,5066.23,2613.91,0,0,2024-02
1001455,2024-02-08,Home & Kitchen,West,Supplier E,WH-North,Standard,15,99.56,2,155.45,13,2,73,2,2020.85,1294.28,726.57,1,1,2024-02
1002964,2024-02-09,Office Supplies,South,Supplier B,WH-North,Standard,9,262.58,15,362.17,9,0,44,15,3259.53,2363.22,896.31,0,0,2024-02
1001570,2024-02-09,Home & Kitchen,West,Supplier E,WH-South,Standard,7,423.64,9,688.0,7,0,79,7,4816.0,2965.48,1850.52,0,1,2024-02
1004677,2024-02-09,Health & Beauty,West,Supplier B,WH-East,Express,18,36.66,5,63.46,16,2,22,3,1015.36,586.56,428.8,1,1,2024-02
1005046,2024-02-09,Home & Kitchen,South,Supplier A,WH-South,Standard,19,73.35,2,85.74,18,1,42,3,1543.32,1320.3,223.02,1,1,2024-02
1004076,2024-02-09,Office Supplies,East,Supplier A,WH-East,Standard,20,290.84,2,469.94,19,1,52,3,8928.86,5525.96,3402.9,1,1,2024-02
1001596,2024-02-09,Home & Kitchen,South,Supplier A,WH-South,Standard,8,354.38,14,571.85,7,1,32,14,4002.95,2480.66,1522.29,1,0,2024-02
1004740,2024-02-09,Health & Beauty,West,Supplier E,WH-North,Express,10,164.94,9,208.9,10,0,53,7,2089.0,1649.4,439.6,0,0,2024-02
1001587,2024-02-09,Health & Beauty,West,Supplier A,WH-East,Standard,9,67.88,7,112.81,8,1,34,6,902.48,543.04,359.44,1,1,2024-02
1000948,2024-02-09,Apparel,East,Supplier B,WH-East,Express,14,265.11,5,440.45,13,1,12,3,5725.85,3446.43,2279.42,1,1,2024-02
1001597,2024-02-09,Office Supplies,North,Supplier E,WH-South,Standard,24,437.76,17,732.41,23,1,56,15,16845.43,10068.48,6776.95,1,0,2024-02
1003290,2024-02-10,Office Supplies,South,Supplier C,WH-North,Standard,14,345.83,11,497.29,13,1,63,13,6464.77,4495.79,1968.98,1,0,2024-02
1001313,2024-02-10,Home & Kitchen,South,Supplier E,WH-North,Standard,15,337.43,3,499.25,13,2,69,3,6490.25,4386.59,2103.66,1,1,2024-02
1000704,2024-02-10,Home & Kitchen,West,Supplier D,WH-West,Standard,2,284.58,5,363.8,2,0,79,4,727.6,569.16,158.44,0,1,2024-02
1003241,2024-02-10,Electronics,North,Supplier E,WH-West,Standard,1,209.11,7,324.33,1,0,65,7,324.33,209.11,115.22,0,1,2024-02
1003345,2024-02-10,Apparel,South,Supplier A,WH-South,Standard,2,307.89,4,376.81,2,0,62,4,753.62,615.78,137.84,0,1,2024-02
1004030,2024-02-10,Office Supplies,East,Supplier B,WH-West,Standard,3,360.59,16,444.4,3,0,66,16,1333.2,1081.77,251.43,0,0,2024-02
1000096,2024-02-10,Apparel,North,Supplier E,WH-North,Standard,14,352.47,2,563.68,11,3,13,1,6200.48,3877.17,2323.31,1,1,2024-02
1003128,2024-02-10,Electronics,East,Supplier D,WH-East,Standard,17,223.78,7,378.64,15,2,54,6,5679.6,3356.7,2322.9,1,1,2024-02
1000116,2024-02-10,Electronics,South,Supplier D,WH-North,Standard,8,384.23,5,641.81,8,0,71,3,5134.48,3073.84,2060.64,0,1,2024-02
1004394,2024-02-10,Home & Kitchen,North,Supplier C,WH-East,Standard,4,37.46,12,48.93,4,0,76,10,195.72,149.84,45.88,0,1,2024-02
1003029,2024-02-10,Electronics,South,Supplier B,WH-North,Standard,6,367.15,16,514.59,5,1,23,17,2572.95,1835.75,737.2,1,0,2024-02
1000588,2024-02-11,Office Supplies,West,Supplier A,WH-South,Express,10,304.63,7,417.34,10,0,48,9,4173.4,3046.3,1127.1,0,0,2024-02
1001382,2024-02-11,Health & Beauty,West,Supplier C,WH-West,Standard,8,198.0,10,258.2,8,0,76,10,2065.6,1584.0,481.6,0,1,2024-02
1001032,2024-02-11,Electronics,East,Supplier A,WH-North,Express,15,277.12,15,434.22,14,1,11,15,6079.08,3879.68,2199.4,1,0,2024-02
1001311,2024-02-11,Office Supplies,East,Supplier B,WH-West,Same Day,4,410.5,2,674.45,4,0,65,4,2697.8,1642.0,1055.8,0,0,2024-02
1005929,2024-02-11,Apparel,South,Supplier D,WH-West,Express,20,42.94,8,73.03,17,3,73,6,1241.51,729.98,511.53,1,0,2024-02
1002337,2024-02-11,Office Supplies,North,Supplier E,WH-North,Express,4,306.88,13,377.9,4,0,79,14,1511.6,1227.52,284.08,0,0,2024-02
1005193,2024-02-11,Apparel,North,Supplier A,WH-East,Same Day,11,75.99,16,103.5,10,1,15,17,1035.0,759.9,275.1,1,0,2024-02
1004392,2024-02-12,Office Supplies,East,Supplier B,WH-North,Standard,11,345.34,2,459.05,10,1,29,1,4590.5,3453.4,1137.1,1,1,2024-02
1004912,2024-02-12,Office Supplies,North,Supplier D,WH-West,Express,19,222.85,5,276.86,19,0,15,7,5260.34,4234.15,1026.19,0,0,2024-02
1005913,2024-02-12,Apparel,North,Supplier A,WH-West,Express,11,59.18,11,96.11,8,3,26,9,768.88,473.44,295.44,1,0,2024-02
1004197,2024-02-12,Apparel,West,Supplier D,WH-North,Standard,15,219.09,15,295.09,15,0,12,13,4426.35,3286.35,1140.0,0,0,2024-02
1002389,2024-02-12,Home & Kitchen,North,Supplier A,WH-East,Standard,4,169.88,14,269.43,4,0,28,14,1077.72,679.52,398.2,0,0,2024-02
1005845,2024-02-12,Office Supplies,North,Supplier A,WH-East,Standard,14,362.2,15,614.51,14,0,76,17,8603.14,5070.8,3532.34,0,0,2024-02
1000509,2024-02-12,Electronics,North,Supplier C,WH-East,Express,4,343.21,9,554.3,3,1,13,10,1662.9,1029.63,633.27,1,0,2024-02
1000815,2024-02-12,Office Supplies,West,Supplier C,WH-East,Express,18,297.05,7,494.5,17,1,48,6,8406.5,5049.85,3356.65,1,0,2024-02
1002518,2024-02-12,Office Supplies,South,Supplier B,WH-West,Standard,21,109.56,8,160.68,19,2,54,9,3052.92,2081.64,971.28,1,1,2024-02
1002873,2024-02-12,Electronics,East,Supplier B,WH-North,Standard,18,410.87,6,529.06,17,1,67,7,8994.02,6984.79,2009.23,1,1,2024-02
1002104,2024-02-12,Office Supplies,North,Supplier B,WH-West,Standard,21,431.94,16,665.37,21,0,19,18,13972.77,9070.74,4902.03,0,0,2024-02
1002631,2024-02-13,Office Supplies,East,Supplier B,WH-West,Standard,10,308.72,14,356.84,8,2,37,12,2854.72,2469.76,384.96,1,1,2024-02
1004715,2024-02-13,Home & Kitchen,North,Supplier C,WH-North,Standard,6,430.48,5,502.83,6,0,17,5,3016.98,2582.88,434.1,0,1,2024-02
1003762,2024-02-13,Electronics,North,Supplier A,WH-West,Standard,21,226.61,4,369.44,20,1,66,4,7388.8,4532.2,2856.6,1,1,2024-02
1002927,2024-02-13,Electronics,East,Supplier D,WH-South,Express,19,90.96,16,105.51,18,1,57,15,1899.18,1637.28,261.9,1,0,2024-02
1001396,2024-02-13,Office Supplies,West,Supplier E,WH-East,Standard,12,282.92,5,365.42,10,2,53,4,3654.2,2829.2,825.0,1,1,2024-02
1003971,2024-02-13,Home & Kitchen,East,Supplier C,WH-East,Standard,16,22.74,13,31.0,15,1,63,13,465.0,341.1,123.9,1,0,2024-02
1005179,2024-02-13,Electronics,East,Supplier C,WH-North,Standard,14,138.87,6,179.48,13,1,21,4,2333.24,1805.31,527.93,1,1,2024-02
1005449,2024-02-13,Home & Kitchen,West,Supplier B,WH-South,Standard,23,271.54,6,458.93,21,2,51,4,9637.53,5702.34,3935.19,1,1,2024-02
1003823,2024-02-14,Home & Kitchen,West,Supplier A,WH-South,Standard,1,391.36,14,600.55,1,0,38,16,600.55,391.36,209.19,0,0,2024-02
1004544,2024-02-14,Office Supplies,North,Supplier B,WH-West,Standard,9,47.87,5,64.35,8,1,68,7,514.8,382.96,131.84,1,1,2024-02
1003583,2024-02-14,Health & Beauty,South,Supplier D,WH-East,Standard,10,354.13,9,427.38,10,0,79,9,4273.8,3541.3,732.5,0,1,2024-02
1004940,2024-02-14,Office Supplies,East,Supplier C,WH-North,Standard,10,225.68,8,366.13,9,1,35,8,3295.17,2031.12,1264.05,1,1,2024-02
1005646,2024-02-14,Home & Kitchen,North,Supplier B,WH-East,Express,8,27.64,3,46.99,7,1,73,1,328.93,193.48,135.45,1,1,2024-02
1000845,2024-02-15,Health & Beauty,West,Supplier C,WH-North,Standard,3,434.96,8,564.64,3,0,21,10,1693.92,1304.88,389.04,0,1,2024-02
1001640,2024-02-15,Electronics,East,Supplier D,WH-East,Standard,21,147.06,14,201.19,20,1,40,14,4023.8,2941.2,1082.6,1,0,2024-02
1001791,2024-02-15,Apparel,West,Supplier C,WH-East,Express,12,206.04,5,278.7,12,0,52,7,3344.4,2472.48,871.92,0,0,2024-02
1005954,2024-02-15,Electronics,East,Supplier D,WH-North,Standard,3,189.51,12,234.22,3,0,28,13,702.66,568.53,134.13,0,0,2024-02
1004371,2024-02-15,Apparel,West,Supplier A,WH-South,Standard,11,331.27,7,499.12,10,1,28,6,4991.2,3312.7,1678.5,1,1,2024-02
1000346,2024-02-15,Electronics,East,Supplier D,WH-North,Standard,2,163.37,8,251.82,2,0,79,10,503.64,326.74,176.9,0,1,2024-02
1000468,2024-02-16,Health & Beauty,West,Supplier B,WH-South,Standard,20,356.51,16,535.29,20,0,73,17,10705.8,7130.2,3575.6,0,0,2024-02
1001538,2024-02-16,Electronics,West,Supplier E,WH-East,Standard,14,167.93,4,290.98,13,1,48,4,3782.74,2183.09,1599.65,1,1,2024-02
1004405,2024-02-16,Electronics,North,Supplier C,WH-West,Express,3,352.26,8,613.28,3,0,27,9,1839.84,1056.78,783.06,0,0,2024-02
1005545,2024-02-16,Electronics,North,Supplier C,WH-South,Standard,3,22.2,14,38.41,2,1,64,15,76.82,44.4,32.42,1,0,2024-02
1000425,2024-02-16,Electronics,South,Supplier C,WH-West,Standard,14,437.46,2,672.01,14,0,18,4,9408.14,6124.44,3283.7,0,1,2024-02
1001421,2024-02-16,Health & Beauty,South,Supplier A,WH-South,Standard,10,409.6,14,508.33,10,0,73,16,5083.3,4096.0,987.3,0,0,2024-02
1000676,2024-02-16,Home & Kitchen,South,Supplier D,WH-East,Standard,22,33.27,6,45.28,21,1,24,8,950.88,698.67,252.21,1,1,2024-02
1003047,2024-02-16,Home & Kitchen,West,Supplier A,WH-North,Standard,17,369.32,14,468.44,16,1,29,15,7495.04,5909.12,1585.92,1,0,2024-02
1004125,2024-02-16,Office Supplies,East,Supplier A,WH-North,Standard,16,294.22,17,409.39,16,0,21,16,6550.24,4707.52,1842.72,0,0,2024-02
1000851,2024-02-16,Apparel,West,Supplier C,WH-East,Express,8,28.45,13,42.65,7,1,17,15,298.55,199.15,99.4,1,0,2024-02
1002757,2024-02-16,Apparel,East,Supplier A,WH-North,Standard,7,139.61,6,178.07,7,0,52,4,1246.49,977.27,269.22,0,1,2024-02
1001089,2024-02-16,Health & Beauty,East,Supplier D,WH-East,Standard,2,176.15,15,247.14,2,0,68,15,494.28,352.3,141.98,0,0,2024-02
1000121,2024-02-17,Electronics,West,Supplier B,WH-South,Standard,13,112.19,7,191.22,13,0,54,8,2485.86,1458.47,1027.39,0,1,2024-02
1005567,2024-02-17,Electronics,South,Supplier A,WH-West,Standard,23,250.03,10,376.98,23,0,47,12,8670.54,5750.69,2919.85,0,1,2024-02
1000858,2024-02-17,Home & Kitchen,South,Supplier E,WH-North,Standard,12,331.68,15,427.66,11,1,30,15,4704.26,3648.48,1055.78,1,0,2024-02
1004699,2024-02-17,Apparel,West,Supplier A,WH-West,Standard,7,100.23,11,165.32,5,2,14,13,826.6,501.15,325.45,1,0,2024-02
1005060,2024-02-17,Home & Kitchen,North,Supplier A,WH-South,Standard,9,433.09,15,524.55,9,0,25,16,4720.95,3897.81,823.14,0,0,2024-02
1003510,2024-02-17,Health & Beauty,South,Supplier E,WH-North,Express,21,192.92,17,334.39,19,2,43,15,6353.41,3665.48,2687.93,1,0,2024-02
1004861,2024-02-17,Health & Beauty,West,Supplier C,WH-North,Standard,24,110.84,10,166.97,22,2,76,10,3673.34,2438.48,1234.86,1,1,2024-02
1002178,2024-02-18,Home & Kitchen,East,Supplier C,WH-West,Standard,4,181.92,15,267.94,3,1,35,15,803.82,545.76,258.06,1,0,2024-02
1003321,2024-02-18,Office Supplies,North,Supplier E,WH-North,Standard,24,153.14,13,221.84,21,3,21,15,4658.64,3215.94,1442.7,1,0,2024-02
1001177,2024-02-18,Home & Kitchen,East,Supplier D,WH-North,Express,18,143.85,4,251.51,18,0,15,5,4527.18,2589.3,1937.88,0,1,2024-02
1003873,2024-02-18,Office Supplies,West,Supplier D,WH-East,Standard,9,88.04,16,126.72,8,1,12,16,1013.76,704.32,309.44,1,0,2024-02
1004993,2024-02-18,Home & Kitchen,West,Supplier D,WH-West,Standard,9,290.62,10,351.63,6,3,37,11,2109.78,1743.72,366.06,1,1,2024-02
1002783,2024-02-18,Apparel,North,Supplier D,WH-East,Standard,19,299.01,12,440.7,18,1,10,14,7932.6,5382.18,2550.42,1,0,2024-02
1000339,2024-02-18,Apparel,North,Supplier D,WH-West,Standard,17,382.19,7,604.71,15,2,24,7,9070.65,5732.85,3337.8,1,1,2024-02
1003757,2024-02-18,Electronics,South,Supplier D,WH-South,Standard,21,426.04,13,662.5,19,2,71,12,12587.5,8094.76,4492.74,1,1,2024-02
1003221,2024-02-18,Electronics,East,Supplier D,WH-East,Express,19,405.91,2,659.93,17,2,19,2,11218.81,6900.47,4318.34,1,1,2024-02
1004664,2024-02-18,Apparel,West,Supplier E,WH-South,Standard,23,297.87,13,398.9,20,3,57,11,7978.0,5957.4,2020.6,1,1,2024-02
1003922,2024-02-19,Office Supplies,East,Supplier C,WH-East,Standard,20,292.59,16,374.58,20,0,35,14,7491.6,5851.8,1639.8,0,0,2024-02
1002771,2024-02-19,Health & Beauty,North,Supplier B,WH-West,Standard,18,289.98,4,360.33,18,0,26,4,6485.94,5219.64,1266.3,0,1,2024-02
1005455,2024-02-19,Office Supplies,South,Supplier D,WH-North,Express,23,310.36,7,431.69,18,5,58,9,7770.42,5586.48,2183.94,1,0,2024-02
1005665,2024-02-19,Apparel,North,Supplier C,WH-South,Standard,19,310.55,17,488.55,17,2,70,16,8305.35,5279.35,3026.0,1,0,2024-02
1004973,2024-02-19,Office Supplies,North,Supplier D,WH-East,Standard,17,284.43,17,351.18,17,0,42,15,5970.06,4835.31,1134.75,0,0,2024-02
1004258,2024-02-19,Apparel,West,Supplier A,WH-South,Standard,19,226.61,16,351.9,17,2,29,16,5982.3,3852.37,2129.93,1,0,2024-02
1002182,2024-02-19,Health & Beauty,West,Supplier C,WH-South,Express,9,23.17,11,33.61,9,0,21,11,302.49,208.53,93.96,0,0,2024-02
1002118,2024-02-20,Apparel,North,Supplier E,WH-East,Express,3,327.38,8,543.57,2,1,37,8,1087.14,654.76,432.38,1,0,2024-02
1001236,2024-02-20,Apparel,West,Supplier C,WH-East,Standard,6,240.63,4,330.1,6,0,64,5,1980.6,1443.78,536.82,0,1,2024-02
1001125,2024-02-20,Apparel,North,Supplier C,WH-West,Standard,20,435.16,13,590.4,18,2,28,11,10627.2,7832.88,2794.32,1,1,2024-02
1000832,2024-02-20,Health & Beauty,North,Supplier B,WH-West,Standard,5,34.87,12,42.34,5,0,56,12,211.7,174.35,37.35,0,1,2024-02
1000401,2024-02-20,Health & Beauty,East,Supplier C,WH-South,Express,24,174.25,17,218.61,23,1,16,15,5028.03,4007.75,1020.28,1,0,2024-02
1000757,2024-02-20,Apparel,North,Supplier E,WH-South,Express,16,109.71,7,188.93,16,0,37,7,3022.88,1755.36,1267.52,0,0,2024-02
1005942,2024-02-21,Apparel,West,Supplier D,WH-North,Standard,3,44.91,12,78.23,3,0,17,10,234.69,134.73,99.96,0,1,2024-02
1005911,2024-02-21,Health & Beauty,West,Supplier C,WH-West,Standard,23,148.06,16,174.41,22,1,57,15,3837.02,3257.32,579.7,1,0,2024-02
1004504,2024-02-21,Home & Kitchen,North,Supplier D,WH-South,Express,17,132.75,5,223.86,13,4,34,6,2910.18,1725.75,1184.43,1,0,2024-02
1000091,2024-02-22,Electronics,West,Supplier B,WH-North,Standard,7,172.51,8,273.51,7,0,45,9,1914.57,1207.57,707.0,0,1,2024-02
1000222,2024-02-22,Apparel,East,Supplier E,WH-South,Express,21,396.32,2,513.64,21,0,38,1,10786.44,8322.72,2463.72,0,1,2024-02
1005085,2024-02-22,Home & Kitchen,North,Supplier E,WH-North,Standard,23,422.54,6,693.92,23,0,37,6,15960.16,9718.42,6241.74,0,1,2024-02
1000811,2024-02-22,Home & Kitchen,East,Supplier B,WH-East,Standard,20,436.59,8,526.9,20,0,66,9,10538.0,8731.8,1806.2,0,1,2024-02
1003763,2024-02-22,Electronics,North,Supplier B,WH-West,Express,5,216.19,8,295.32,5,0,39,7,1476.6,1080.95,395.65,0,0,2024-02
1003620,2024-02-22,Office Supplies,East,Supplier B,WH-South,Express,20,73.07,12,100.92,19,1,54,12,1917.48,1388.33,529.15,1,0,2024-02
1001276,2024-02-22,Home & Kitchen,East,Supplier A,WH-South,Express,6,148.34,2,216.16,6,0,51,4,1296.96,890.04,406.92,0,1,2024-02
1002039,2024-02-22,Office Supplies,North,Supplier E,WH-South,Standard,19,383.01,9,459.62,19,0,13,9,8732.78,7277.19,1455.59,0,1,2024-02
1000418,2024-02-22,Office Supplies,East,Supplier D,WH-North,Standard,22,145.84,15,218.28,22,0,73,17,4802.16,3208.48,1593.68,0,0,2024-02
1003641,2024-02-22,Electronics,East,Supplier B,WH-East,Same Day,19,158.0,10,186.81,19,0,58,10,3549.39,3002.0,547.39,0,0,2024-02
1003759,2024-02-23,Office Supplies,North,Supplier A,WH-North,Express,5,336.31,4,539.41,5,0,76,5,2697.05,1681.55,1015.5,0,1,2024-02
1001537,2024-02-23,Office Supplies,South,Supplier A,WH-North,Standard,10,109.72,9,142.31,9,1,40,8,1280.79,987.48,293.31,1,1,2024-02
1004378,2024-02-23,Home & Kitchen,North,Supplier C,WH-East,Express,22,303.9,6,434.8,21,1,66,7,9130.8,6381.9,2748.9,1,0,2024-02
1000284,2024-02-23,Health & Beauty,East,Supplier C,WH-North,Express,9,13.0,8,19.61,9,0,71,6,176.49,117.0,59.49,0,0,2024-02
1005981,2024-02-23,Office Supplies,South,Supplier D,WH-North,Express,9,42.7,13,65.28,7,2,39,11,456.96,298.9,158.06,1,0,2024-02
1000775,2024-02-23,Electronics,South,Supplier C,WH-East,Standard,16,209.75,10,322.6,15,1,60,10,4839.0,3146.25,1692.75,1,1,2024-02
1004735,2024-02-23,Office Supplies,West,Supplier E,WH-South,Express,2,200.03,13,334.46,2,0,47,14,668.92,400.06,268.86,0,0,2024-02
1005873,2024-02-23,Apparel,North,Supplier D,WH-West,Same Day,16,399.29,6,637.67,13,3,64,6,8289.71,5190.77,3098.94,1,0,2024-02
1005581,2024-02-23,Apparel,East,Supplier C,WH-West,Standard,18,211.44,14,260.61,18,0,34,14,4690.98,3805.92,885.06,0,0,2024-02
1000414,2024-02-23,Home & Kitchen,East,Supplier B,WH-West,Standard,2,425.04,2,566.47,2,0,52,2,1132.94,850.08,282.86,0,1,2024-02
1001232,2024-02-23,Office Supplies,East,Supplier D,WH-North,Standard,20,84.48,10,134.52,18,2,30,10,2421.36,1520.64,900.72,1,1,2024-02
1001355,2024-02-24,Apparel,North,Supplier D,WH-North,Standard,5,331.49,2,400.25,4,1,77,4,1601.0,1325.96,275.04,1,1,2024-02
1001223,2024-02-24,Electronics,East,Supplier E,WH-South,Standard,9,138.33,4,168.74,9,0,33,4,1518.66,1244.97,273.69,0,1,2024-02
1003803,2024-02-24,Electronics,West,Supplier B,WH-West,Express,17,202.6,2,302.08,17,0,25,2,5135.36,3444.2,1691.16,0,1,2024-02
1002719,2024-02-24,Home & Kitchen,South,Supplier D,WH-West,Standard,18,288.23,5,343.8,18,0,60,6,6188.4,5188.14,1000.26,0,1,2024-02
1001217,2024-02-24,Health & Beauty,East,Supplier A,WH-North,Standard,12,377.64,15,447.29,12,0,55,15,5367.48,4531.68,835.8,0,0,2024-02
1002281,2024-02-24,Health & Beauty,East,Supplier B,WH-South,Standard,7,445.95,15,515.71,6,1,45,17,3094.26,2675.7,418.56,1,0,2024-02
1000870,2024-02-25,Apparel,North,Supplier E,WH-East,Express,8,378.98,17,480.76,7,1,75,16,3365.32,2652.86,712.46,1,0,2024-02
1004796,2024-02-25,Office Supplies,West,Supplier E,WH-West,Standard,7,433.71,4,601.8,7,0,55,4,4212.6,3035.97,1176.63,0,1,2024-02
1005350,2024-02-25,Health & Beauty,North,Supplier B,WH-South,Standard,8,151.07,16,231.88,8,0,31,16,1855.04,1208.56,646.48,0,0,2024-02
1002403,2024-02-25,Health & Beauty,North,Supplier D,WH-South,Express,15,316.8,8,442.59,14,1,35,10,6196.26,4435.2,1761.06,1,0,2024-02
1000855,2024-02-25,Home & Kitchen,South,Supplier C,WH-East,Express,15,108.93,9,130.3,14,1,58,9,1824.2,1525.02,299.18,1,0,2024-02
1004983,2024-02-25,Electronics,North,Supplier C,WH-West,Standard,21,415.23,16,510.59,21,0,45,15,10722.39,8719.83,2002.56,0,0,2024-02
1002888,2024-02-26,Electronics,East,Supplier E,WH-West,Express,5,110.43,2,181.71,5,0,25,3,908.55,552.15,356.4,0,1,2024-02
1002707,2024-02-26,Electronics,East,Supplier A,WH-North,Standard,12,421.43,6,520.25,10,2,24,6,5202.5,4214.3,988.2,1,1,2024-02
1003541,2024-02-26,Home & Kitchen,South,Supplier E,WH-West,Same Day,3,126.66,11,168.57,3,0,50,10,505.71,379.98,125.73,0,0,2024-02
1004649,2024-02-26,Apparel,North,Supplier C,WH-North,Standard,14,208.31,7,266.01,13,1,50,6,3458.13,2708.03,750.1,1,1,2024-02
1005129,2024-02-27,Electronics,West,Supplier C,WH-North,Standard,7,270.98,11,414.38,7,0,62,11,2900.66,1896.86,1003.8,0,1,2024-02
1000443,2024-02-27,Apparel,West,Supplier E,WH-East,Standard,1,247.27,17,347.87,1,0,64,18,347.87,247.27,100.6,0,0,2024-02
1002922,2024-02-27,Office Supplies,East,Supplier A,WH-East,Standard,12,192.2,3,246.81,11,1,40,1,2714.91,2114.2,600.71,1,1,2024-02
1000660,2024-02-27,Electronics,South,Supplier E,WH-West,Standard,13,107.36,5,175.95,11,2,10,5,1935.45,1180.96,754.49,1,1,2024-02
1005880,2024-02-27,Home & Kitchen,South,Supplier C,WH-East,Express,19,253.91,8,404.84,19,0,29,9,7691.96,4824.29,2867.67,0,0,2024-02
1000436,2024-02-27,Home & Kitchen,North,Supplier C,WH-South,Standard,10,221.99,8,332.73,8,2,41,6,2661.84,1775.92,885.92,1,1,2024-02
1000644,2024-02-27,Apparel,North,Supplier C,WH-East,Same Day,16,367.67,8,619.93,15,1,18,7,9298.95,5515.05,3783.9,1,0,2024-02
1004023,2024-02-27,Health & Beauty,South,Supplier D,WH-North,Standard,17,40.27,7,62.58,16,1,24,9,1001.28,644.32,356.96,1,1,2024-02
1005239,2024-02-27,Health & Beauty,North,Supplier D,WH-East,Standard,12,399.88,17,584.57,10,2,63,19,5845.7,3998.8,1846.9,1,0,2024-02
1002256,2024-02-27,Apparel,East,Supplier E,WH-North,Express,20,384.88,16,586.31,20,0,25,17,11726.2,7697.6,4028.6,0,0,2024-02
1004342,2024-02-28,Office Supplies,West,Supplier E,WH-North,Standard,9,113.17,17,142.44,8,1,63,17,1139.52,905.36,234.16,1,0,2024-02
1001285,2024-02-28,Home & Kitchen,East,Supplier C,WH-East,Standard,6,303.29,3,475.11,5,1,46,3,2375.55,1516.45,859.1,1,1,2024-02
1001983,2024-02-28,Electronics,North,Supplier B,WH-East,Standard,21,438.89,8,568.17,21,0,36,8,11931.57,9216.69,2714.88,0,1,2024-02
1004678,2024-02-28,Electronics,West,Supplier C,WH-North,Standard,17,229.43,12,326.94,17,0,27,12,5557.98,3900.31,1657.67,0,1,2024-02
1004911,2024-02-28,Office Supplies,West,Supplier D,WH-North,Express,17,348.18,2,401.33,16,1,20,4,6421.28,5570.88,850.4,1,1,2024-02
1000034,2024-02-28,Health & Beauty,East,Supplier C,WH-South,Standard,19,375.59,13,540.4,18,1,66,11,9727.2,6760.62,2966.58,1,1,2024-02
1004739,2024-02-28,Apparel,East,Supplier B,WH-West,Standard,11,137.99,6,163.59,10,1,46,8,1635.9,1379.9,256.0,1,1,2024-02
1001869,2024-02-28,Electronics,West,Supplier C,WH-North,Standard,9,324.1,7,464.4,7,2,22,6,3250.8,2268.7,982.1,1,1,2024-02
1003417,2024-02-28,Electronics,North,Supplier A,WH-East,Same Day,24,377.62,13,557.06,23,1,56,15,12812.38,8685.26,4127.12,1,0,2024-02
1003648,2024-02-28,Apparel,South,Supplier C,WH-North,Standard,21,129.35,10,193.87,19,2,41,8,3683.53,2457.65,1225.88,1,1,2024-02
1004255,2024-02-28,Home & Kitchen,North,Supplier D,WH-East,Standard,24,317.84,14,473.39,24,0,77,14,11361.36,7628.16,3733.2,0,0,2024-02
1003825,2024-02-28,Electronics,South,Supplier A,WH-South,Standard,8,327.53,6,421.83,7,1,31,6,2952.81,2292.71,660.1,1,1,2024-02
1002392,2024-02-29,Office Supplies,West,Supplier C,WH-West,Express,12,61.96,3,76.44,12,0,61,3,917.28,743.52,173.76,0,1,2024-02
1002727,2024-02-29,Apparel,North,Supplier B,WH-East,Standard,17,319.36,13,543.45,16,1,74,15,8695.2,5109.76,3585.44,1,0,2024-02
1005771,2024-02-29,Health & Beauty,West,Supplier E,WH-South,Standard,19,402.72,8,563.8,18,1,20,7,10148.4,7248.96,2899.44,1,1,2024-02
1002186,2024-02-29,Office Supplies,East,Supplier C,WH-East,Express,3,266.27,7,394.29,3,0,63,5,1182.87,798.81,384.06,0,1,2024-02
1005417,2024-02-29,Apparel,West,Supplier D,WH-South,Express,23,355.38,3,537.19,22,1,28,4,11818.18,7818.36,3999.82,1,1,2024-02
1004989,2024-02-29,Health & Beauty,South,Supplier B,WH-South,Express,11,185.75,16,314.92,11,0,72,16,3464.12,2043.25,1420.87,0,0,2024-02
1001735,2024-02-29,Home & Kitchen,East,Supplier A,WH-West,Standard,11,162.69,3,197.09,11,0,62,3,2167.99,1789.59,378.4,0,1,2024-02
1004412,2024-03-01,Office Supplies,North,Supplier E,WH-West,Standard,1,153.07,10,178.04,1,0,19,8,178.04,153.07,24.97,0,1,2024-03
1001380,2024-03-01,Home & Kitchen,East,Supplier B,WH-North,Same Day,15,387.63,9,540.2,14,1,21,9,7562.8,5426.82,2135.98,1,0,2024-03
1004766,2024-03-01,Electronics,South,Supplier E,WH-South,Express,12,22.8,10,32.33,10,2,12,10,323.3,228.0,95.3,1,0,2024-03
1004502,2024-03-01,Electronics,South,Supplier B,WH-North,Standard,22,232.39,4,375.47,19,3,42,6,7133.93,4415.41,2718.52,1,1,2024-03
1000830,2024-03-01,Apparel,East,Supplier B,WH-North,Express,4,26.98,8,46.36,3,1,56,9,139.08,80.94,58.14,1,0,2024-03
1001509,2024-03-01,Home & Kitchen,North,Supplier D,WH-North,Express,7,66.65,3,113.13,7,0,17,3,791.91,466.55,325.36,0,1,2024-03
1001548,2024-03-02,Electronics,West,Supplier A,WH-South,Standard,22,269.66,13,458.21,22,0,47,15,10080.62,5932.52,4148.1,0,0,2024-03
1001517,2024-03-02,Health & Beauty,North,Supplier D,WH-East,Standard,13,422.05,6,578.15,12,1,19,6,6937.8,5064.6,1873.2,1,1,2024-03
1004760,2024-03-02,Electronics,North,Supplier A,WH-South,Standard,2,388.59,4,634.86,2,0,66,5,1269.72,777.18,492.54,0,1,2024-03
1000554,2024-03-02,Apparel,East,Supplier C,WH-North,Standard,1,346.73,14,473.83,1,0,16,13,473.83,346.73,127.1,0,0,2024-03
1004689,2024-03-02,Apparel,South,Supplier E,WH-South,Express,21,284.5,15,440.47,21,0,60,16,9249.87,5974.5,3275.37,0,0,2024-03
1003141,2024-03-02,Office Supplies,South,Supplier C,WH-North,Standard,11,303.17,12,488.24,11,0,61,14,5370.64,3334.87,2035.77,0,0,2024-03
1001172,2024-03-03,Home & Kitchen,South,Supplier C,WH-South,Express,14,38.98,3,46.63,13,1,20,3,606.19,506.74,99.45,1,1,2024-03
1005610,2024-03-03,Electronics,North,Supplier C,WH-West,Standard,1,447.73,14,565.74,1,0,34,13,565.74,447.73,118.01,0,0,2024-03
1002429,2024-03-03,Home & Kitchen,North,Supplier B,WH-East,Standard,21,390.11,10,513.29,20,1,32,12,10265.8,7802.2,2463.6,1,1,2024-03
1004463,2024-03-03,Apparel,North,Supplier A,WH-East,Standard,8,439.7,14,630.6,7,1,43,16,4414.2,3077.9,1336.3,1,0,2024-03
1000731,2024-03-03,Office Supplies,West,Supplier C,WH-South,Same Day,9,8.75,2,15.02,7,2,68,2,105.14,61.25,43.89,1,1,2024-03
1005220,2024-03-03,Apparel,West,Supplier D,WH-South,Same Day,12,290.82,5,403.2,11,1,18,5,4435.2,3199.02,1236.18,1,0,2024-03
1001185,2024-03-03,Health & Beauty,South,Supplier B,WH-North,Standard,2,318.65,3,551.93,2,0,28,4,1103.86,637.3,466.56,0,1,2024-03
1000105,2024-03-03,Electronics,West,Supplier E,WH-South,Standard,14,184.62,3,274.31,11,3,12,1,3017.41,2030.82,986.59,1,1,2024-03
1003107,2024-03-03,Office Supplies,East,Supplier B,WH-North,Same Day,7,352.89,17,538.84,7,0,23,15,3771.88,2470.23,1301.65,0,0,2024-03
1003346,2024-03-03,Office Supplies,South,Supplier D,WH-South,Standard,12,40.89,4,55.53,12,0,28,5,666.36,490.68,175.68,0,1,2024-03
1005635,2024-03-04,Health & Beauty,South,Supplier B,WH-South,Standard,16,414.8,14,524.56,15,1,17,14,7868.4,6222.0,1646.4,1,0,2024-03
1003467,2024-03-04,Electronics,South,Supplier D,WH-East,Standard,20,283.02,12,327.81,18,2,56,10,5900.58,5094.36,806.22,1,1,2024-03
1004895,2024-03-04,Electronics,East,Supplier E,WH-South,Standard,2,269.64,12,334.24,2,0,29,10,668.48,539.28,129.2,0,1,2024-03
1001767,2024-03-04,Health & Beauty,East,Supplier C,WH-East,Standard,15,212.19,4,318.56,14,1,56,4,4459.84,2970.66,1489.18,1,1,2024-03
1004964,2024-03-04,Home & Kitchen,West,Supplier A,WH-West,Standard,5,195.12,12,240.76,5,0,79,12,1203.8,975.6,228.2,0,1,2024-03
1004190,2024-03-05,Health & Beauty,West,Supplier E,WH-West,Express,7,250.76,3,348.46,6,1,68,2,2090.76,1504.56,586.2,1,1,2024-03
1002077,2024-03-05,Electronics,West,Supplier A,WH-North,Express,1,342.33,5,483.46,1,0,51,6,483.46,342.33,141.13,0,0,2024-03
1000099,2024-03-05,Home & Kitchen,North,Supplier A,WH-West,Standard,20,336.49,8,574.31,19,1,37,6,10911.89,6393.31,4518.58,1,1,2024-03
1003553,2024-03-05,Office Supplies,West,Supplier B,WH-North,Standard,8,230.56,5,379.28,6,2,35,5,2275.68,1383.36,892.32,1,1,2024-03
1003749,2024-03-05,Home & Kitchen,South,Supplier A,WH-East,Standard,3,353.58,3,616.22,3,0,65,3,1848.66,1060.74,787.92,0,1,2024-03
1005026,2024-03-05,Apparel,North,Supplier B,WH-North,Express,7,47.44,8,81.83,5,2,20,7,409.15,237.2,171.95,1,0,2024-03
1003162,2024-03-05,Office Supplies,West,Supplier C,WH-South,Express,9,124.15,2,170.51,9,0,35,1,1534.59,1117.35,417.24,0,1,2024-03
1002454,2024-03-05,Electronics,East,Supplier E,WH-East,Standard,2,75.68,8,116.28,2,0,24,8,232.56,151.36,81.2,0,1,2024-03
1005456,2024-03-05,Apparel,South,Supplier B,WH-West,Standard,13,275.23,7,464.32,10,3,63,9,4643.2,2752.3,1890.9,1,1,2024-03
1000725,2024-03-05,Apparel,South,Supplier C,WH-South,Standard,13,195.1,7,254.89,11,2,15,5,2803.79,2146.1,657.69,1,1,2024-03
1004347,2024-03-05,Home & Kitchen,West,Supplier E,WH-South,Express,15,215.64,15,306.32,15,0,59,16,4594.8,3234.6,1360.2,0,0,2024-03
1001931,2024-03-06,Office Supplies,West,Supplier A,WH-South,Standard,15,25.09,13,30.2,14,1,69,14,422.8,351.26,71.54,1,0,2024-03
1003589,2024-03-06,Apparel,East,Supplier C,WH-South,Standard,1,247.0,4,330.83,1,0,21,4,330.83,247.0,83.83,0,1,2024-03
1002889,2024-03-06,Home & Kitchen,North,Supplier A,WH-South,Standard,19,448.13,13,544.99,19,0,54,13,10354.81,8514.47,1840.34,0,0,2024-03
1003043,2024-03-06,Apparel,West,Supplier B,WH-East,Standard,3,279.6,6,462.07,3,0,65,6,1386.21,838.8,547.41,0,1,2024-03
1002925,2024-03-06,Home & Kitchen,East,Supplier E,WH-South,Standard,14,146.75,3,188.0,14,0,45,3,2632.0,2054.5,577.5,0,1,2024-03
1002671,2024-03-06,Home & Kitchen,North,Supplier C,WH-North,Standard,12,235.19,3,292.26,12,0,65,2,3507.12,2822.28,684.84,0,1,2024-03
1002254,2024-03-07,Electronics,West,Supplier C,WH-East,Standard,3,408.78,10,699.21,3,0,13,10,2097.63,1226.34,871.29,0,1,2024-03
1002346,2024-03-07,Electronics,South,Supplier A,WH-East,Standard,19,288.7,15,465.63,17,2,24,17,7915.71,4907.9,3007.81,1,0,2024-03
1000909,2024-03-07,Home & Kitchen,East,Supplier E,WH-South,Express,9,288.02,9,408.77,8,1,16,7,3270.16,2304.16,966.0,1,0,2024-03
1003870,2024-03-08,Apparel,South,Supplier B,WH-North,Same Day,23,347.54,9,544.52,22,1,31,8,11979.44,7645.88,4333.56,1,0,2024-03
1002911,2024-03-08,Electronics,West,Supplier E,WH-East,Standard,11,250.51,9,424.66,11,0,45,9,4671.26,2755.61,1915.65,0,1,2024-03
1004850,2024-03-08,Electronics,West,Supplier C,WH-West,Standard,11,213.76,10,315.37,9,2,32,11,2838.33,1923.84,914.49,1,1,2024-03
1004362,2024-03-08,Apparel,South,Supplier B,WH-North,Same Day,9,408.43,3,488.13,7,2,45,3,3416.91,2859.01,557.9,1,0,2024-03
1003130,2024-03-08,Office Supplies,East,Supplier C,WH-South,Standard,16,17.29,4,26.62,16,0,59,2,425.92,276.64,149.28,0,1,2024-03
1003423,2024-03-08,Electronics,South,Supplier B,WH-South,Standard,19,177.22,14,248.22,18,1,12,15,4467.96,3189.96,1278.0,1,0,2024-03
1000575,2024-03-09,Health & Beauty,East,Supplier D,WH-East,Standard,18,112.3,5,139.23,15,3,56,5,2088.45,1684.5,403.95,1,1,2024-03
1004492,2024-03-09,Electronics,West,Supplier E,WH-West,Same Day,24,372.28,5,501.97,23,1,15,4,11545.31,8562.44,2982.87,1,0,2024-03
1003424,2024-03-09,Office Supplies,South,Supplier C,WH-North,Standard,14,95.61,7,116.45,11,3,48,9,1280.95,1051.71,229.24,1,1,2024-03
1001359,2024-03-09,Electronics,East,Supplier B,WH-North,Standard,12,202.25,5,352.97,12,0,17,3,4235.64,2427.0,1808.64,0,1,2024-03
1004408,2024-03-09,Office Supplies,West,Supplier C,WH-East,Standard,13,94.53,16,150.6,12,1,34,15,1807.2,1134.36,672.84,1,0,2024-03
1004253,2024-03-09,Office Supplies,East,Supplier D,WH-West,Standard,19,321.45,11,418.27,18,1,37,11,7528.86,5786.1,1742.76,1,1,2024-03
1000467,2024-03-09,Apparel,South,Supplier C,WH-North,Standard,8,311.65,10,534.02,8,0,33,10,4272.16,2493.2,1778.96,0,1,2024-03
1000809,2024-03-09,Home & Kitchen,South,Supplier B,WH-North,Standard,15,197.0,15,326.1,15,0,36,13,4891.5,2955.0,1936.5,0,0,2024-03
1001098,2024-03-09,Home & Kitchen,South,Supplier A,WH-West,Standard,8,432.87,17,529.51,8,0,72,15,4236.08,3462.96,773.12,0,0,2024-03
1002041,2024-03-09,Office Supplies,West,Supplier D,WH-West,Standard,22,347.02,3,487.18,22,0,14,2,10717.96,7634.44,3083.52,0,1,2024-03
1005544,2024-03-09,Office Supplies,West,Supplier E,WH-West,Standard,5,186.87,11,216.79,4,1,73,11,867.16,747.48,119.68,1,1,2024-03
1002241,2024-03-10,Apparel,North,Supplier A,WH-East,Standard,24,210.87,5,277.73,21,3,61,7,5832.33,4428.27,1404.06,1,1,2024-03
1002690,2024-03-10,Home & Kitchen,North,Supplier B,WH-East,Standard,7,441.55,13,596.2,6,1,62,11,3577.2,2649.3,927.9,1,1,2024-03
1005323,2024-03-10,Office Supplies,South,Supplier D,WH-North,Standard,23,109.21,11,157.15,20,3,39,11,3143.0,2184.2,958.8,1,1,2024-03
1000628,2024-03-10,Apparel,West,Supplier A,WH-East,Standard,16,370.57,5,554.96,13,3,32,6,7214.48,4817.41,2397.07,1,1,2024-03
1002832,2024-03-10,Home & Kitchen,South,Supplier E,WH-South,Express,6,83.18,9,144.47,5,1,25,11,722.35,415.9,306.45,1,0,2024-03
1004786,2024-03-10,Health & Beauty,North,Supplier C,WH-East,Express,11,201.5,4,258.42,11,0,42,4,2842.62,2216.5,626.12,0,1,2024-03
1004969,2024-03-11,Electronics,West,Supplier A,WH-South,Standard,17,217.68,6,346.07,17,0,78,4,5883.19,3700.56,2182.63,0,1,2024-03
1004607,2024-03-11,Apparel,North,Supplier E,WH-South,Standard,17,286.45,11,333.76,17,0,61,12,5673.92,4869.65,804.27,0,1,2024-03
1005623,2024-03-11,Home & Kitchen,East,Supplier E,WH-North,Standard,22,297.1,11,356.6,20,2,23,13,7132.0,5942.0,1190.0,1,0,2024-03
1005602,2024-03-12,Office Supplies,South,Supplier E,WH-East,Express,18,133.55,14,229.11,17,1,33,16,3894.87,2270.35,1624.52,1,0,2024-03
1005096,2024-03-12,Electronics,East,Supplier B,WH-West,Standard,21,140.61,9,240.89,19,2,73,7,4576.91,2671.59,1905.32,1,1,2024-03
1000005,2024-03-12,Home & Kitchen,North,Supplier E,WH-West,Standard,11,226.15,3,261.59,11,0,60,5,2877.49,2487.65,389.84,0,1,2024-03
1001770,2024-03-12,Electronics,East,Supplier E,WH-East,Standard,13,153.08,9,201.61,12,1,52,9,2419.32,1836.96,582.36,1,1,2024-03
1005409,2024-03-12,Office Supplies,East,Supplier B,WH-North,Standard,24,195.53,4,246.18,21,3,64,4,5169.78,4106.13,1063.65,1,1,2024-03
1005077,2024-03-12,Apparel,South,Supplier E,WH-West,Standard,6,254.69,3,385.88,5,1,13,4,1929.4,1273.45,655.95,1,1,2024-03
1002949,2024-03-12,Electronics,North,Supplier A,WH-South,Standard,6,282.1,6,486.97,5,1,42,6,2434.85,1410.5,1024.35,1,1,2024-03
1005186,2024-03-12,Apparel,East,Supplier A,WH-West,Standard,6,208.54,5,247.46,6,0,33,7,1484.76,1251.24,233.52,0,1,2024-03
1005865,2024-03-12,Office Supplies,East,Supplier E,WH-South,Standard,4,395.41,4,505.26,4,0,23,5,2021.04,1581.64,439.4,0,1,2024-03
1000766,2024-03-12,Apparel,East,Supplier E,WH-West,Standard,19,219.39,8,313.86,17,2,32,9,5335.62,3729.63,1605.99,1,1,2024-03
1005900,2024-03-13,Office Supplies,South,Supplier B,WH-East,Standard,15,250.99,17,290.83,11,4,62,18,3199.13,2760.89,438.24,1,0,2024-03
1004438,2024-03-13,Office Supplies,West,Supplier A,WH-East,Standard,23,353.77,17,611.73,21,2,16,18,12846.33,7429.17,5417.16,1,0,2024-03
1001374,2024-03-13,Electronics,West,Supplier B,WH-North,Express,19,401.45,17,619.03,17,2,60,19,10523.51,6824.65,3698.86,1,0,2024-03
1003108,2024-03-13,Home & Kitchen,West,Supplier A,WH-West,Standard,14,417.61,14,534.08,14,0,16,13,7477.12,5846.54,1630.58,0,0,2024-03
1003336,2024-03-13,Home & Kitchen,West,Supplier E,WH-North,Express,11,264.15,7,358.71,10,1,77,6,3587.1,2641.5,945.6,1,0,2024-03
1004630,2024-03-13,Home & Kitchen,North,Supplier D,WH-East,Standard,5,237.62,16,366.61,5,0,28,15,1833.05,1188.1,644.95,0,0,2024-03
1004335,2024-03-13,Home & Kitchen,North,Supplier B,WH-North,Express,13,69.49,11,86.03,11,2,65,9,946.33,764.39,181.94,1,0,2024-03
1004948,2024-03-13,Apparel,East,Supplier C,WH-East,Express,21,320.43,14,409.37,20,1,67,13,8187.4,6408.6,1778.8,1,0,2024-03
1001820,2024-03-13,Electronics,South,Supplier B,WH-North,Express,10,153.04,17,249.1,9,1,25,17,2241.9,1377.36,864.54,1,0,2024-03
1004174,2024-03-13,Apparel,North,Supplier D,WH-East,Standard,10,407.02,6,619.52,9,1,73,7,5575.68,3663.18,1912.5,1,1,2024-03
1005764,2024-03-13,Office Supplies,West,Supplier B,WH-East,Standard,4,291.14,9,450.85,4,0,56,11,1803.4,1164.56,638.84,0,1,2024-03
1002238,2024-03-13,Health & Beauty,East,Supplier A,WH-West,Standard,21,300.71,7,510.54,19,2,51,7,9700.26,5713.49,3986.77,1,1,2024-03
1004390,2024-03-13,Electronics,East,Supplier B,WH-South,Express,23,124.93,10,154.34,23,0,18,8,3549.82,2873.39,676.43,0,0,2024-03
1002349,2024-03-13,Electronics,South,Supplier B,WH-East,Standard,15,255.29,16,321.72,15,0,67,17,4825.8,3829.35,996.45,0,0,2024-03
1005276,2024-03-13,Electronics,East,Supplier B,WH-South,Standard,9,175.26,3,215.08,9,0,67,3,1935.72,1577.34,358.38,0,1,2024-03
1000849,2024-03-13,Home & Kitchen,West,Supplier B,WH-South,Standard,18,230.26,5,354.88,15,3,67,5,5323.2,3453.9,1869.3,1,1,2024-03
1004369,2024-03-13,Office Supplies,West,Supplier C,WH-East,Express,16,75.65,2,119.57,16,0,10,2,1913.12,1210.4,702.72,0,1,2024-03
1003630,2024-03-14,Apparel,West,Supplier B,WH-East,Express,23,443.84,14,563.34,20,3,19,13,11266.8,8876.8,2390.0,1,0,2024-03
1004857,2024-03-14,Home & Kitchen,West,Supplier C,WH-South,Express,1,86.89,10,113.59,1,0,79,10,113.59,86.89,26.7,0,0,2024-03
1000600,2024-03-14,Office Supplies,North,Supplier E,WH-East,Same Day,5,155.8,17,202.85,4,1,23,19,811.4,623.2,188.2,1,0,2024-03
1002784,2024-03-14,Apparel,East,Supplier B,WH-East,Express,9,118.05,3,176.72,7,2,68,2,1237.04,826.35,410.69,1,1,2024-03
1003974,2024-03-14,Electronics,North,Supplier D,WH-East,Standard,21,440.21,16,646.62,18,3,66,16,11639.16,7923.78,3715.38,1,0,2024-03
1000784,2024-03-15,Home & Kitchen,West,Supplier A,WH-West,Express,1,82.21,6,119.56,1,0,78,6,119.56,82.21,37.35,0,0,2024-03
1003577,2024-03-15,Electronics,South,Supplier C,WH-South,Standard,22,404.5,17,587.9,21,1,35,16,12345.9,8494.5,3851.4,1,0,2024-03
1003656,2024-03-15,Electronics,North,Supplier D,WH-North,Express,15,321.56,6,471.05,14,1,35,6,6594.7,4501.84,2092.86,1,0,2024-03
1003349,2024-03-15,Apparel,South,Supplier C,WH-North,Standard,4,266.79,13,402.33,3,1,17,14,1206.99,800.37,406.62,1,0,2024-03
1000955,2024-03-15,Health & Beauty,North,Supplier E,WH-East,Express,3,67.13,15,101.18,2,1,52,15,202.36,134.26,68.1,1,0,2024-03
1003391,2024-03-15,Apparel,West,Supplier B,WH-South,Standard,20,155.43,9,206.81,18,2,69,7,3722.58,2797.74,924.84,1,1,2024-03
1002763,2024-03-15,Apparel,East,Supplier D,WH-North,Standard,5,344.99,10,410.05,5,0,34,10,2050.25,1724.95,325.3,0,1,2024-03
1005965,2024-03-15,Home & Kitchen,North,Supplier C,WH-North,Standard,15,45.54,7,76.22,13,2,63,5,990.86,592.02,398.84,1,1,2024-03
1004886,2024-03-15,Apparel,West,Supplier D,WH-East,Standard,4,58.16,9,97.77,4,0,23,9,391.08,232.64,158.44,0,1,2024-03
1001706,2024-03-15,Apparel,West,Supplier A,WH-South,Standard,16,316.94,2,459.71,12,4,58,1,5516.52,3803.28,1713.24,1,1,2024-03
1001154,2024-03-15,Electronics,North,Supplier A,WH-North,Standard,21,448.93,3,729.29,20,1,50,3,14585.8,8978.6,5607.2,1,1,2024-03
1003033,2024-03-15,Apparel,North,Supplier C,WH-West,Standard,24,244.65,16,315.86,20,4,15,14,6317.2,4893.0,1424.2,1,0,2024-03
1001308,2024-03-15,Electronics,South,Supplier C,WH-West,Standard,14,330.85,5,416.71,14,0,34,6,5833.94,4631.9,1202.04,0,1,2024-03
1000530,2024-03-15,Health & Beauty,North,Supplier B,WH-East,Standard,8,308.32,7,428.89,7,1,52,8,3002.23,2158.24,843.99,1,1,2024-03
1005619,2024-03-16,Health & Beauty,South,Supplier D,WH-South,Standard,4,103.54,14,142.72,3,1,70,12,428.16,310.62,117.54,1,1,2024-03
1000566,2024-03-16,Apparel,East,Supplier A,WH-North,Standard,20,235.51,11,383.39,20,0,13,9,7667.8,4710.2,2957.6,0,1,2024-03
1004185,2024-03-16,Electronics,South,Supplier B,WH-South,Standard,19,445.24,10,652.28,18,1,54,12,11741.04,8014.32,3726.72,1,1,2024-03
1005595,2024-03-16,Electronics,North,Supplier E,WH-South,Standard,21,115.89,10,183.59,21,0,23,12,3855.39,2433.69,1421.7,0,1,2024-03
1004529,2024-03-16,Office Supplies,South,Supplier D,WH-South,Standard,21,217.17,7,317.09,18,3,64,7,5707.62,3909.06,1798.56,1,1,2024-03
1002078,2024-03-16,Apparel,South,Supplier D,WH-West,Same Day,23,291.39,2,373.26,21,2,22,2,7838.46,6119.19,1719.27,1,1,2024-03
1000459,2024-03-16,Office Supplies,East,Supplier A,WH-North,Express,17,309.29,15,439.62,15,2,41,16,6594.3,4639.35,1954.95,1,0,2024-03
1005104,2024-03-16,Electronics,North,Supplier D,WH-North,Express,11,187.85,8,265.19,10,1,51,8,2651.9,1878.5,773.4,1,0,2024-03
1003189,2024-03-16,Apparel,South,Supplier B,WH-East,Standard,10,289.06,17,360.54,7,3,44,15,2523.78,2023.42,500.36,1,0,2024-03
1005532,2024-03-16,Health & Beauty,South,Supplier B,WH-South,Standard,4,156.57,9,260.01,4,0,77,11,1040.04,626.28,413.76,0,1,2024-03
1002733,2024-03-16,Home & Kitchen,West,Supplier D,WH-North,Standard,23,289.42,17,481.05,20,3,51,19,9621.0,5788.4,3832.6,1,0,2024-03
1003416,2024-03-17,Health & Beauty,East,Supplier D,WH-North,Express,8,385.7,2,556.49,8,0,48,2,4451.92,3085.6,1366.32,0,1,2024-03
1002211,2024-03-17,Office Supplies,West,Supplier C,WH-North,Standard,13,409.3,8,570.19,12,1,30,8,6842.28,4911.6,1930.68,1,1,2024-03
1004802,2024-03-17,Apparel,West,Supplier D,WH-West,Standard,10,257.84,4,372.59,10,0,18,4,3725.9,2578.4,1147.5,0,1,2024-03
1005919,2024-03-17,Home & Kitchen,North,Supplier E,WH-East,Express,21,425.58,4,491.77,20,1,22,5,9835.4,8511.6,1323.8,1,1,2024-03
1001027,2024-03-18,Office Supplies,West,Supplier C,WH-East,Express,17,214.7,9,301.92,14,3,15,9,4226.88,3005.8,1221.08,1,0,2024-03
1004200,2024-03-18,Office Supplies,West,Supplier E,WH-North,Express,17,147.66,14,190.8,14,3,25,16,2671.2,2067.24,603.96,1,0,2024-03
1000847,2024-03-18,Office Supplies,North,Supplier D,WH-North,Express,7,37.8,7,45.31,7,0,33,5,317.17,264.6,52.57,0,1,2024-03
1000875,2024-03-18,Home & Kitchen,East,Supplier A,WH-East,Standard,10,284.88,2,477.49,9,1,63,3,4297.41,2563.92,1733.49,1,1,2024-03
1000754,2024-03-18,Apparel,North,Supplier E,WH-West,Express,11,180.45,3,220.18,7,4,45,4,1541.26,1263.15,278.11,1,1,2024-03
1002761,2024-03-18,Home & Kitchen,South,Supplier A,WH-South,Express,8,101.1,14,123.79,8,0,10,15,990.32,808.8,181.52,0,0,2024-03
1005781,2024-03-18,Home & Kitchen,South,Supplier C,WH-South,Standard,23,215.19,6,270.68,20,3,70,7,5413.6,4303.8,1109.8,1,1,2024-03
1001243,2024-03-18,Apparel,East,Supplier D,WH-South,Express,2,236.19,3,287.19,2,0,63,5,574.38,472.38,102.0,0,1,2024-03
1002916,2024-03-19,Home & Kitchen,East,Supplier E,WH-South,Express,24,186.7,8,274.89,23,1,27,8,6322.47,4294.1,2028.37,1,0,2024-03
1002506,2024-03-19,Home & Kitchen,West,Supplier A,WH-East,Standard,10,388.03,13,566.95,9,1,73,11,5102.55,3492.27,1610.28,1,1,2024-03
1002375,2024-03-19,Home & Kitchen,East,Supplier D,WH-West,Standard,12,15.64,12,18.29,12,0,10,12,219.48,187.68,31.8,0,1,2024-03
1005994,2024-03-19,Electronics,East,Supplier D,WH-East,Express,22,288.36,17,491.19,21,1,74,16,10314.99,6055.56,4259.43,1,0,2024-03
1004351,2024-03-19,Home & Kitchen,North,Supplier E,WH-East,Standard,6,319.56,9,462.65,6,0,44,9,2775.9,1917.36,858.54,0,1,2024-03
1003835,2024-03-19,Electronics,South,Supplier D,WH-East,Standard,18,235.08,7,325.62,16,2,37,9,5209.92,3761.28,1448.64,1,1,2024-03
1001692,2024-03-19,Office Supplies,West,Supplier A,WH-South,Express,17,91.73,5,149.91,16,1,23,5,2398.56,1467.68,930.88,1,1,2024-03
1000666,2024-03-20,Office Supplies,West,Supplier B,WH-South,Standard,15,249.92,5,303.42,15,0,29,6,4551.3,3748.8,802.5,0,1,2024-03
1002414,2024-03-20,Health & Beauty,East,Supplier C,WH-East,Same Day,14,249.99,16,372.1,14,0,73,16,5209.4,3499.86,1709.54,0,0,2024-03
1004155,2024-03-21,Apparel,East,Supplier E,WH-West,Standard,13,73.93,8,88.02,10,3,27,7,880.2,739.3,140.9,1,1,2024-03
1000802,2024-03-21,Health & Beauty,North,Supplier E,WH-West,Standard,24,101.1,7,155.06,22,2,64,6,3411.32,2224.2,1187.12,1,1,2024-03
1003313,2024-03-21,Health & Beauty,South,Supplier B,WH-West,Express,21,347.78,4,475.81,17,4,22,6,8088.77,5912.26,2176.51,1,0,2024-03
1001407,2024-03-21,Health & Beauty,South,Supplier C,WH-East,Standard,16,89.02,16,134.71,16,0,52,14,2155.36,1424.32,731.04,0,0,2024-03
1000066,2024-03-21,Electronics,West,Supplier E,WH-West,Express,24,324.47,13,555.71,20,4,17,11,11114.2,6489.4,4624.8,1,0,2024-03
1000210,2024-03-21,Home & Kitchen,West,Supplier E,WH-North,Standard,2,29.44,13,44.46,2,0,26,13,88.92,58.88,30.04,0,0,2024-03
1004020,2024-03-22,Apparel,East,Supplier E,WH-East,Standard,8,54.08,8,81.16,8,0,49,8,649.28,432.64,216.64,0,1,2024-03
1001263,2024-03-22,Electronics,North,Supplier C,WH-East,Standard,17,36.84,13,55.59,16,1,52,14,889.44,589.44,300.0,1,0,2024-03
1001631,2024-03-22,Electronics,East,Supplier A,WH-North,Standard,5,101.19,9,127.22,5,0,75,10,636.1,505.95,130.15,0,1,2024-03
1004298,2024-03-22,Health & Beauty,East,Supplier D,WH-West,Standard,15,28.66,15,35.9,15,0,28,14,538.5,429.9,108.6,0,0,2024-03
1003505,2024-03-22,Office Supplies,East,Supplier C,WH-East,Express,13,193.2,15,234.49,12,1,60,15,2813.88,2318.4,495.48,1,0,2024-03
1005050,2024-03-22,Health & Beauty,West,Supplier E,WH-East,Standard,20,314.57,13,522.53,19,1,39,13,9928.07,5976.83,3951.24,1,0,2024-03
1002849,2024-03-22,Apparel,South,Supplier E,WH-West,Standard,6,88.35,17,131.73,6,0,54,18,790.38,530.1,260.28,0,0,2024-03
1004666,2024-03-22,Electronics,West,Supplier D,WH-South,Standard,11,350.6,3,583.75,10,1,23,2,5837.5,3506.0,2331.5,1,1,2024-03
1003585,2024-03-23,Health & Beauty,West,Supplier B,WH-North,Standard,10,16.85,14,29.43,9,1,43,13,264.87,151.65,113.22,1,0,2024-03
1004366,2024-03-23,Home & Kitchen,West,Supplier D,WH-East,Standard,17,296.16,13,397.49,17,0,73,15,6757.33,5034.72,1722.61,0,0,2024-03
1003684,2024-03-23,Apparel,West,Supplier D,WH-North,Standard,18,56.53,9,68.11,17,1,63,11,1157.87,961.01,196.86,1,1,2024-03
1002406,2024-03-23,Home & Kitchen,East,Supplier A,WH-North,Standard,23,339.4,17,493.91,19,4,63,16,9384.29,6448.6,2935.69,1,0,2024-03
1000751,2024-03-23,Home & Kitchen,East,Supplier C,WH-West,Standard,23,8.45,2,12.59,21,2,17,2,264.39,177.45,86.94,1,1,2024-03
1005249,2024-03-23,Home & Kitchen,South,Supplier B,WH-South,Express,6,109.53,8,178.56,6,0,29,8,1071.36,657.18,414.18,0,0,2024-03
1005541,2024-03-23,Home & Kitchen,East,Supplier E,WH-North,Standard,9,30.39,15,45.75,9,0,71,15,411.75,273.51,138.24,0,0,2024-03
1005850,2024-03-23,Office Supplies,East,Supplier E,WH-West,Express,7,112.42,5,191.05,5,2,68,6,955.25,562.1,393.15,1,0,2024-03
1003098,2024-03-23,Apparel,West,Supplier B,WH-South,Same Day,7,167.56,16,241.24,6,1,17,18,1447.44,1005.36,442.08,1,0,2024-03
1003302,2024-03-24,Home & Kitchen,West,Supplier E,WH-North,Same Day,6,303.75,10,514.54,5,1,23,11,2572.7,1518.75,1053.95,1,0,2024-03
1003285,2024-03-24,Office Supplies,West,Supplier B,WH-East,Standard,18,89.47,10,103.59,18,0,30,9,1864.62,1610.46,254.16,0,1,2024-03
1004978,2024-03-24,Apparel,East,Supplier A,WH-South,Express,19,250.95,9,308.22,18,1,34,8,5547.96,4517.1,1030.86,1,0,2024-03
1002302,2024-03-24,Apparel,West,Supplier C,WH-West,Standard,21,15.72,9,20.64,21,0,69,10,433.44,330.12,103.32,0,1,2024-03
1001719,2024-03-24,Office Supplies,East,Supplier E,WH-West,Standard,20,424.85,14,583.96,19,1,56,15,11095.24,8072.15,3023.09,1,0,2024-03
1002155,2024-03-24,Apparel,West,Supplier C,WH-East,Standard,12,192.29,5,335.82,12,0,40,5,4029.84,2307.48,1722.36,0,1,2024-03
1001830,2024-03-24,Health & Beauty,East,Supplier C,WH-North,Same Day,19,148.88,7,205.37,16,3,60,5,3285.92,2382.08,903.84,1,0,2024-03
1001927,2024-03-24,Electronics,South,Supplier B,WH-East,Standard,4,258.37,9,345.59,4,0,29,8,1382.36,1033.48,348.88,0,1,2024-03
1001709,2024-03-24,Health & Beauty,North,Supplier B,WH-South,Standard,22,427.37,13,540.22,21,1,48,11,11344.62,8974.77,2369.85,1,1,2024-03
1001837,2024-03-24,Apparel,East,Supplier C,WH-West,Standard,23,143.27,9,193.99,22,1,50,10,4267.78,3151.94,1115.84,1,1,2024-03
1001178,2024-03-24,Health & Beauty,West,Supplier A,WH-East,Standard,12,327.79,9,532.68,12,0,59,9,6392.16,3933.48,2458.68,0,1,2024-03
1004269,2024-03-24,Home & Kitchen,South,Supplier C,WH-South,Standard,23,283.16,6,392.94,21,2,10,4,8251.74,5946.36,2305.38,1,1,2024-03
1004056,2024-03-24,Electronics,North,Supplier A,WH-West,Express,7,155.82,7,194.6,6,1,39,6,1167.6,934.92,232.68,1,0,2024-03
1000753,2024-03-25,Apparel,South,Supplier E,WH-North,Standard,6,155.48,10,193.19,6,0,50,12,1159.14,932.88,226.26,0,1,2024-03
1001256,2024-03-25,Electronics,South,Supplier E,WH-West,Standard,8,293.29,8,389.58,8,0,73,9,3116.64,2346.32,770.32,0,1,2024-03
1004102,2024-03-25,Apparel,East,Supplier B,WH-East,Standard,8,57.18,4,98.77,7,1,74,2,691.39,400.26,291.13,1,1,2024-03
1002091,2024-03-25,Home & Kitchen,East,Supplier E,WH-North,Express,24,71.06,5,116.84,24,0,77,5,2804.16,1705.44,1098.72,0,1,2024-03
1002895,2024-03-26,Home & Kitchen,West,Supplier D,WH-East,Express,23,61.62,14,95.01,22,1,66,16,2090.22,1355.64,734.58,1,0,2024-03
1004999,2024-03-26,Home & Kitchen,West,Supplier A,WH-North,Standard,10,136.85,10,202.17,10,0,47,12,2021.7,1368.5,653.2,0,1,2024-03
1001426,2024-03-26,Home & Kitchen,West,Supplier B,WH-East,Express,3,21.18,6,36.73,3,0,15,8,110.19,63.54,46.65,0,0,2024-03
1001796,2024-03-26,Office Supplies,West,Supplier A,WH-North,Express,20,202.77,13,312.57,20,0,26,14,6251.4,4055.4,2196.0,0,0,2024-03
1003970,2024-03-26,Electronics,West,Supplier E,WH-South,Standard,7,267.63,9,319.61,5,2,15,11,1598.05,1338.15,259.9,1,1,2024-03
1002020,2024-03-26,Home & Kitchen,East,Supplier D,WH-East,Express,10,230.66,14,358.65,7,3,44,12,2510.55,1614.62,895.93,1,0,2024-03
1000158,2024-03-26,Health & Beauty,South,Supplier A,WH-North,Same Day,11,232.55,4,326.78,10,1,76,3,3267.8,2325.5,942.3,1,0,2024-03
1000899,2024-03-26,Home & Kitchen,North,Supplier B,WH-West,Express,15,318.01,16,406.64,13,2,79,17,5286.32,4134.13,1152.19,1,0,2024-03
1005909,2024-03-26,Office Supplies,East,Supplier A,WH-North,Standard,5,441.0,2,602.64,4,1,32,2,2410.56,1764.0,646.56,1,1,2024-03
1000463,2024-03-26,Office Supplies,South,Supplier D,WH-South,Standard,12,112.4,12,134.09,11,1,32,12,1474.99,1236.4,238.59,1,1,2024-03
1003197,2024-03-27,Apparel,West,Supplier A,WH-South,Standard,2,225.48,17,326.14,2,0,25,17,652.28,450.96,201.32,0,0,2024-03
1002517,2024-03-27,Home & Kitchen,East,Supplier B,WH-South,Standard,11,165.16,10,219.12,10,1,48,10,2191.2,1651.6,539.6,1,1,2024-03
1005301,2024-03-27,Apparel,South,Supplier E,WH-East,Same Day,4,32.44,17,45.04,3,1,74,18,135.12,97.32,37.8,1,0,2024-03
1001222,2024-03-27,Electronics,North,Supplier C,WH-East,Standard,12,26.44,6,40.55,11,1,12,6,446.05,290.84,155.21,1,1,2024-03
1003411,2024-03-27,Office Supplies,North,Supplier C,WH-West,Standard,23,87.83,6,135.08,22,1,19,7,2971.76,1932.26,1039.5,1,1,2024-03
1004527,2024-03-27,Health & Beauty,North,Supplier E,WH-West,Standard,1,415.32,8,616.74,1,0,37,7,616.74,415.32,201.42,0,1,2024-03
1001848,2024-03-27,Home & Kitchen,South,Supplier E,WH-North,Express,5,177.16,5,301.48,2,3,21,4,602.96,354.32,248.64,1,1,2024-03
1002512,2024-03-27,Electronics,West,Supplier E,WH-East,Standard,4,43.63,13,55.66,4,0,79,14,222.64,174.52,48.12,0,0,2024-03
1005702,2024-03-28,Apparel,North,Supplier D,WH-East,Standard,13,366.1,7,450.1,13,0,54,7,5851.3,4759.3,1092.0,0,1,2024-03
1001787,2024-03-28,Home & Kitchen,South,Supplier C,WH-West,Express,1,77.73,12,99.51,1,0,18,12,99.51,77.73,21.78,0,0,2024-03
1000014,2024-03-28,Home & Kitchen,South,Supplier B,WH-North,Standard,14,312.66,6,377.33,12,2,60,8,4527.96,3751.92,776.04,1,1,2024-03
1002630,2024-03-28,Apparel,South,Supplier A,WH-North,Standard,7,211.68,3,324.04,6,1,21,2,1944.24,1270.08,674.16,1,1,2024-03
1004157,2024-03-28,Office Supplies,North,Supplier A,WH-South,Standard,8,279.23,13,420.21,7,1,60,13,2941.47,1954.61,986.86,1,0,2024-03
1004474,2024-03-28,Electronics,East,Supplier C,WH-North,Standard,9,401.17,15,521.78,9,0,53,15,4696.02,3610.53,1085.49,0,0,2024-03
1001242,2024-03-28,Electronics,West,Supplier A,WH-East,Express,17,28.86,17,42.64,17,0,54,19,724.88,490.62,234.26,0,0,2024-03
1003668,2024-03-28,Home & Kitchen,West,Supplier B,WH-North,Express,16,103.92,2,154.62,14,2,53,1,2164.68,1454.88,709.8,1,1,2024-03
1004945,2024-03-28,Home & Kitchen,East,Supplier B,WH-South,Standard,7,432.92,2,650.96,7,0,28,2,4556.72,3030.44,1526.28,0,1,2024-03
1002050,2024-03-29,Home & Kitchen,South,Supplier B,WH-East,Express,2,226.86,16,311.22,2,0,51,16,622.44,453.72,168.72,0,0,2024-03
1003123,2024-03-29,Health & Beauty,East,Supplier B,WH-North,Standard,13,26.82,2,43.41,13,0,64,3,564.33,348.66,215.67,0,1,2024-03
1004221,2024-03-29,Electronics,North,Supplier C,WH-North,Standard,15,209.22,4,262.07,14,1,56,3,3668.98,2929.08,739.9,1,1,2024-03
1001415,2024-03-29,Apparel,East,Supplier D,WH-West,Standard,10,114.23,5,180.74,8,2,17,4,1445.92,913.84,532.08,1,1,2024-03
1001554,2024-03-29,Apparel,West,Supplier A,WH-West,Standard,19,265.18,8,325.31,19,0,65,6,6180.89,5038.42,1142.47,0,1,2024-03
1005034,2024-03-29,Office Supplies,East,Supplier A,WH-East,Standard,21,18.21,13,30.24,20,1,13,11,604.8,364.2,240.6,1,1,2024-03
1001033,2024-03-29,Home & Kitchen,South,Supplier C,WH-East,Express,3,242.8,13,338.83,3,0,30,14,1016.49,728.4,288.09,0,0,2024-03
1003934,2024-03-30,Apparel,North,Supplier E,WH-East,Standard,1,391.5,3,556.42,1,0,34,3,556.42,391.5,164.92,0,1,2024-03
1005615,2024-03-30,Apparel,North,Supplier B,WH-South,Standard,19,397.38,14,627.69,18,1,15,14,11298.42,7152.84,4145.58,1,0,2024-03
1001810,2024-03-30,Home & Kitchen,West,Supplier C,WH-North,Standard,23,161.85,10,263.37,21,2,27,12,5530.77,3398.85,2131.92,1,1,2024-03
1003854,2024-03-30,Apparel,South,Supplier E,WH-East,Standard,10,209.03,12,273.87,10,0,16,14,2738.7,2090.3,648.4,0,0,2024-03
1002139,2024-03-30,Office Supplies,North,Supplier C,WH-East,Standard,12,81.1,4,108.27,10,2,71,4,1082.7,811.0,271.7,1,1,2024-03
1000981,2024-03-30,Home & Kitchen,North,Supplier E,WH-East,Express,11,366.68,17,622.1,11,0,36,16,6843.1,4033.48,2809.62,0,0,2024-03
1004922,2024-03-30,Health & Beauty,East,Supplier E,WH-East,Standard,3,349.4,12,513.6,3,0,71,12,1540.8,1048.2,492.6,0,1,2024-03
1000698,2024-03-30,Office Supplies,North,Supplier B,WH-North,Standard,10,146.92,11,194.4,9,1,16,11,1749.6,1322.28,427.32,1,1,2024-03
1000520,2024-03-30,Electronics,West,Supplier A,WH-East,Express,18,316.51,9,545.03,16,2,27,8,8720.48,5064.16,3656.32,1,0,2024-03
1003468,2024-03-31,Health & Beauty,South,Supplier C,WH-West,Standard,17,254.33,4,364.95,16,1,65,2,5839.2,4069.28,1769.92,1,1,2024-03
1004814,2024-03-31,Electronics,West,Supplier E,WH-North,Standard,9,93.88,13,115.7,7,2,17,14,809.9,657.16,152.74,1,0,2024-03
1004019,2024-03-31,Apparel,East,Supplier D,WH-North,Standard,11,86.45,11,145.31,9,2,70,13,1307.79,778.05,529.74,1,0,2024-03
1005329,2024-03-31,Apparel,West,Supplier D,WH-North,Standard,13,30.77,6,40.6,13,0,56,8,527.8,400.01,127.79,0,1,2024-03
1000634,2024-03-31,Office Supplies,East,Supplier E,WH-West,Standard,17,412.79,11,601.28,16,1,10,13,9620.48,6604.64,3015.84,1,0,2024-03
1000398,2024-04-01,Office Supplies,East,Supplier B,WH-East,Same Day,12,30.94,5,42.81,10,2,59,4,428.1,309.4,118.7,1,0,2024-04
1004461,2024-04-01,Apparel,West,Supplier B,WH-East,Express,4,100.72,12,157.11,4,0,70,12,628.44,402.88,225.56,0,0,2024-04
1004719,2024-04-01,Home & Kitchen,West,Supplier E,WH-South,Same Day,16,221.05,14,360.04,16,0,71,14,5760.64,3536.8,2223.84,0,0,2024-04
1000059,2024-04-01,Health & Beauty,South,Supplier D,WH-South,Standard,12,400.59,9,472.42,11,1,18,8,5196.62,4406.49,790.13,1,1,2024-04
1001797,2024-04-01,Office Supplies,East,Supplier C,WH-North,Same Day,2,79.72,3,138.55,2,0,57,4,277.1,159.44,117.66,0,0,2024-04
1002381,2024-04-01,Office Supplies,South,Supplier D,WH-West,Express,9,22.63,8,39.53,9,0,10,7,355.77,203.67,152.1,0,0,2024-04
1001604,2024-04-01,Health & Beauty,North,Supplier C,WH-South,Same Day,15,343.51,7,469.24,15,0,36,6,7038.6,5152.65,1885.95,0,0,2024-04
1002437,2024-04-01,Electronics,North,Supplier C,WH-East,Standard,14,68.37,12,92.51,13,1,11,12,1202.63,888.81,313.82,1,1,2024-04
1004632,2024-04-02,Office Supplies,North,Supplier B,WH-West,Express,13,68.07,11,96.38,12,1,73,12,1156.56,816.84,339.72,1,0,2024-04
1005501,2024-04-02,Home & Kitchen,North,Supplier B,WH-South,Express,6,220.01,6,353.74,4,2,41,6,1414.96,880.04,534.92,1,0,2024-04
1004596,2024-04-02,Home & Kitchen,North,Supplier D,WH-East,Standard,18,197.07,16,286.72,16,2,67,16,4587.52,3153.12,1434.4,1,0,2024-04
1003912,2024-04-02,Health & Beauty,South,Supplier D,WH-West,Same Day,11,321.61,10,374.68,11,0,67,9,4121.48,3537.71,583.77,0,0,2024-04
1004987,2024-04-02,Home & Kitchen,North,Supplier B,WH-North,Same Day,1,42.71,6,60.53,1,0,57,4,60.53,42.71,17.82,0,0,2024-04
1005992,2024-04-02,Electronics,West,Supplier D,WH-North,Standard,17,201.98,16,341.37,17,0,74,14,5803.29,3433.66,2369.63,0,0,2024-04
1004903,2024-04-02,Office Supplies,East,Supplier C,WH-West,Express,13,147.17,16,251.26,12,1,46,16,3015.12,1766.04,1249.08,1,0,2024-04
1000828,2024-04-02,Home & Kitchen,East,Supplier E,WH-North,Standard,17,424.97,7,687.06,15,2,17,7,10305.9,6374.55,3931.35,1,1,2024-04
1001874,2024-04-02,Electronics,North,Supplier C,WH-West,Same Day,24,389.14,9,672.84,21,3,13,8,14129.64,8171.94,5957.7,1,0,2024-04
1003969,2024-04-02,Home & Kitchen,East,Supplier D,WH-West,Same Day,4,68.34,8,114.82,4,0,54,10,459.28,273.36,185.92,0,0,2024-04
1003212,2024-04-02,Health & Beauty,West,Supplier C,WH-East,Express,20,129.66,13,153.56,19,1,19,13,2917.64,2463.54,454.1,1,0,2024-04
1000469,2024-04-03,Apparel,East,Supplier D,WH-West,Standard,5,315.21,5,511.28,4,1,44,6,2045.12,1260.84,784.28,1,1,2024-04
1005154,2024-04-03,Electronics,East,Supplier E,WH-South,Standard,20,380.9,12,630.88,20,0,64,14,12617.6,7618.0,4999.6,0,0,2024-04
1004923,2024-04-03,Electronics,North,Supplier C,WH-West,Standard,16,121.21,8,171.74,15,1,28,7,2576.1,1818.15,757.95,1,1,2024-04
1000819,2024-04-04,Apparel,East,Supplier D,WH-South,Standard,24,205.63,8,311.38,22,2,24,7,6850.36,4523.86,2326.5,1,1,2024-04
1002362,2024-04-04,Home & Kitchen,West,Supplier B,WH-North,Standard,22,287.64,14,462.9,21,1,67,13,9720.9,6040.44,3680.46,1,0,2024-04
1000765,2024-04-04,Electronics,West,Supplier E,WH-South,Standard,3,17.84,14,27.42,2,1,36,15,54.84,35.68,19.16,1,0,2024-04
1001094,2024-04-04,Electronics,South,Supplier E,WH-East,Standard,3,17.89,13,25.15,2,1,41,13,50.3,35.78,14.52,1,0,2024-04
1004223,2024-04-04,Apparel,South,Supplier C,WH-East,Express,18,56.51,4,88.06,15,3,44,2,1320.9,847.65,473.25,1,1,2024-04
1001005,2024-04-04,Apparel,North,Supplier B,WH-West,Standard,6,54.91,17,85.5,5,1,32,19,427.5,274.55,152.95,1,0,2024-04
1000446,2024-04-05,Apparel,South,Supplier B,WH-South,Express,12,278.43,10,346.39,10,2,46,9,3463.9,2784.3,679.6,1,0,2024-04
1001241,2024-04-05,Health & Beauty,East,Supplier B,WH-North,Standard,19,406.07,14,509.34,17,2,13,13,8658.78,6903.19,1755.59,1,0,2024-04
1005518,2024-04-05,Electronics,South,Supplier E,WH-North,Standard,20,329.08,13,470.3,18,2,23,11,8465.4,5923.44,2541.96,1,1,2024-04
1005012,2024-04-05,Health & Beauty,East,Supplier C,WH-North,Standard,8,72.88,5,110.86,8,0,39,3,886.88,583.04,303.84,0,1,2024-04
1005738,2024-04-05,Electronics,South,Supplier D,WH-North,Standard,13,218.36,6,374.62,13,0,77,6,4870.06,2838.68,2031.38,0,1,2024-04
1004686,2024-04-05,Home & Kitchen,North,Supplier E,WH-North,Standard,23,33.01,9,46.65,21,2,53,10,979.65,693.21,286.44,1,1,2024-04
1003663,2024-04-05,Electronics,North,Supplier A,WH-West,Standard,2,345.67,15,601.23,2,0,47,13,1202.46,691.34,511.12,0,0,2024-04
1000543,2024-04-05,Electronics,North,Supplier E,WH-North,Express,24,235.68,2,314.47,23,1,14,4,7232.81,5420.64,1812.17,1,1,2024-04
1004160,2024-04-05,Home & Kitchen,East,Supplier D,WH-North,Standard,24,245.1,16,295.99,22,2,71,16,6511.78,5392.2,1119.58,1,0,2024-04
1005809,2024-04-05,Electronics,South,Supplier B,WH-South,Standard,6,11.24,15,17.82,6,0,37,15,106.92,67.44,39.48,0,0,2024-04
1000146,2024-04-05,Home & Kitchen,South,Supplier A,WH-North,Express,6,116.19,3,139.72,5,1,53,4,698.6,580.95,117.65,1,1,2024-04
1002498,2024-04-06,Office Supplies,East,Supplier D,WH-North,Standard,19,107.73,7,145.94,17,2,72,7,2480.98,1831.41,649.57,1,1,2024-04
1004515,2024-04-06,Apparel,South,Supplier E,WH-East,Standard,5,439.48,8,733.83,5,0,38,9,3669.15,2197.4,1471.75,0,1,2024-04
1001070,2024-04-06,Office Supplies,North,Supplier E,WH-East,Standard,1,309.77,7,436.42,1,0,51,7,436.42,309.77,126.65,0,1,2024-04
1004250,2024-04-06,Electronics,West,Supplier A,WH-East,Express,17,325.09,16,557.2,16,1,12,17,8915.2,5201.44,3713.76,1,0,2024-04
1002928,2024-04-06,Apparel,South,Supplier D,WH-East,Standard,13,428.69,17,536.09,10,3,26,18,5360.9,4286.9,1074.0,1,0,2024-04
1001450,2024-04-07,Electronics,North,Supplier B,WH-West,Express,19,320.03,5,517.45,17,2,23,6,8796.65,5440.51,3356.14,1,0,2024-04
1002890,2024-04-07,Apparel,South,Supplier B,WH-South,Same Day,12,10.45,8,12.19,12,0,25,8,146.28,125.4,20.88,0,0,2024-04
1004307,2024-04-07,Home & Kitchen,North,Supplier A,WH-South,Standard,15,205.38,13,279.72,15,0,12,12,4195.8,3080.7,1115.1,0,1,2024-04
1000790,2024-04-07,Home & Kitchen,South,Supplier A,WH-South,Express,16,63.95,12,111.21,15,1,55,10,1668.15,959.25,708.9,1,0,2024-04
1004968,2024-04-07,Apparel,South,Supplier D,WH-North,Standard,7,141.46,12,232.41,7,0,67,14,1626.87,990.22,636.65,0,0,2024-04
1005180,2024-04-07,Health & Beauty,East,Supplier A,WH-East,Standard,2,313.24,17,362.56,2,0,63,17,725.12,626.48,98.64,0,0,2024-04
1001354,2024-04-07,Home & Kitchen,South,Supplier A,WH-South,Standard,20,359.38,12,578.37,20,0,42,13,11567.4,7187.6,4379.8,0,0,2024-04
1001700,2024-04-08,Electronics,North,Supplier E,WH-East,Same Day,22,197.72,16,319.32,21,1,13,14,6705.72,4152.12,2553.6,1,0,2024-04
1000541,2024-04-08,Health & Beauty,South,Supplier B,WH-South,Standard,5,115.51,8,199.2,5,0,54,7,996.0,577.55,418.45,0,1,2024-04
1000357,2024-04-08,Apparel,South,Supplier B,WH-West,Standard,4,194.76,16,246.06,3,1,13,16,738.18,584.28,153.9,1,0,2024-04
1000349,2024-04-08,Home & Kitchen,West,Supplier B,WH-North,Standard,2,331.92,4,562.75,2,0,71,2,1125.5,663.84,461.66,0,1,2024-04
1004041,2024-04-08,Office Supplies,West,Supplier C,WH-North,Standard,19,406.85,5,568.63,17,2,65,4,9666.71,6916.45,2750.26,1,1,2024-04
1002407,2024-04-08,Office Supplies,South,Supplier A,WH-West,Same Day,14,446.48,4,676.93,13,1,67,6,8800.09,5804.24,2995.85,1,0,2024-04
1000737,2024-04-08,Electronics,West,Supplier E,WH-East,Standard,9,19.03,3,23.9,9,0,42,2,215.1,171.27,43.83,0,1,2024-04
1005568,2024-04-08,Apparel,South,Supplier D,WH-South,Standard,17,230.23,2,277.52,15,2,66,1,4162.8,3453.45,709.35,1,1,2024-04
1000298,2024-04-08,Electronics,West,Supplier D,WH-West,Standard,22,334.93,16,579.52,22,0,65,14,12749.44,7368.46,5380.98,0,0,2024-04
1000126,2024-04-08,Apparel,West,Supplier E,WH-West,Express,23,371.46,12,438.74,22,1,41,14,9652.28,8172.12,1480.16,1,0,2024-04
1000278,2024-04-08,Apparel,East,Supplier E,WH-North,Standard,23,376.21,11,439.03,22,1,28,11,9658.66,8276.62,1382.04,1,1,2024-04
1003455,2024-04-08,Office Supplies,East,Supplier B,WH-East,Standard,18,445.22,8,724.16,17,1,21,8,12310.72,7568.74,4741.98,1,1,2024-04
1000576,2024-04-08,Electronics,South,Supplier B,WH-West,Express,11,72.46,16,96.56,11,0,34,16,1062.16,797.06,265.1,0,0,2024-04
1001542,2024-04-08,Electronics,West,Supplier C,WH-East,Standard,22,421.65,14,523.21,19,3,41,15,9940.99,8011.35,1929.64,1,0,2024-04
1004192,2024-04-09,Apparel,South,Supplier A,WH-North,Standard,14,348.54,11,596.95,14,0,43,12,8357.3,4879.56,3477.74,0,1,2024-04
1003735,2024-04-09,Apparel,North,Supplier C,WH-North,Standard,10,247.31,17,385.46,9,1,18,15,3469.14,2225.79,1243.35,1,0,2024-04
1000016,2024-04-09,Apparel,North,Supplier D,WH-North,Standard,7,367.52,9,625.8,7,0,57,10,4380.6,2572.64,1807.96,0,1,2024-04
1003728,2024-04-09,Health & Beauty,North,Supplier A,WH-East,Express,9,90.79,3,122.6,8,1,13,3,980.8,726.32,254.48,1,1,2024-04
1004341,2024-04-09,Office Supplies,West,Supplier A,WH-North,Standard,13,413.79,17,552.07,13,0,19,19,7176.91,5379.27,1797.64,0,0,2024-04
1000483,2024-04-09,Home & Kitchen,North,Supplier E,WH-North,Standard,16,250.06,6,431.02,15,1,14,6,6465.3,3750.9,2714.4,1,1,2024-04
1001910,2024-04-09,Electronics,East,Supplier B,WH-West,Express,5,429.01,3,542.05,4,1,71,3,2168.2,1716.04,452.16,1,1,2024-04
1002420,2024-04-10,Office Supplies,North,Supplier B,WH-East,Express,11,321.2,9,421.6,9,2,43,9,3794.4,2890.8,903.6,1,0,2024-04
1003713,2024-04-10,Home & Kitchen,East,Supplier C,WH-East,Standard,20,228.84,3,366.16,18,2,33,5,6590.88,4119.12,2471.76,1,1,2024-04
1002331,2024-04-10,Home & Kitchen,South,Supplier E,WH-South,Standard,12,49.03,8,66.39,11,1,34,6,730.29,539.33,190.96,1,1,2024-04
1002692,2024-04-10,Office Supplies,South,Supplier B,WH-East,Standard,2,223.52,11,324.8,2,0,41,12,649.6,447.04,202.56,0,1,2024-04
1002513,2024-04-10,Electronics,East,Supplier D,WH-East,Standard,8,340.59,17,512.46,8,0,48,18,4099.68,2724.72,1374.96,0,0,2024-04
1004998,2024-04-10,Home & Kitchen,North,Supplier E,WH-North,Standard,3,54.27,4,90.35,3,0,14,2,271.05,162.81,108.24,0,1,2024-04
1003702,2024-04-10,Electronics,North,Supplier D,WH-South,Standard,1,377.2,16,593.84,1,0,36,15,593.84,377.2,216.64,0,0,2024-04
1004151,2024-04-11,Health & Beauty,North,Supplier D,WH-East,Standard,14,331.16,10,536.85,13,1,50,11,6979.05,4305.08,2673.97,1,1,2024-04
1003876,2024-04-11,Health & Beauty,North,Supplier D,WH-South,Express,24,444.77,11,765.54,22,2,22,11,16841.88,9784.94,7056.94,1,0,2024-04
1002059,2024-04-11,Electronics,South,Supplier B,WH-East,Standard,10,445.29,15,774.43,9,1,73,15,6969.87,4007.61,2962.26,1,0,2024-04
1002987,2024-04-11,Home & Kitchen,East,Supplier C,WH-North,Standard,4,224.93,17,276.58,4,0,10,18,1106.32,899.72,206.6,0,0,2024-04
1002230,2024-04-11,Home & Kitchen,West,Supplier D,WH-South,Standard,3,144.08,14,250.83,3,0,58,14,752.49,432.24,320.25,0,0,2024-04
1001392,2024-04-11,Home & Kitchen,South,Supplier C,WH-East,Standard,17,233.17,17,351.84,16,1,68,17,5629.44,3730.72,1898.72,1,0,2024-04
1005903,2024-04-11,Home & Kitchen,East,Supplier E,WH-East,Standard,17,261.83,11,424.97,17,0,75,11,7224.49,4451.11,2773.38,0,1,2024-04
1003493,2024-04-11,Health & Beauty,North,Supplier E,WH-North,Standard,24,439.64,10,527.27,22,2,61,8,11599.94,9672.08,1927.86,1,1,2024-04
1003768,2024-04-11,Home & Kitchen,North,Supplier A,WH-East,Standard,5,62.78,7,83.78,5,0,23,5,418.9,313.9,105.0,0,1,2024-04
1002087,2024-04-11,Electronics,West,Supplier C,WH-West,Express,8,163.0,16,234.25,7,1,53,17,1639.75,1141.0,498.75,1,0,2024-04
1001782,2024-04-11,Health & Beauty,East,Supplier D,WH-South,Standard,15,15.07,6,24.76,15,0,29,7,371.4,226.05,145.35,0,1,2024-04
1005481,2024-04-12,Apparel,South,Supplier C,WH-North,Standard,8,411.81,7,697.67,8,0,66,8,5581.36,3294.48,2286.88,0,1,2024-04
1001807,2024-04-12,Electronics,East,Supplier A,WH-South,Express,13,47.93,3,76.69,13,0,78,5,996.97,623.09,373.88,0,1,2024-04
1003264,2024-04-12,Apparel,East,Supplier D,WH-South,Standard,14,188.12,6,242.67,13,1,40,5,3154.71,2445.56,709.15,1,1,2024-04
1000001,2024-04-12,Office Supplies,West,Supplier C,WH-North,Standard,9,308.57,13,425.12,9,0,52,13,3826.08,2777.13,1048.95,0,0,2024-04
1000422,2024-04-12,Office Supplies,East,Supplier C,WH-West,Standard,5,248.01,9,418.2,5,0,63,8,2091.0,1240.05,850.95,0,1,2024-04
1004614,2024-04-12,Health & Beauty,North,Supplier B,WH-West,Standard,17,19.68,4,31.99,17,0,14,5,543.83,334.56,209.27,0,1,2024-04
1000786,2024-04-12,Apparel,South,Supplier B,WH-East,Standard,11,241.78,11,406.68,11,0,43,11,4473.48,2659.58,1813.9,0,1,2024-04
1005822,2024-04-13,Electronics,West,Supplier E,WH-East,Express,24,407.02,13,468.61,22,2,10,14,10309.42,8954.44,1354.98,1,0,2024-04
1004159,2024-04-13,Health & Beauty,East,Supplier C,WH-South,Standard,9,347.42,7,414.57,9,0,30,9,3731.13,3126.78,604.35,0,1,2024-04
1004801,2024-04-13,Electronics,South,Supplier C,WH-West,Standard,9,388.47,12,531.99,8,1,48,10,4255.92,3107.76,1148.16,1,1,2024-04
1003788,2024-04-13,Apparel,South,Supplier B,WH-South,Standard,20,139.97,9,224.85,17,3,59,10,3822.45,2379.49,1442.96,1,1,2024-04
1002293,2024-04-13,Office Supplies,South,Supplier B,WH-West,Express,22,284.04,9,489.79,21,1,61,11,10285.59,5964.84,4320.75,1,0,2024-04
1003456,2024-04-13,Electronics,West,Supplier B,WH-East,Standard,5,89.32,15,153.86,5,0,61,16,769.3,446.6,322.7,0,0,2024-04
1003841,2024-04-13,Health & Beauty,East,Supplier B,WH-West,Standard,9,184.18,14,266.64,8,1,14,15,2133.12,1473.44,659.68,1,0,2024-04
1005221,2024-04-13,Electronics,East,Supplier E,WH-North,Standard,12,206.84,9,246.93,9,3,11,10,2222.37,1861.56,360.81,1,1,2024-04
1003570,2024-04-13,Office Supplies,North,Supplier B,WH-West,Standard,15,343.52,8,421.97,15,0,33,8,6329.55,5152.8,1176.75,0,1,2024-04
1000378,2024-04-13,Apparel,North,Supplier C,WH-East,Express,9,173.29,13,282.64,9,0,30,12,2543.76,1559.61,984.15,0,0,2024-04
1001050,2024-04-13,Health & Beauty,South,Supplier C,WH-North,Standard,20,208.26,11,255.81,18,2,21,11,4604.58,3748.68,855.9,1,1,2024-04
1000292,2024-04-13,Apparel,East,Supplier A,WH-North,Express,14,141.84,9,177.45,14,0,26,10,2484.3,1985.76,498.54,0,0,2024-04
1002661,2024-04-13,Office Supplies,West,Supplier D,WH-West,Same Day,20,165.33,4,265.57,18,2,33,4,4780.26,2975.94,1804.32,1,0,2024-04
1002953,2024-04-13,Electronics,West,Supplier B,WH-North,Standard,11,393.8,2,670.12,9,2,37,2,6031.08,3544.2,2486.88,1,1,2024-04
1004031,2024-04-14,Apparel,West,Supplier D,WH-South,Standard,7,135.83,17,170.12,6,1,69,17,1020.72,814.98,205.74,1,0,2024-04
1002487,2024-04-14,Electronics,South,Supplier A,WH-North,Same Day,6,347.49,15,534.65,6,0,49,17,3207.9,2084.94,1122.96,0,0,2024-04
1003291,2024-04-14,Home & Kitchen,South,Supplier D,WH-South,Standard,20,60.69,16,99.14,19,1,12,17,1883.66,1153.11,730.55,1,0,2024-04
1000736,2024-04-14,Home & Kitchen,North,Supplier A,WH-East,Standard,12,75.16,2,92.99,11,1,54,1,1022.89,826.76,196.13,1,1,2024-04
1005244,2024-04-14,Electronics,South,Supplier C,WH-East,Standard,3,153.28,4,267.01,3,0,64,4,801.03,459.84,341.19,0,1,2024-04
1005290,2024-04-14,Health & Beauty,South,Supplier A,WH-East,Express,20,82.36,15,115.92,19,1,35,13,2202.48,1564.84,637.64,1,0,2024-04
1000072,2024-04-15,Electronics,West,Supplier A,WH-East,Standard,13,392.49,17,538.78,13,0,19,17,7004.14,5102.37,1901.77,0,0,2024-04
1001122,2024-04-15,Office Supplies,South,Supplier B,WH-East,Standard,24,31.19,17,43.67,22,2,11,15,960.74,686.18,274.56,1,0,2024-04
1005515,2024-04-15,Home & Kitchen,South,Supplier E,WH-West,Same Day,11,321.77,7,552.26,10,1,68,7,5522.6,3217.7,2304.9,1,0,2024-04
1005039,2024-04-15,Home & Kitchen,North,Supplier D,WH-East,Standard,17,46.21,7,73.92,16,1,20,5,1182.72,739.36,443.36,1,1,2024-04
1001814,2024-04-15,Home & Kitchen,West,Supplier E,WH-North,Standard,16,152.0,3,256.58,15,1,34,2,3848.7,2280.0,1568.7,1,1,2024-04
1002132,2024-04-15,Office Supplies,East,Supplier B,WH-East,Standard,15,88.81,9,125.17,12,3,63,9,1502.04,1065.72,436.32,1,1,2024-04
1000430,2024-04-15,Electronics,West,Supplier C,WH-East,Standard,4,16.63,8,19.65,4,0,65,9,78.6,66.52,12.08,0,1,2024-04
1005030,2024-04-15,Home & Kitchen,North,Supplier C,WH-South,Standard,2,156.32,12,192.62,1,1,45,13,192.62,156.32,36.3,1,0,2024-04
1000800,2024-04-15,Apparel,North,Supplier A,WH-North,Express,3,292.43,12,419.16,2,1,28,14,838.32,584.86,253.46,1,0,2024-04
1001959,2024-04-16,Apparel,West,Supplier B,WH-South,Standard,19,199.51,7,242.23,19,0,62,6,4602.37,3790.69,811.68,0,1,2024-04
1005191,2024-04-16,Electronics,South,Supplier B,WH-South,Express,4,304.11,16,387.14,4,0,30,14,1548.56,1216.44,332.12,0,0,2024-04
1000004,2024-04-16,Home & Kitchen,East,Supplier C,WH-North,Standard,14,377.07,4,529.15,13,1,37,4,6878.95,4901.91,1977.04,1,1,2024-04
1001531,2024-04-16,Apparel,West,Supplier E,WH-East,Standard,5,134.14,12,220.4,5,0,42,13,1102.0,670.7,431.3,0,0,2024-04
1000857,2024-04-16,Electronics,East,Supplier E,WH-South,Express,12,82.58,8,118.37,10,2,68,8,1183.7,825.8,357.9,1,0,2024-04
1003330,2024-04-16,Health & Beauty,West,Supplier D,WH-South,Standard,15,408.74,14,589.68,15,0,65,14,8845.2,6131.1,2714.1,0,0,2024-04
1005701,2024-04-16,Home & Kitchen,South,Supplier A,WH-East,Standard,2,44.32,4,71.56,2,0,39,4,143.12,88.64,54.48,0,1,2024-04
1001466,2024-04-17,Electronics,East,Supplier C,WH-North,Standard,22,236.41,17,289.64,20,2,20,15,5792.8,4728.2,1064.6,1,0,2024-04
1002197,2024-04-17,Apparel,East,Supplier A,WH-South,Express,16,136.89,7,184.6,14,2,23,6,2584.4,1916.46,667.94,1,0,2024-04
1002145,2024-04-17,Home & Kitchen,South,Supplier E,WH-East,Standard,22,262.46,6,350.19,18,4,20,6,6303.42,4724.28,1579.14,1,1,2024-04
1005720,2024-04-17,Health & Beauty,North,Supplier E,WH-West,Standard,19,210.14,4,365.57,19,0,20,2,6945.83,3992.66,2953.17,0,1,2024-04
1005361,2024-04-17,Office Supplies,West,Supplier A,WH-East,Standard,21,386.45,11,560.11,21,0,73,13,11762.31,8115.45,3646.86,0,0,2024-04
1001388,2024-04-17,Health & Beauty,South,Supplier E,WH-North,Standard,19,377.11,4,552.21,18,1,22,4,9939.78,6787.98,3151.8,1,1,2024-04
1004325,2024-04-17,Office Supplies,West,Supplier D,WH-North,Express,19,331.31,13,521.91,17,2,57,14,8872.47,5632.27,3240.2,1,0,2024-04
1002646,2024-04-17,Health & Beauty,East,Supplier A,WH-North,Express,18,161.55,13,275.24,16,2,28,14,4403.84,2584.8,1819.04,1,0,2024-04
1004187,2024-04-18,Health & Beauty,South,Supplier C,WH-West,Standard,6,283.65,8,382.4,5,1,74,9,1912.0,1418.25,493.75,1,1,2024-04
1001305,2024-04-18,Home & Kitchen,South,Supplier B,WH-South,Standard,1,41.89,16,63.19,1,0,23,18,63.19,41.89,21.3,0,0,2024-04
1004519,2024-04-18,Electronics,West,Supplier B,WH-North,Express,11,391.83,7,511.93,10,1,46,9,5119.3,3918.3,1201.0,1,0,2024-04
1005132,2024-04-18,Apparel,East,Supplier A,WH-South,Express,13,161.63,11,204.22,13,0,60,10,2654.86,2101.19,553.67,0,0,2024-04
1002732,2024-04-18,Home & Kitchen,South,Supplier A,WH-South,Express,18,376.71,6,573.43,17,1,79,6,9748.31,6404.07,3344.24,1,0,2024-04
1000911,2024-04-18,Home & Kitchen,South,Supplier A,WH-West,Express,9,407.27,9,660.4,9,0,54,10,5943.6,3665.43,2278.17,0,0,2024-04
1005841,2024-04-18,Office Supplies,North,Supplier A,WH-West,Standard,14,221.99,6,354.45,14,0,77,8,4962.3,3107.86,1854.44,0,1,2024-04
1003258,2024-04-18,Apparel,East,Supplier A,WH-North,Standard,23,178.43,5,210.41,19,4,38,4,3997.79,3390.17,607.62,1,1,2024-04
1003435,2024-04-18,Home & Kitchen,East,Supplier D,WH-West,Express,16,401.0,4,690.82,16,0,54,3,11053.12,6416.0,4637.12,0,1,2024-04
1000586,2024-04-18,Office Supplies,South,Supplier E,WH-West,Standard,5,256.31,5,299.08,5,0,46,3,1495.4,1281.55,213.85,0,1,2024-04
1004059,2024-04-18,Office Supplies,South,Supplier D,WH-East,Standard,18,63.47,17,77.29,18,0,48,15,1391.22,1142.46,248.76,0,0,2024-04
1003421,2024-04-18,Office Supplies,North,Supplier B,WH-East,Express,22,448.47,2,707.51,21,1,72,1,14857.71,9417.87,5439.84,1,1,2024-04
1002981,2024-04-18,Apparel,North,Supplier C,WH-West,Same Day,6,257.71,16,423.24,5,1,53,14,2116.2,1288.55,827.65,1,0,2024-04
1004045,2024-04-18,Apparel,South,Supplier C,WH-East,Standard,11,348.27,9,448.27,9,2,64,8,4034.43,3134.43,900.0,1,1,2024-04
1005851,2024-04-19,Home & Kitchen,South,Supplier B,WH-South,Standard,5,329.78,5,405.94,5,0,57,5,2029.7,1648.9,380.8,0,1,2024-04
1002363,2024-04-19,Electronics,East,Supplier E,WH-West,Standard,2,51.57,2,78.99,2,0,33,2,157.98,103.14,54.84,0,1,2024-04
1004985,2024-04-19,Office Supplies,South,Supplier C,WH-North,Standard,24,300.89,3,516.73,21,3,31,2,10851.33,6318.69,4532.64,1,1,2024-04
1000816,2024-04-20,Apparel,North,Supplier A,WH-North,Standard,2,373.98,10,514.11,2,0,18,9,1028.22,747.96,280.26,0,1,2024-04
1002651,2024-04-20,Home & Kitchen,West,Supplier A,WH-North,Standard,7,163.86,9,233.26,7,0,64,9,1632.82,1147.02,485.8,0,1,2024-04
1005138,2024-04-20,Apparel,East,Supplier A,WH-North,Standard,16,121.89,6,171.91,16,0,65,6,2750.56,1950.24,800.32,0,1,2024-04
1004148,2024-04-20,Health & Beauty,East,Supplier A,WH-East,Standard,1,215.39,9,306.14,1,0,38,11,306.14,215.39,90.75,0,1,2024-04
1000915,2024-04-20,Home & Kitchen,South,Supplier E,WH-North,Standard,18,216.0,2,250.09,18,0,16,2,4501.62,3888.0,613.62,0,1,2024-04
1005882,2024-04-20,Health & Beauty,East,Supplier B,WH-North,Standard,18,189.74,16,326.67,17,1,47,16,5553.39,3225.58,2327.81,1,0,2024-04
1003450,2024-04-20,Office Supplies,West,Supplier B,WH-North,Standard,11,208.64,12,281.71,10,1,19,11,2817.1,2086.4,730.7,1,1,2024-04
1000913,2024-04-20,Electronics,South,Supplier A,WH-South,Express,2,381.09,11,561.96,2,0,64,11,1123.92,762.18,361.74,0,0,2024-04
1004402,2024-04-20,Electronics,South,Supplier D,WH-West,Express,5,130.51,17,169.26,5,0,43,17,846.3,652.55,193.75,0,0,2024-04
1003602,2024-04-20,Electronics,South,Supplier D,WH-South,Express,9,277.11,15,348.74,9,0,26,13,3138.66,2493.99,644.67,0,0,2024-04
1003773,2024-04-20,Home & Kitchen,West,Supplier B,WH-East,Standard,22,218.22,16,374.17,21,1,53,16,7857.57,4582.62,3274.95,1,0,2024-04
1005381,2024-04-20,Electronics,East,Supplier E,WH-North,Standard,10,323.12,14,433.48,9,1,57,12,3901.32,2908.08,993.24,1,1,2024-04
1005912,2024-04-20,Office Supplies,West,Supplier D,WH-East,Standard,18,192.96,5,259.42,18,0,19,5,4669.56,3473.28,1196.28,0,1,2024-04
1001832,2024-04-20,Office Supplies,East,Supplier C,WH-East,Express,1,407.78,15,517.02,1,0,71,15,517.02,407.78,109.24,0,0,2024-04
1002672,2024-04-21,Electronics,West,Supplier D,WH-West,Standard,16,70.32,15,85.18,15,1,28,15,1277.7,1054.8,222.9,1,0,2024-04
1004118,2024-04-21,Office Supplies,West,Supplier E,WH-East,Standard,14,293.85,10,481.64,14,0,70,12,6742.96,4113.9,2629.06,0,1,2024-04
1005888,2024-04-21,Office Supplies,East,Supplier B,WH-West,Express,14,370.74,3,548.83,12,2,73,4,6585.96,4448.88,2137.08,1,1,2024-04
1002887,2024-04-21,Apparel,West,Supplier D,WH-West,Standard,10,57.56,9,82.07,8,2,12,11,656.56,460.48,196.08,1,1,2024-04
1005325,2024-04-21,Apparel,West,Supplier A,WH-West,Same Day,10,166.94,15,253.4,10,0,48,14,2534.0,1669.4,864.6,0,0,2024-04
1000295,2024-04-21,Electronics,North,Supplier A,WH-West,Standard,6,192.28,4,307.95,6,0,52,3,1847.7,1153.68,694.02,0,1,2024-04
1005022,2024-04-21,Office Supplies,South,Supplier D,WH-West,Express,2,42.63,13,61.64,1,1,48,11,61.64,42.63,19.01,1,0,2024-04
1004909,2024-04-21,Apparel,West,Supplier C,WH-South,Same Day,17,128.96,2,181.25,15,2,21,3,2718.75,1934.4,784.35,1,0,2024-04
1004064,2024-04-21,Office Supplies,North,Supplier B,WH-South,Standard,15,397.28,10,483.27,12,3,23,8,5799.24,4767.36,1031.88,1,1,2024-04
1004873,2024-04-22,Office Supplies,West,Supplier A,WH-East,Express,14,326.85,11,438.63,14,0,11,10,6140.82,4575.9,1564.92,0,0,2024-04
1003286,2024-04-22,Electronics,South,Supplier C,WH-East,Express,13,433.48,9,512.86,13,0,14,10,6667.18,5635.24,1031.94,0,0,2024-04
1005537,2024-04-22,Apparel,East,Supplier B,WH-West,Standard,10,394.28,7,643.25,9,1,60,7,5789.25,3548.52,2240.73,1,1,2024-04
1000977,2024-04-22,Home & Kitchen,West,Supplier E,WH-North,Express,7,382.43,6,445.84,7,0,38,7,3120.88,2677.01,443.87,0,0,2024-04
1000212,2024-04-22,Apparel,West,Supplier D,WH-East,Standard,4,379.84,5,568.19,4,0,68,6,2272.76,1519.36,753.4,0,1,2024-04
1000207,2024-04-22,Electronics,West,Supplier B,WH-East,Express,12,61.66,10,88.38,12,0,48,9,1060.56,739.92,320.64,0,0,2024-04
1000199,2024-04-22,Electronics,North,Supplier E,WH-East,Express,20,174.26,7,288.99,18,2,66,7,5201.82,3136.68,2065.14,1,0,2024-04
1001211,2024-04-22,Apparel,South,Supplier C,WH-North,Standard,14,225.4,17,328.17,13,1,40,15,4266.21,2930.2,1336.01,1,0,2024-04
1005286,2024-04-22,Electronics,North,Supplier C,WH-East,Standard,18,226.14,3,353.9,17,1,20,3,6016.3,3844.38,2171.92,1,1,2024-04
1004242,2024-04-22,Apparel,North,Supplier D,WH-East,Standard,11,90.68,7,142.68,11,0,57,9,1569.48,997.48,572.0,0,1,2024-04
1003547,2024-04-22,Home & Kitchen,South,Supplier E,WH-South,Standard,2,389.17,2,590.43,2,0,66,4,1180.86,778.34,402.52,0,1,2024-04
1001350,2024-04-22,Office Supplies,West,Supplier B,WH-South,Same Day,11,72.9,2,125.12,10,1,51,2,1251.2,729.0,522.2,1,1,2024-04
1001642,2024-04-22,Home & Kitchen,West,Supplier C,WH-South,Standard,11,46.64,6,59.0,11,0,23,6,649.0,513.04,135.96,0,1,2024-04
1002748,2024-04-22,Electronics,North,Supplier A,WH-South,Standard,16,153.27,5,205.63,14,2,52,7,2878.82,2145.78,733.04,1,1,2024-04
1002594,2024-04-22,Health & Beauty,East,Supplier B,WH-West,Same Day,19,425.72,11,543.52,19,0,58,13,10326.88,8088.68,2238.2,0,0,2024-04
1002743,2024-04-22,Apparel,North,Supplier E,WH-East,Standard,1,11.57,3,14.98,1,0,54,1,14.98,11.57,3.41,0,1,2024-04
1003524,2024-04-23,Office Supplies,West,Supplier A,WH-North,Standard,24,434.15,14,584.58,21,3,28,12,12276.18,9117.15,3159.03,1,1,2024-04
1002313,2024-04-23,Electronics,North,Supplier E,WH-North,Standard,14,346.9,4,593.48,14,0,41,5,8308.72,4856.6,3452.12,0,1,2024-04
1001212,2024-04-23,Electronics,South,Supplier A,WH-South,Express,18,239.74,13,391.64,14,4,58,11,5482.96,3356.36,2126.6,1,0,2024-04
1001586,2024-04-23,Health & Beauty,East,Supplier E,WH-East,Standard,21,108.97,17,142.62,19,2,24,16,2709.78,2070.43,639.35,1,0,2024-04
1004835,2024-04-23,Office Supplies,East,Supplier B,WH-West,Standard,7,41.57,4,69.03,7,0,31,6,483.21,290.99,192.22,0,1,2024-04
1004022,2024-04-23,Electronics,West,Supplier E,WH-North,Standard,10,335.98,2,397.44,9,1,21,4,3576.96,3023.82,553.14,1,1,2024-04
1002028,2024-04-23,Health & Beauty,East,Supplier A,WH-West,Standard,4,250.43,3,382.05,3,1,31,5,1146.15,751.29,394.86,1,1,2024-04
1001289,2024-04-24,Apparel,North,Supplier B,WH-South,Standard,9,303.96,14,402.45,9,0,25,15,3622.05,2735.64,886.41,0,0,2024-04
1001592,2024-04-24,Electronics,East,Supplier B,WH-East,Express,2,150.42,11,183.73,2,0,35,12,367.46,300.84,66.62,0,0,2024-04
1003072,2024-04-24,Apparel,North,Supplier D,WH-East,Standard,8,383.18,7,641.26,5,3,69,8,3206.3,1915.9,1290.4,1,1,2024-04
1004565,2024-04-24,Apparel,North,Supplier C,WH-South,Standard,6,423.15,9,642.85,5,1,76,11,3214.25,2115.75,1098.5,1,1,2024-04
1000524,2024-04-24,Apparel,East,Supplier A,WH-North,Express,10,361.31,16,588.69,9,1,45,15,5298.21,3251.79,2046.42,1,0,2024-04
1005218,2024-04-24,Electronics,South,Supplier B,WH-North,Standard,17,170.97,10,287.23,16,1,23,10,4595.68,2735.52,1860.16,1,1,2024-04
1003513,2024-04-25,Office Supplies,East,Supplier E,WH-West,Standard,14,295.78,16,443.41,13,1,46,15,5764.33,3845.14,1919.19,1,0,2024-04
1001805,2024-04-25,Health & Beauty,North,Supplier E,WH-North,Standard,16,263.27,5,404.13,16,0,38,4,6466.08,4212.32,2253.76,0,1,2024-04
1005657,2024-04-25,Office Supplies,East,Supplier A,WH-West,Standard,8,438.19,7,672.21,6,2,33,9,4033.26,2629.14,1404.12,1,1,2024-04
1005566,2024-04-25,Electronics,South,Supplier D,WH-North,Express,7,425.52,2,679.42,7,0,49,2,4755.94,2978.64,1777.3,0,1,2024-04
1004017,2024-04-25,Electronics,East,Supplier B,WH-East,Standard,10,41.26,2,49.78,10,0,64,3,497.8,412.6,85.2,0,1,2024-04
1005962,2024-04-25,Office Supplies,East,Supplier D,WH-East,Express,5,409.92,12,695.92,2,3,78,12,1391.84,819.84,572.0,1,0,2024-04
1002266,2024-04-25,Health & Beauty,East,Supplier B,WH-North,Standard,13,128.8,15,188.46,13,0,23,13,2449.98,1674.4,775.58,0,0,2024-04
1004663,2024-04-25,Office Supplies,East,Supplier B,WH-North,Express,10,237.27,14,341.39,8,2,43,14,2731.12,1898.16,832.96,1,0,2024-04
1000359,2024-04-25,Health & Beauty,West,Supplier B,WH-West,Express,20,395.64,3,628.57,16,4,21,3,10057.12,6330.24,3726.88,1,1,2024-04
1003469,2024-04-26,Home & Kitchen,South,Supplier D,WH-West,Standard,8,196.73,15,239.92,8,0,23,17,1919.36,1573.84,345.52,0,0,2024-04
1000658,2024-04-26,Office Supplies,North,Supplier A,WH-North,Same Day,24,279.69,10,382.48,23,1,29,11,8797.04,6432.87,2364.17,1,0,2024-04
1001148,2024-04-26,Electronics,North,Supplier A,WH-South,Standard,7,289.09,9,505.73,7,0,68,8,3540.11,2023.63,1516.48,0,1,2024-04
1001893,2024-04-26,Apparel,West,Supplier A,WH-West,Express,7,294.64,3,438.51,6,1,55,2,2631.06,1767.84,863.22,1,1,2024-04
1001762,2024-04-26,Electronics,West,Supplier D,WH-West,Standard,5,79.93,3,127.92,5,0,31,3,639.6,399.65,239.95,0,1,2024-04
1000439,2024-04-26,Health & Beauty,North,Supplier A,WH-South,Standard,8,40.5,7,53.86,8,0,70,6,430.88,324.0,106.88,0,1,2024-04
1002114,2024-04-26,Health & Beauty,South,Supplier A,WH-East,Standard,22,9.51,9,15.98,20,2,60,9,319.6,190.2,129.4,1,1,2024-04
1002736,2024-04-26,Electronics,East,Supplier C,WH-East,Express,14,154.02,10,230.63,13,1,35,12,2998.19,2002.26,995.93,1,0,2024-04
1002371,2024-04-26,Electronics,South,Supplier A,WH-North,Standard,12,202.35,4,298.11,11,1,50,5,3279.21,2225.85,1053.36,1,1,2024-04
1000958,2024-04-27,Home & Kitchen,West,Supplier D,WH-West,Standard,6,217.62,9,256.93,6,0,23,9,1541.58,1305.72,235.86,0,1,2024-04
1005960,2024-04-27,Health & Beauty,West,Supplier E,WH-North,Standard,12,69.36,8,104.31,11,1,42,6,1147.41,762.96,384.45,1,1,2024-04
1003297,2024-04-27,Electronics,North,Supplier A,WH-East,Express,24,227.15,3,287.57,22,2,61,3,6326.54,4997.3,1329.24,1,1,2024-04
1000772,2024-04-27,Apparel,South,Supplier A,WH-West,Standard,14,250.4,9,313.57,13,1,78,7,4076.41,3255.2,821.21,1,1,2024-04
1003758,2024-04-27,Home & Kitchen,North,Supplier B,WH-East,Standard,8,74.62,4,125.18,6,2,36,3,751.08,447.72,303.36,1,1,2024-04
1004254,2024-04-27,Home & Kitchen,East,Supplier B,WH-West,Express,7,381.86,16,535.83,7,0,42,15,3750.81,2673.02,1077.79,0,0,2024-04
1003352,2024-04-27,Office Supplies,South,Supplier B,WH-South,Standard,14,123.4,10,184.36,14,0,32,10,2581.04,1727.6,853.44,0,1,2024-04
1001079,2024-04-27,Office Supplies,East,Supplier B,WH-West,Standard,21,209.45,2,310.89,20,1,72,2,6217.8,4189.0,2028.8,1,1,2024-04
1000973,2024-04-27,Electronics,South,Supplier A,WH-South,Standard,1,349.69,12,530.84,1,0,20,14,530.84,349.69,181.15,0,0,2024-04
1004577,2024-04-27,Home & Kitchen,East,Supplier B,WH-East,Same Day,20,144.48,3,168.95,17,3,44,1,2872.15,2456.16,415.99,1,1,2024-04
1004915,2024-04-27,Electronics,North,Supplier E,WH-South,Standard,10,283.91,9,439.49,10,0,35,11,4394.9,2839.1,1555.8,0,1,2024-04
1000448,2024-04-27,Home & Kitchen,South,Supplier A,WH-East,Express,7,12.58,7,21.02,7,0,45,6,147.14,88.06,59.08,0,0,2024-04
1002751,2024-04-27,Electronics,North,Supplier C,WH-East,Express,6,189.47,13,292.04,4,2,28,14,1168.16,757.88,410.28,1,0,2024-04
1002164,2024-04-27,Apparel,East,Supplier B,WH-North,Standard,12,57.32,13,76.24,9,3,65,13,686.16,515.88,170.28,1,0,2024-04
1001979,2024-04-28,Apparel,East,Supplier C,WH-West,Standard,12,124.49,11,158.0,10,2,33,9,1580.0,1244.9,335.1,1,1,2024-04
1000723,2024-04-28,Health & Beauty,North,Supplier C,WH-North,Standard,21,220.31,12,304.84,18,3,13,12,5487.12,3965.58,1521.54,1,1,2024-04
1005229,2024-04-28,Electronics,South,Supplier A,WH-South,Standard,15,339.16,4,446.0,13,2,26,4,5798.0,4409.08,1388.92,1,1,2024-04
1001270,2024-04-28,Electronics,North,Supplier A,WH-North,Standard,22,389.39,8,577.17,19,3,58,10,10966.23,7398.41,3567.82,1,1,2024-04
1002565,2024-04-28,Health & Beauty,North,Supplier B,WH-West,Standard,13,171.91,8,248.15,10,3,12,6,2481.5,1719.1,762.4,1,1,2024-04
1002024,2024-04-28,Office Supplies,East,Supplier A,WH-West,Standard,10,73.51,8,98.11,10,0,44,7,981.1,735.1,246.0,0,1,2024-04
1002710,2024-04-28,Apparel,East,Supplier E,WH-South,Standard,7,28.56,12,49.54,7,0,23,13,346.78,199.92,146.86,0,0,2024-04
1003784,2024-04-28,Office Supplies,East,Supplier B,WH-North,Express,5,183.07,16,255.64,4,1,79,16,1022.56,732.28,290.28,1,0,2024-04
1001245,2024-04-29,Home & Kitchen,West,Supplier C,WH-North,Standard,7,418.52,13,704.74,6,1,53,14,4228.44,2511.12,1717.32,1,0,2024-04
1001676,2024-04-29,Electronics,South,Supplier E,WH-East,Express,22,179.0,14,280.05,20,2,29,14,5601.0,3580.0,2021.0,1,0,2024-04
1004792,2024-04-29,Home & Kitchen,East,Supplier B,WH-West,Standard,21,302.93,11,436.08,19,2,13,10,8285.52,5755.67,2529.85,1,1,2024-04
1000285,2024-04-29,Home & Kitchen,West,Supplier C,WH-West,Standard,16,390.99,13,612.22,16,0,75,14,9795.52,6255.84,3539.68,0,0,2024-04
1000434,2024-04-29,Home & Kitchen,East,Supplier C,WH-East,Same Day,17,58.6,6,81.12,16,1,62,7,1297.92,937.6,360.32,1,0,2024-04
1002490,2024-04-29,Electronics,East,Supplier A,WH-West,Standard,18,120.6,11,177.47,18,0,19,10,3194.46,2170.8,1023.66,0,1,2024-04
1005083,2024-04-29,Health & Beauty,East,Supplier E,WH-North,Standard,3,205.65,16,327.77,3,0,66,18,983.31,616.95,366.36,0,0,2024-04
1001553,2024-04-29,Apparel,South,Supplier C,WH-West,Standard,15,136.73,17,222.19,14,1,17,16,3110.66,1914.22,1196.44,1,0,2024-04
1003114,2024-04-29,Home & Kitchen,South,Supplier C,WH-South,Standard,8,404.49,10,629.83,7,1,24,9,4408.81,2831.43,1577.38,1,1,2024-04
1005580,2024-04-30,Apparel,South,Supplier A,WH-East,Standard,17,383.9,3,618.78,17,0,15,1,10519.26,6526.3,3992.96,0,1,2024-04
1000852,2024-04-30,Apparel,South,Supplier E,WH-West,Express,11,350.69,9,438.32,8,3,35,9,3506.56,2805.52,701.04,1,0,2024-04
1004478,2024-04-30,Home & Kitchen,East,Supplier C,WH-West,Standard,24,242.45,2,329.77,21,3,63,4,6925.17,5091.45,1833.72,1,1,2024-04
1001958,2024-04-30,Home & Kitchen,East,Supplier C,WH-North,Standard,24,395.32,16,512.97,21,3,67,15,10772.37,8301.72,2470.65,1,0,2024-04
1005447,2024-05-01,Electronics,North,Supplier E,WH-West,Standard,3,156.92,17,204.0,2,1,28,19,408.0,313.84,94.16,1,0,2024-05
1002595,2024-05-01,Office Supplies,North,Supplier C,WH-West,Standard,20,79.56,17,121.18,16,4,23,15,1938.88,1272.96,665.92,1,0,2024-05
1000009,2024-05-01,Electronics,West,Supplier B,WH-West,Express,11,404.22,2,519.28,10,1,45,2,5192.8,4042.2,1150.6,1,1,2024-05
1000695,2024-05-01,Apparel,East,Supplier B,WH-East,Same Day,8,91.13,6,129.41,8,0,75,6,1035.28,729.04,306.24,0,0,2024-05
1004683,2024-05-01,Apparel,East,Supplier B,WH-West,Standard,24,164.19,4,253.16,20,4,55,4,5063.2,3283.8,1779.4,1,1,2024-05
1001853,2024-05-01,Home & Kitchen,South,Supplier B,WH-North,Standard,12,333.65,14,567.51,11,1,56,14,6242.61,3670.15,2572.46,1,0,2024-05
1001812,2024-05-01,Apparel,East,Supplier E,WH-West,Standard,15,360.79,8,605.86,15,0,64,8,9087.9,5411.85,3676.05,0,1,2024-05
1003896,2024-05-01,Office Supplies,East,Supplier C,WH-West,Standard,5,214.71,4,369.82,4,1,52,5,1479.28,858.84,620.44,1,1,2024-05
1003405,2024-05-01,Home & Kitchen,West,Supplier B,WH-West,Standard,1,84.39,6,134.48,1,0,28,8,134.48,84.39,50.09,0,1,2024-05
1004452,2024-05-02,Electronics,East,Supplier E,WH-East,Standard,23,376.46,11,526.79,20,3,20,12,10535.8,7529.2,3006.6,1,1,2024-05
1000232,2024-05-02,Electronics,North,Supplier A,WH-East,Standard,13,95.84,10,150.46,11,2,32,12,1655.06,1054.24,600.82,1,1,2024-05
1003586,2024-05-02,Electronics,North,Supplier B,WH-East,Standard,14,419.06,15,720.31,12,2,78,17,8643.72,5028.72,3615.0,1,0,2024-05
1005817,2024-05-02,Electronics,North,Supplier C,WH-North,Standard,5,87.39,9,141.58,5,0,64,9,707.9,436.95,270.95,0,1,2024-05
1002425,2024-05-03,Electronics,North,Supplier E,WH-North,Standard,2,120.02,2,149.45,2,0,18,1,298.9,240.04,58.86,0,1,2024-05
1003051,2024-05-03,Apparel,North,Supplier B,WH-East,Express,16,269.6,9,405.77,15,1,53,7,6086.55,4044.0,2042.55,1,0,2024-05
1003836,2024-05-03,Electronics,East,Supplier A,WH-East,Same Day,5,16.28,16,22.41,5,0,24,17,112.05,81.4,30.65,0,0,2024-05
1004694,2024-05-03,Electronics,West,Supplier B,WH-West,Standard,20,186.47,10,311.33,17,3,36,8,5292.61,3169.99,2122.62,1,1,2024-05
1003409,2024-05-03,Health & Beauty,North,Supplier B,WH-North,Standard,8,360.05,5,488.41,7,1,10,4,3418.87,2520.35,898.52,1,1,2024-05
1002586,2024-05-03,Health & Beauty,North,Supplier C,WH-South,Same Day,12,72.02,15,95.23,12,0,68,17,1142.76,864.24,278.52,0,0,2024-05
1001575,2024-05-03,Electronics,West,Supplier E,WH-East,Express,12,325.24,10,375.98,11,1,66,10,4135.78,3577.64,558.14,1,0,2024-05
1000242,2024-05-03,Electronics,East,Supplier C,WH-North,Express,11,19.35,9,26.66,10,1,73,9,266.6,193.5,73.1,1,0,2024-05
1002762,2024-05-03,Electronics,East,Supplier A,WH-North,Standard,14,68.91,8,80.47,11,3,70,6,885.17,758.01,127.16,1,1,2024-05
1004241,2024-05-03,Apparel,West,Supplier B,WH-West,Standard,1,333.43,16,463.84,1,0,50,16,463.84,333.43,130.41,0,0,2024-05
1005625,2024-05-03,Office Supplies,South,Supplier D,WH-South,Standard,4,268.12,7,459.17,4,0,21,9,1836.68,1072.48,764.2,0,1,2024-05
1002115,2024-05-03,Electronics,East,Supplier D,WH-North,Same Day,22,77.29,17,116.43,20,2,36,15,2328.6,1545.8,782.8,1,0,2024-05
1000406,2024-05-04,Health & Beauty,North,Supplier C,WH-North,Same Day,6,165.71,6,279.62,6,0,25,6,1677.72,994.26,683.46,0,0,2024-05
1004846,2024-05-04,Home & Kitchen,South,Supplier E,WH-North,Standard,17,238.37,12,323.66,15,2,22,12,4854.9,3575.55,1279.35,1,1,2024-05
1003948,2024-05-04,Health & Beauty,North,Supplier D,WH-West,Standard,5,343.27,11,420.0,4,1,48,12,1680.0,1373.08,306.92,1,1,2024-05
1005542,2024-05-04,Home & Kitchen,North,Supplier D,WH-West,Standard,5,179.1,12,302.5,5,0,40,11,1512.5,895.5,617.0,0,1,2024-05
1005482,2024-05-04,Home & Kitchen,South,Supplier C,WH-West,Express,16,399.94,4,546.25,15,1,43,5,8193.75,5999.1,2194.65,1,1,2024-05
1005789,2024-05-04,Home & Kitchen,East,Supplier A,WH-West,Standard,4,107.25,7,176.17,4,0,79,6,704.68,429.0,275.68,0,1,2024-05
1003401,2024-05-04,Apparel,North,Supplier A,WH-West,Standard,5,230.35,10,362.55,4,1,70,8,1450.2,921.4,528.8,1,1,2024-05
1003406,2024-05-04,Apparel,West,Supplier B,WH-North,Standard,18,308.88,10,510.36,17,1,22,11,8676.12,5250.96,3425.16,1,1,2024-05
1000814,2024-05-05,Home & Kitchen,East,Supplier B,WH-South,Standard,11,271.55,10,424.26,11,0,19,10,4666.86,2987.05,1679.81,0,1,2024-05
1003532,2024-05-05,Electronics,East,Supplier D,WH-East,Standard,4,380.74,17,495.48,3,1,41,15,1486.44,1142.22,344.22,1,0,2024-05
1003373,2024-05-05,Electronics,West,Supplier D,WH-West,Express,9,66.32,17,83.18,9,0,11,19,748.62,596.88,151.74,0,0,2024-05
1000638,2024-05-05,Electronics,North,Supplier B,WH-North,Standard,13,23.86,9,30.98,12,1,56,10,371.76,286.32,85.44,1,1,2024-05
1004244,2024-05-05,Home & Kitchen,North,Supplier E,WH-East,Express,6,53.11,12,72.3,6,0,11,12,433.8,318.66,115.14,0,0,2024-05
1001994,2024-05-05,Apparel,North,Supplier A,WH-North,Express,8,405.22,15,702.81,8,0,32,15,5622.48,3241.76,2380.72,0,0,2024-05
1000901,2024-05-05,Home & Kitchen,West,Supplier C,WH-West,Standard,9,16.37,3,27.78,8,1,34,1,222.24,130.96,91.28,1,1,2024-05
1003248,2024-05-06,Office Supplies,South,Supplier D,WH-West,Standard,16,370.29,17,595.42,13,3,64,15,7740.46,4813.77,2926.69,1,0,2024-05
1003564,2024-05-06,Home & Kitchen,West,Supplier A,WH-South,Standard,1,101.12,9,148.4,1,0,11,8,148.4,101.12,47.28,0,1,2024-05
1004383,2024-05-06,Health & Beauty,West,Supplier D,WH-East,Standard,22,119.41,4,151.56,22,0,73,2,3334.32,2627.02,707.3,0,1,2024-05
1004575,2024-05-06,Apparel,North,Supplier E,WH-West,Express,18,185.2,10,213.81,17,1,71,10,3634.77,3148.4,486.37,1,0,2024-05
1000440,2024-05-06,Office Supplies,South,Supplier A,WH-North,Express,9,431.1,9,575.74,8,1,13,8,4605.92,3448.8,1157.12,1,0,2024-05
1003136,2024-05-06,Home & Kitchen,South,Supplier D,WH-East,Express,3,439.18,9,568.93,3,0,43,7,1706.79,1317.54,389.25,0,0,2024-05
1003322,2024-05-06,Home & Kitchen,South,Supplier C,WH-East,Standard,20,59.52,12,86.55,19,1,11,10,1644.45,1130.88,513.57,1,1,2024-05
1001844,2024-05-06,Electronics,East,Supplier A,WH-East,Standard,1,427.04,11,568.37,1,0,53,10,568.37,427.04,141.33,0,1,2024-05
1001121,2024-05-06,Electronics,South,Supplier D,WH-East,Standard,11,186.79,14,256.96,10,1,70,14,2569.6,1867.9,701.7,1,0,2024-05
1005111,2024-05-06,Office Supplies,South,Supplier C,WH-North,Express,4,19.86,17,27.44,4,0,58,16,109.76,79.44,30.32,0,0,2024-05
1002649,2024-05-07,Health & Beauty,East,Supplier B,WH-East,Same Day,5,235.12,8,271.92,4,1,11,10,1087.68,940.48,147.2,1,0,2024-05
1004277,2024-05-07,Apparel,East,Supplier D,WH-West,Express,13,262.43,6,374.97,11,2,75,8,4124.67,2886.73,1237.94,1,0,2024-05
1001310,2024-05-07,Health & Beauty,South,Supplier A,WH-North,Standard,1,173.9,15,210.89,1,0,79,15,210.89,173.9,36.99,0,0,2024-05
1002379,2024-05-07,Apparel,West,Supplier E,WH-North,Express,12,42.51,15,56.27,11,1,24,15,618.97,467.61,151.36,1,0,2024-05
1003562,2024-05-07,Health & Beauty,West,Supplier B,WH-East,Standard,14,33.5,8,44.26,14,0,17,8,619.64,469.0,150.64,0,1,2024-05
1005795,2024-05-07,Health & Beauty,West,Supplier B,WH-South,Standard,10,42.11,6,69.34,10,0,70,6,693.4,421.1,272.3,0,1,2024-05
1005460,2024-05-07,Home & Kitchen,West,Supplier A,WH-West,Express,4,310.31,8,401.32,4,0,75,8,1605.28,1241.24,364.04,0,0,2024-05
1004194,2024-05-07,Apparel,North,Supplier C,WH-West,Standard,4,237.27,13,294.02,3,1,64,13,882.06,711.81,170.25,1,0,2024-05
1001287,2024-05-07,Electronics,North,Supplier A,WH-West,Express,21,370.67,10,581.2,18,3,77,10,10461.6,6672.06,3789.54,1,0,2024-05
1005019,2024-05-07,Apparel,South,Supplier A,WH-North,Standard,19,92.69,7,132.86,17,2,60,7,2258.62,1575.73,682.89,1,1,2024-05
1000365,2024-05-07,Electronics,North,Supplier C,WH-North,Standard,14,304.83,4,448.24,14,0,72,5,6275.36,4267.62,2007.74,0,1,2024-05
1002014,2024-05-08,Office Supplies,South,Supplier B,WH-North,Standard,2,204.29,5,320.63,2,0,10,3,641.26,408.58,232.68,0,1,2024-05
1002493,2024-05-08,Electronics,East,Supplier D,WH-East,Standard,24,201.26,3,328.47,20,4,12,1,6569.4,4025.2,2544.2,1,1,2024-05
1002979,2024-05-08,Office Supplies,North,Supplier A,WH-South,Standard,11,246.13,13,386.27,11,0,66,13,4248.97,2707.43,1541.54,0,0,2024-05
1002967,2024-05-08,Electronics,East,Supplier D,WH-North,Standard,23,306.79,8,379.1,21,2,44,9,7961.1,6442.59,1518.51,1,1,2024-05
1005883,2024-05-08,Health & Beauty,East,Supplier D,WH-West,Express,8,439.11,12,696.65,7,1,34,12,4876.55,3073.77,1802.78,1,0,2024-05
1000102,2024-05-08,Home & Kitchen,East,Supplier D,WH-South,Same Day,17,307.2,9,478.99,16,1,30,7,7663.84,4915.2,2748.64,1,0,2024-05
1004476,2024-05-08,Home & Kitchen,West,Supplier C,WH-East,Standard,2,8.55,7,10.21,1,1,18,9,10.21,8.55,1.66,1,1,2024-05
1004767,2024-05-08,Home & Kitchen,North,Supplier B,WH-South,Standard,7,315.12,14,458.81,6,1,67,14,2752.86,1890.72,862.14,1,0,2024-05
1002657,2024-05-08,Health & Beauty,East,Supplier C,WH-East,Standard,24,39.27,11,55.83,24,0,70,13,1339.92,942.48,397.44,0,0,2024-05
1005703,2024-05-08,Office Supplies,West,Supplier B,WH-North,Express,22,47.13,9,81.4,20,2,30,7,1628.0,942.6,685.4,1,0,2024-05
1004493,2024-05-08,Home & Kitchen,East,Supplier C,WH-East,Standard,10,106.01,10,127.41,10,0,46,9,1274.1,1060.1,214.0,0,1,2024-05
1005305,2024-05-08,Office Supplies,East,Supplier E,WH-South,Standard,22,193.8,3,310.77,17,5,75,4,5283.09,3294.6,1988.49,1,1,2024-05
1004000,2024-05-08,Electronics,West,Supplier D,WH-North,Standard,22,168.32,14,277.73,21,1,25,13,5832.33,3534.72,2297.61,1,0,2024-05
1005693,2024-05-09,Apparel,South,Supplier A,WH-South,Standard,11,401.28,11,615.96,11,0,48,13,6775.56,4414.08,2361.48,0,0,2024-05
1002391,2024-05-09,Office Supplies,North,Supplier E,WH-West,Standard,6,358.81,12,577.4,6,0,21,12,3464.4,2152.86,1311.54,0,1,2024-05
1000221,2024-05-09,Electronics,East,Supplier B,WH-West,Same Day,24,190.38,7,248.73,20,4,29,7,4974.6,3807.6,1167.0,1,0,2024-05
1002259,2024-05-09,Health & Beauty,South,Supplier A,WH-West,Standard,15,381.63,10,562.78,13,2,24,8,7316.14,4961.19,2354.95,1,1,2024-05
1001707,2024-05-09,Electronics,West,Supplier E,WH-North,Express,7,9.89,13,16.56,7,0,78,11,115.92,69.23,46.69,0,0,2024-05
1001338,2024-05-09,Home & Kitchen,East,Supplier A,WH-East,Standard,10,273.65,15,388.35,10,0,22,14,3883.5,2736.5,1147.0,0,0,2024-05
1002494,2024-05-09,Health & Beauty,South,Supplier A,WH-North,Same Day,15,167.09,6,234.34,14,1,78,8,3280.76,2339.26,941.5,1,0,2024-05
1002354,2024-05-09,Home & Kitchen,East,Supplier A,WH-North,Express,16,354.54,10,510.81,14,2,43,10,7151.34,4963.56,2187.78,1,0,2024-05
1001928,2024-05-09,Electronics,North,Supplier B,WH-North,Standard,2,65.77,13,104.69,2,0,32,12,209.38,131.54,77.84,0,1,2024-05
1001092,2024-05-09,Electronics,North,Supplier A,WH-West,Standard,1,302.77,15,372.37,1,0,22,13,372.37,302.77,69.6,0,0,2024-05
1000281,2024-05-10,Home & Kitchen,East,Supplier D,WH-East,Standard,3,140.46,3,204.02,3,0,19,5,612.06,421.38,190.68,0,1,2024-05
1000045,2024-05-10,Home & Kitchen,South,Supplier A,WH-North,Standard,21,182.69,10,242.18,19,2,72,10,4601.42,3471.11,1130.31,1,1,2024-05
1001385,2024-05-10,Apparel,North,Supplier E,WH-East,Express,20,94.37,11,159.97,20,0,13,10,3199.4,1887.4,1312.0,0,0,2024-05
1005890,2024-05-10,Office Supplies,North,Supplier E,WH-East,Same Day,24,242.95,8,317.93,24,0,66,8,7630.32,5830.8,1799.52,0,0,2024-05
1002993,2024-05-10,Health & Beauty,East,Supplier C,WH-East,Express,18,415.59,10,718.14,17,1,29,10,12208.38,7065.03,5143.35,1,0,2024-05
1003018,2024-05-10,Electronics,West,Supplier E,WH-North,Express,2,138.57,9,216.88,2,0,23,9,433.76,277.14,156.62,0,0,2024-05
1002851,2024-05-10,Apparel,South,Supplier A,WH-East,Standard,4,354.4,11,448.56,4,0,53,9,1794.24,1417.6,376.64,0,1,2024-05
1000018,2024-05-10,Office Supplies,North,Supplier E,WH-North,Standard,2,201.96,12,270.58,2,0,56,10,541.16,403.92,137.24,0,1,2024-05
1001451,2024-05-10,Office Supplies,South,Supplier E,WH-West,Express,20,148.86,14,193.75,19,1,32,12,3681.25,2828.34,852.91,1,0,2024-05
1005075,2024-05-11,Apparel,North,Supplier E,WH-North,Express,6,447.27,15,667.49,5,1,79,13,3337.45,2236.35,1101.1,1,0,2024-05
1005300,2024-05-11,Apparel,South,Supplier C,WH-East,Standard,17,259.65,16,315.42,16,1,78,17,5046.72,4154.4,892.32,1,0,2024-05
1002694,2024-05-11,Home & Kitchen,West,Supplier A,WH-West,Standard,21,137.65,13,186.69,20,1,21,11,3733.8,2753.0,980.8,1,1,2024-05
1002697,2024-05-11,Home & Kitchen,South,Supplier D,WH-East,Standard,17,305.36,13,531.77,17,0,51,12,9040.09,5191.12,3848.97,0,1,2024-05
1000627,2024-05-11,Health & Beauty,West,Supplier B,WH-East,Express,23,229.07,15,337.23,22,1,46,15,7419.06,5039.54,2379.52,1,0,2024-05
1001030,2024-05-11,Electronics,South,Supplier B,WH-South,Standard,6,62.95,17,76.88,6,0,18,17,461.28,377.7,83.58,0,0,2024-05
1003184,2024-05-11,Electronics,West,Supplier A,WH-South,Standard,17,169.02,9,286.98,17,0,60,7,4878.66,2873.34,2005.32,0,1,2024-05
1004055,2024-05-11,Electronics,North,Supplier B,WH-North,Standard,23,228.46,9,338.46,20,3,32,9,6769.2,4569.2,2200.0,1,1,2024-05
1001620,2024-05-12,Office Supplies,South,Supplier B,WH-West,Standard,17,426.24,8,621.42,16,1,79,7,9942.72,6819.84,3122.88,1,1,2024-05
1001120,2024-05-12,Electronics,West,Supplier A,WH-South,Standard,14,204.51,15,348.32,12,2,30,14,4179.84,2454.12,1725.72,1,0,2024-05
1000593,2024-05-12,Home & Kitchen,West,Supplier B,WH-North,Express,5,158.16,15,260.12,5,0,76,17,1300.6,790.8,509.8,0,0,2024-05
1000803,2024-05-12,Home & Kitchen,East,Supplier C,WH-South,Same Day,15,369.65,16,508.45,14,1,39,16,7118.3,5175.1,1943.2,1,0,2024-05
1001951,2024-05-12,Electronics,South,Supplier E,WH-West,Standard,1,227.7,5,343.78,1,0,13,7,343.78,227.7,116.08,0,1,2024-05
1002100,2024-05-12,Office Supplies,West,Supplier A,WH-South,Standard,24,157.86,15,189.41,21,3,37,15,3977.61,3315.06,662.55,1,0,2024-05
1003798,2024-05-13,Home & Kitchen,West,Supplier E,WH-West,Standard,16,393.53,5,684.99,14,2,72,7,9589.86,5509.42,4080.44,1,1,2024-05
1001103,2024-05-13,Electronics,West,Supplier C,WH-South,Standard,17,196.02,4,287.51,16,1,45,6,4600.16,3136.32,1463.84,1,1,2024-05
1000659,2024-05-13,Office Supplies,North,Supplier A,WH-South,Standard,14,287.52,13,358.01,14,0,11,15,5012.14,4025.28,986.86,0,0,2024-05
1002345,2024-05-13,Apparel,East,Supplier C,WH-West,Express,10,213.42,3,284.5,8,2,62,1,2276.0,1707.36,568.64,1,1,2024-05
1004332,2024-05-13,Health & Beauty,West,Supplier C,WH-North,Express,6,374.13,13,551.07,6,0,35,14,3306.42,2244.78,1061.64,0,0,2024-05
1000118,2024-05-14,Office Supplies,North,Supplier A,WH-West,Standard,16,156.37,5,219.8,14,2,50,6,3077.2,2189.18,888.02,1,1,2024-05
1005676,2024-05-14,Apparel,South,Supplier E,WH-West,Express,3,43.55,2,53.33,3,0,64,2,159.99,130.65,29.34,0,1,2024-05
1000311,2024-05-14,Office Supplies,South,Supplier B,WH-South,Express,1,49.04,9,73.8,1,0,73,9,73.8,49.04,24.76,0,0,2024-05
1004472,2024-05-14,Office Supplies,East,Supplier B,WH-West,Standard,21,85.96,12,126.39,20,1,42,13,2527.8,1719.2,808.6,1,0,2024-05
1002652,2024-05-15,Apparel,North,Supplier B,WH-East,Express,9,303.63,9,529.8,9,0,13,10,4768.2,2732.67,2035.53,0,0,2024-05
1004701,2024-05-15,Apparel,North,Supplier E,WH-South,Express,1,353.73,12,578.7,1,0,27,12,578.7,353.73,224.97,0,0,2024-05
1005472,2024-05-15,Apparel,East,Supplier A,WH-North,Express,14,345.52,5,498.04,14,0,55,5,6972.56,4837.28,2135.28,0,1,2024-05
1003224,2024-05-15,Health & Beauty,North,Supplier A,WH-South,Standard,6,400.69,10,499.52,6,0,76,12,2997.12,2404.14,592.98,0,1,2024-05
1004584,2024-05-16,Health & Beauty,East,Supplier D,WH-South,Standard,5,226.97,9,389.07,5,0,32,8,1945.35,1134.85,810.5,0,1,2024-05
1005262,2024-05-16,Home & Kitchen,South,Supplier B,WH-West,Standard,21,89.4,9,142.91,19,2,14,8,2715.29,1698.6,1016.69,1,1,2024-05
1005920,2024-05-16,Health & Beauty,West,Supplier E,WH-East,Express,10,63.59,7,88.5,9,1,31,7,796.5,572.31,224.19,1,0,2024-05
1004517,2024-05-16,Apparel,East,Supplier C,WH-North,Express,24,51.52,17,61.63,24,0,24,15,1479.12,1236.48,242.64,0,0,2024-05
1003678,2024-05-16,Office Supplies,West,Supplier A,WH-West,Express,14,444.3,13,757.6,13,1,46,13,9848.8,5775.9,4072.9,1,0,2024-05
1001012,2024-05-16,Electronics,North,Supplier E,WH-East,Standard,22,12.93,17,15.18,19,3,55,19,288.42,245.67,42.75,1,0,2024-05
1004364,2024-05-16,Home & Kitchen,North,Supplier C,WH-East,Express,7,360.12,10,465.77,6,1,69,8,2794.62,2160.72,633.9,1,0,2024-05
1001144,2024-05-16,Health & Beauty,East,Supplier E,WH-East,Standard,5,315.2,9,536.74,5,0,51,10,2683.7,1576.0,1107.7,0,1,2024-05
1000945,2024-05-16,Health & Beauty,West,Supplier A,WH-North,Express,11,351.02,13,570.24,9,2,49,13,5132.16,3159.18,1972.98,1,0,2024-05
1001432,2024-05-16,Health & Beauty,South,Supplier D,WH-South,Express,3,302.28,17,524.81,3,0,78,17,1574.43,906.84,667.59,0,0,2024-05
1002764,2024-05-16,Office Supplies,East,Supplier C,WH-North,Standard,13,208.24,2,285.31,13,0,13,3,3709.03,2707.12,1001.91,0,1,2024-05
1003972,2024-05-16,Home & Kitchen,North,Supplier E,WH-West,Standard,4,145.46,14,189.13,2,2,28,14,378.26,290.92,87.34,1,0,2024-05
1002770,2024-05-17,Home & Kitchen,East,Supplier E,WH-West,Same Day,19,376.35,12,509.81,16,3,75,12,8156.96,6021.6,2135.36,1,0,2024-05
1004847,2024-05-17,Apparel,East,Supplier C,WH-South,Express,20,333.87,2,398.59,18,2,59,3,7174.62,6009.66,1164.96,1,1,2024-05
1005337,2024-05-17,Office Supplies,West,Supplier C,WH-South,Express,5,443.81,11,599.57,5,0,75,13,2997.85,2219.05,778.8,0,0,2024-05
1005692,2024-05-17,Home & Kitchen,North,Supplier D,WH-North,Standard,24,24.99,9,37.32,23,1,66,7,858.36,574.77,283.59,1,1,2024-05
1000804,2024-05-17,Health & Beauty,West,Supplier B,WH-West,Standard,4,394.49,16,580.66,4,0,38,16,2322.64,1577.96,744.68,0,0,2024-05
1003770,2024-05-17,Health & Beauty,West,Supplier E,WH-West,Standard,19,87.39,9,139.38,17,2,48,11,2369.46,1485.63,883.83,1,1,2024-05
1002547,2024-05-17,Electronics,East,Supplier B,WH-East,Same Day,6,85.27,17,115.85,5,1,44,15,579.25,426.35,152.9,1,0,2024-05
1004646,2024-05-18,Home & Kitchen,West,Supplier D,WH-North,Standard,3,306.59,10,492.12,3,0,14,8,1476.36,919.77,556.59,0,1,2024-05
1000106,2024-05-18,Apparel,West,Supplier C,WH-South,Standard,16,180.28,15,310.5,16,0,74,15,4968.0,2884.48,2083.52,0,0,2024-05
1003451,2024-05-18,Electronics,East,Supplier D,WH-East,Standard,23,91.76,3,133.81,22,1,47,3,2943.82,2018.72,925.1,1,1,2024-05
1003937,2024-05-18,Electronics,North,Supplier B,WH-East,Standard,6,149.62,12,223.26,6,0,44,14,1339.56,897.72,441.84,0,0,2024-05
1004466,2024-05-18,Home & Kitchen,North,Supplier A,WH-North,Express,15,56.57,12,97.58,15,0,37,11,1463.7,848.55,615.15,0,0,2024-05
1000985,2024-05-18,Health & Beauty,North,Supplier E,WH-North,Standard,23,130.66,2,227.37,18,5,79,2,4092.66,2351.88,1740.78,1,1,2024-05
1003442,2024-05-18,Home & Kitchen,West,Supplier A,WH-North,Same Day,12,429.4,6,653.61,11,1,43,8,7189.71,4723.4,2466.31,1,0,2024-05
1005195,2024-05-18,Health & Beauty,North,Supplier A,WH-West,Standard,16,303.59,17,496.32,15,1,79,15,7444.8,4553.85,2890.95,1,0,2024-05
1005216,2024-05-18,Apparel,North,Supplier D,WH-South,Standard,23,324.69,2,532.14,23,0,55,1,12239.22,7467.87,4771.35,0,1,2024-05
1003473,2024-05-19,Office Supplies,West,Supplier D,WH-West,Standard,3,173.18,4,281.29,3,0,37,6,843.87,519.54,324.33,0,1,2024-05
1004495,2024-05-19,Home & Kitchen,North,Supplier C,WH-North,Standard,16,197.51,8,331.01,15,1,68,6,4965.15,2962.65,2002.5,1,1,2024-05
1001507,2024-05-19,Electronics,West,Supplier B,WH-West,Standard,7,160.77,16,275.59,6,1,33,15,1653.54,964.62,688.92,1,0,2024-05
1004248,2024-05-19,Home & Kitchen,West,Supplier D,WH-South,Standard,15,201.17,14,280.05,14,1,75,14,3920.7,2816.38,1104.32,1,0,2024-05
1000978,2024-05-19,Office Supplies,North,Supplier C,WH-East,Standard,2,280.22,17,358.91,2,0,72,17,717.82,560.44,157.38,0,0,2024-05
1005298,2024-05-19,Office Supplies,South,Supplier D,WH-West,Standard,19,36.42,6,47.93,15,4,43,4,718.95,546.3,172.65,1,1,2024-05
1005183,2024-05-19,Office Supplies,South,Supplier A,WH-East,Standard,16,217.57,13,331.85,16,0,75,15,5309.6,3481.12,1828.48,0,0,2024-05
1005459,2024-05-20,Apparel,North,Supplier C,WH-West,Express,18,277.57,7,457.87,17,1,38,5,7783.79,4718.69,3065.1,1,1,2024-05
1001473,2024-05-20,Electronics,North,Supplier E,WH-South,Express,22,390.31,16,495.22,22,0,26,14,10894.84,8586.82,2308.02,0,0,2024-05
1003683,2024-05-20,Health & Beauty,South,Supplier B,WH-South,Standard,7,21.33,8,34.81,7,0,52,6,243.67,149.31,94.36,0,1,2024-05
1004268,2024-05-20,Home & Kitchen,East,Supplier A,WH-East,Standard,8,448.59,10,593.67,5,3,31,9,2968.35,2242.95,725.4,1,1,2024-05
1003956,2024-05-20,Health & Beauty,South,Supplier A,WH-West,Standard,13,60.65,8,73.46,12,1,14,8,881.52,727.8,153.72,1,1,2024-05
1002163,2024-05-20,Home & Kitchen,East,Supplier B,WH-South,Same Day,5,138.29,7,181.8,5,0,56,7,909.0,691.45,217.55,0,0,2024-05
1004595,2024-05-20,Electronics,East,Supplier D,WH-South,Standard,4,72.76,5,106.65,3,1,55,7,319.95,218.28,101.67,1,1,2024-05
1002120,2024-05-20,Health & Beauty,North,Supplier A,WH-North,Express,7,361.29,16,532.55,7,0,52,18,3727.85,2529.03,1198.82,0,0,2024-05
1001111,2024-05-20,Home & Kitchen,South,Supplier C,WH-South,Standard,21,374.73,3,624.11,19,2,49,3,11858.09,7119.87,4738.22,1,1,2024-05
1001190,2024-05-20,Apparel,West,Supplier E,WH-East,Same Day,13,281.61,5,406.83,13,0,69,5,5288.79,3660.93,1627.86,0,0,2024-05
1003559,2024-05-20,Apparel,South,Supplier E,WH-North,Express,13,425.21,8,611.49,11,2,23,6,6726.39,4677.31,2049.08,1,0,2024-05
1004175,2024-05-20,Apparel,East,Supplier A,WH-East,Standard,15,68.57,2,104.72,14,1,45,4,1466.08,959.98,506.1,1,1,2024-05
1005607,2024-05-20,Electronics,East,Supplier E,WH-South,Standard,22,287.74,10,386.2,22,0,19,10,8496.4,6330.28,2166.12,0,1,2024-05
1001495,2024-05-21,Electronics,South,Supplier A,WH-North,Standard,2,185.09,15,217.47,2,0,36,15,434.94,370.18,64.76,0,0,2024-05
1005829,2024-05-21,Office Supplies,North,Supplier A,WH-West,Standard,22,449.11,8,744.25,18,4,78,8,13396.5,8083.98,5312.52,1,1,2024-05
1003082,2024-05-21,Electronics,East,Supplier C,WH-North,Standard,8,94.18,4,133.87,8,0,26,4,1070.96,753.44,317.52,0,1,2024-05
1002844,2024-05-21,Office Supplies,South,Supplier C,WH-South,Standard,12,238.33,5,293.06,11,1,49,3,3223.66,2621.63,602.03,1,1,2024-05
1003215,2024-05-21,Electronics,North,Supplier B,WH-East,Express,10,183.71,7,256.09,9,1,76,9,2304.81,1653.39,651.42,1,0,2024-05
1001813,2024-05-22,Health & Beauty,North,Supplier B,WH-North,Standard,24,296.99,7,444.26,24,0,61,5,10662.24,7127.76,3534.48,0,1,2024-05
1003058,2024-05-22,Office Supplies,East,Supplier E,WH-South,Standard,20,229.78,5,353.26,17,3,32,3,6005.42,3906.26,2099.16,1,1,2024-05
1001044,2024-05-22,Office Supplies,South,Supplier E,WH-East,Standard,18,157.46,16,204.45,16,2,24,16,3271.2,2519.36,751.84,1,0,2024-05
1005319,2024-05-22,Electronics,South,Supplier B,WH-North,Standard,2,356.25,16,487.0,2,0,29,15,974.0,712.5,261.5,0,0,2024-05
1000680,2024-05-22,Health & Beauty,East,Supplier C,WH-West,Express,11,169.41,6,250.24,9,2,43,6,2252.16,1524.69,727.47,1,0,2024-05
1002328,2024-05-22,Apparel,West,Supplier A,WH-South,Express,24,359.51,7,473.09,20,4,77,7,9461.8,7190.2,2271.6,1,0,2024-05
1003848,2024-05-22,Apparel,West,Supplier A,WH-West,Express,6,151.28,15,222.47,5,1,46,15,1112.35,756.4,355.95,1,0,2024-05
1000397,2024-05-22,Home & Kitchen,West,Supplier D,WH-North,Express,2,441.16,13,545.72,2,0,27,14,1091.44,882.32,209.12,0,0,2024-05
1002080,2024-05-22,Apparel,West,Supplier E,WH-East,Express,4,415.48,17,632.09,4,0,14,19,2528.36,1661.92,866.44,0,0,2024-05
1005163,2024-05-22,Office Supplies,North,Supplier A,WH-West,Standard,20,367.66,9,491.97,16,4,57,9,7871.52,5882.56,1988.96,1,1,2024-05
1002131,2024-05-23,Home & Kitchen,South,Supplier D,WH-North,Standard,9,337.75,12,512.46,9,0,65,12,4612.14,3039.75,1572.39,0,1,2024-05
1000265,2024-05-23,Home & Kitchen,North,Supplier B,WH-North,Same Day,2,264.71,16,401.39,2,0,73,18,802.78,529.42,273.36,0,0,2024-05
1004627,2024-05-23,Home & Kitchen,West,Supplier B,WH-South,Standard,17,255.29,13,310.89,17,0,65,13,5285.13,4339.93,945.2,0,0,2024-05
1000239,2024-05-23,Home & Kitchen,East,Supplier B,WH-West,Same Day,6,85.41,6,140.73,6,0,61,8,844.38,512.46,331.92,0,0,2024-05
1001202,2024-05-23,Home & Kitchen,North,Supplier A,WH-East,Standard,14,283.65,9,431.91,12,2,72,11,5182.92,3403.8,1779.12,1,1,2024-05
1000583,2024-05-23,Apparel,East,Supplier D,WH-North,Standard,8,147.87,10,254.28,7,1,46,8,1779.96,1035.09,744.87,1,1,2024-05
1000574,2024-05-23,Electronics,West,Supplier C,WH-East,Standard,2,340.73,15,464.97,2,0,59,15,929.94,681.46,248.48,0,0,2024-05
1002891,2024-05-23,Office Supplies,South,Supplier A,WH-North,Standard,8,75.27,8,113.85,6,2,75,9,683.1,451.62,231.48,1,1,2024-05
1004938,2024-05-23,Electronics,South,Supplier C,WH-West,Standard,23,218.09,15,340.45,21,2,33,15,7149.45,4579.89,2569.56,1,0,2024-05
1005696,2024-05-23,Health & Beauty,East,Supplier D,WH-West,Standard,1,298.99,6,392.89,1,0,27,5,392.89,298.99,93.9,0,1,2024-05
1000707,2024-05-24,Home & Kitchen,West,Supplier E,WH-East,Express,7,401.63,5,565.1,6,1,67,4,3390.6,2409.78,980.82,1,1,2024-05
1001549,2024-05-24,Electronics,West,Supplier E,WH-West,Express,23,433.97,7,632.71,21,2,50,7,13286.91,9113.37,4173.54,1,0,2024-05
1005025,2024-05-24,Office Supplies,South,Supplier E,WH-West,Standard,10,409.91,17,483.81,9,1,32,17,4354.29,3689.19,665.1,1,0,2024-05
1001046,2024-05-24,Apparel,West,Supplier A,WH-East,Standard,8,64.02,5,91.74,7,1,40,5,642.18,448.14,194.04,1,1,2024-05
1001929,2024-05-24,Health & Beauty,East,Supplier A,WH-East,Express,24,104.69,6,168.84,22,2,59,8,3714.48,2303.18,1411.3,1,0,2024-05
1000903,2024-05-24,Electronics,South,Supplier B,WH-South,Standard,12,22.7,16,27.88,10,2,15,18,278.8,227.0,51.8,1,0,2024-05
1002029,2024-05-24,Apparel,East,Supplier D,WH-West,Standard,4,244.24,7,363.37,4,0,36,5,1453.48,976.96,476.52,0,1,2024-05
1000752,2024-05-24,Office Supplies,North,Supplier C,WH-East,Standard,9,264.85,4,332.54,8,1,57,2,2660.32,2118.8,541.52,1,1,2024-05
1005452,2024-05-24,Electronics,South,Supplier B,WH-West,Standard,7,19.99,3,29.16,7,0,46,2,204.12,139.93,64.19,0,1,2024-05
1005430,2024-05-25,Apparel,South,Supplier B,WH-East,Same Day,22,423.62,8,534.93,21,1,56,6,11233.53,8896.02,2337.51,1,0,2024-05
1005505,2024-05-25,Home & Kitchen,East,Supplier D,WH-South,Express,22,150.62,11,245.62,19,3,76,10,4666.78,2861.78,1805.0,1,0,2024-05
1000726,2024-05-25,Health & Beauty,South,Supplier D,WH-South,Standard,16,15.68,17,24.22,14,2,65,17,339.08,219.52,119.56,1,0,2024-05
1001309,2024-05-25,Apparel,West,Supplier C,WH-West,Express,1,102.13,9,151.72,1,0,43,7,151.72,102.13,49.59,0,0,2024-05
1000912,2024-05-25,Home & Kitchen,South,Supplier C,WH-North,Standard,16,181.5,5,314.04,12,4,33,5,3768.48,2178.0,1590.48,1,1,2024-05
1005644,2024-05-25,Office Supplies,East,Supplier E,WH-East,Standard,2,134.5,16,160.41,2,0,68,18,320.82,269.0,51.82,0,0,2024-05
1002746,2024-05-25,Electronics,South,Supplier E,WH-West,Standard,24,123.57,6,181.88,22,2,70,8,4001.36,2718.54,1282.82,1,1,2024-05
1002189,2024-05-25,Electronics,West,Supplier C,WH-South,Standard,10,275.46,5,378.63,10,0,21,7,3786.3,2754.6,1031.7,0,1,2024-05
1001499,2024-05-25,Health & Beauty,East,Supplier E,WH-South,Standard,1,66.4,5,98.62,1,0,61,5,98.62,66.4,32.22,0,1,2024-05
1003515,2024-05-26,Home & Kitchen,West,Supplier B,WH-North,Standard,19,380.47,7,577.51,15,4,15,9,8662.65,5707.05,2955.6,1,1,2024-05
1002036,2024-05-26,Electronics,West,Supplier B,WH-South,Standard,12,45.29,7,53.28,9,3,21,7,479.52,407.61,71.91,1,1,2024-05
1001601,2024-05-26,Electronics,East,Supplier E,WH-North,Standard,11,41.97,2,48.41,10,1,45,3,484.1,419.7,64.4,1,1,2024-05
1001257,2024-05-26,Office Supplies,East,Supplier A,WH-North,Standard,3,183.37,9,232.63,3,0,57,11,697.89,550.11,147.78,0,1,2024-05
1000251,2024-05-26,Home & Kitchen,East,Supplier D,WH-South,Standard,14,382.5,6,456.3,14,0,43,8,6388.2,5355.0,1033.2,0,1,2024-05
1004063,2024-05-26,Apparel,East,Supplier E,WH-East,Standard,1,220.23,10,335.08,1,0,14,10,335.08,220.23,114.85,0,1,2024-05
1004576,2024-05-26,Home & Kitchen,East,Supplier E,WH-North,Standard,4,351.49,2,607.74,4,0,77,2,2430.96,1405.96,1025.0,0,1,2024-05
1001854,2024-05-26,Electronics,West,Supplier D,WH-South,Standard,10,386.67,16,672.1,9,1,21,17,6048.9,3480.03,2568.87,1,0,2024-05
1003486,2024-05-26,Electronics,South,Supplier E,WH-East,Standard,16,234.07,8,382.88,14,2,45,10,5360.32,3276.98,2083.34,1,1,2024-05
1005225,2024-05-26,Office Supplies,West,Supplier D,WH-West,Same Day,5,143.57,11,178.4,5,0,32,10,892.0,717.85,174.15,0,0,2024-05
1005678,2024-05-26,Electronics,East,Supplier C,WH-North,Standard,15,391.51,14,472.32,14,1,61,16,6612.48,5481.14,1131.34,1,0,2024-05
1005661,2024-05-27,Electronics,North,Supplier E,WH-East,Standard,24,34.41,4,43.56,22,2,72,4,958.32,757.02,201.3,1,1,2024-05
1001363,2024-05-27,Office Supplies,East,Supplier B,WH-East,Standard,4,35.2,2,60.42,3,1,74,3,181.26,105.6,75.66,1,1,2024-05
1005811,2024-05-27,Electronics,South,Supplier C,WH-West,Standard,15,145.14,11,235.13,15,0,31,10,3526.95,2177.1,1349.85,0,1,2024-05
1002527,2024-05-27,Home & Kitchen,West,Supplier D,WH-West,Standard,14,117.3,4,149.61,12,2,79,5,1795.32,1407.6,387.72,1,1,2024-05
1004324,2024-05-27,Apparel,North,Supplier B,WH-North,Standard,15,250.02,8,371.72,15,0,73,8,5575.8,3750.3,1825.5,0,1,2024-05
1002837,2024-05-27,Home & Kitchen,South,Supplier B,WH-South,Standard,5,400.66,12,540.99,5,0,26,11,2704.95,2003.3,701.65,0,1,2024-05
1003365,2024-05-27,Electronics,East,Supplier E,WH-West,Standard,10,99.06,8,148.54,9,1,49,6,1336.86,891.54,445.32,1,1,2024-05
1000252,2024-05-27,Electronics,North,Supplier C,WH-West,Standard,1,59.75,5,100.07,1,0,37,3,100.07,59.75,40.32,0,1,2024-05
1001181,2024-05-27,Electronics,North,Supplier A,WH-West,Standard,20,270.24,16,418.68,18,2,37,18,7536.24,4864.32,2671.92,1,0,2024-05
1005217,2024-05-28,Apparel,North,Supplier C,WH-West,Standard,12,81.15,5,133.83,11,1,16,4,1472.13,892.65,579.48,1,1,2024-05
1002568,2024-05-28,Home & Kitchen,South,Supplier B,WH-East,Express,2,212.13,3,359.82,2,0,38,5,719.64,424.26,295.38,0,1,2024-05
1003745,2024-05-28,Apparel,West,Supplier B,WH-North,Express,22,114.58,11,182.03,22,0,46,11,4004.66,2520.76,1483.9,0,0,2024-05
1002408,2024-05-28,Health & Beauty,West,Supplier B,WH-South,Standard,4,66.78,9,111.43,4,0,62,8,445.72,267.12,178.6,0,1,2024-05
1002301,2024-05-28,Electronics,North,Supplier E,WH-South,Standard,1,443.6,5,733.84,1,0,53,3,733.84,443.6,290.24,0,1,2024-05
1001345,2024-05-28,Health & Beauty,South,Supplier A,WH-West,Standard,2,390.48,16,538.1,1,1,48,15,538.1,390.48,147.62,1,0,2024-05
1005311,2024-05-28,Home & Kitchen,North,Supplier E,WH-East,Standard,7,199.53,3,240.64,6,1,42,2,1443.84,1197.18,246.66,1,1,2024-05
1002603,2024-05-28,Home & Kitchen,South,Supplier A,WH-East,Standard,21,345.53,2,425.57,17,4,48,1,7234.69,5874.01,1360.68,1,1,2024-05
1000665,2024-05-28,Electronics,South,Supplier A,WH-North,Express,20,186.35,8,228.06,19,1,61,6,4333.14,3540.65,792.49,1,0,2024-05
1002250,2024-05-28,Electronics,East,Supplier C,WH-East,Express,2,333.08,6,469.18,2,0,61,8,938.36,666.16,272.2,0,0,2024-05
1005528,2024-05-29,Office Supplies,South,Supplier C,WH-West,Standard,13,303.38,13,508.78,13,0,74,11,6614.14,3943.94,2670.2,0,1,2024-05
1005798,2024-05-29,Electronics,South,Supplier B,WH-West,Standard,16,384.73,3,580.23,15,1,57,4,8703.45,5770.95,2932.5,1,1,2024-05
1000407,2024-05-29,Electronics,West,Supplier C,WH-North,Express,14,198.1,2,244.32,13,1,72,1,3176.16,2575.3,600.86,1,1,2024-05
1004928,2024-05-29,Office Supplies,West,Supplier E,WH-East,Standard,8,210.3,5,331.96,7,1,62,3,2323.72,1472.1,851.62,1,1,2024-05
1000260,2024-05-30,Office Supplies,West,Supplier E,WH-East,Same Day,3,373.77,5,547.73,3,0,26,5,1643.19,1121.31,521.88,0,0,2024-05
1004226,2024-05-30,Electronics,East,Supplier B,WH-East,Express,21,18.65,4,22.55,17,4,38,4,383.35,317.05,66.3,1,1,2024-05
1000582,2024-05-30,Electronics,West,Supplier E,WH-East,Standard,8,391.01,5,670.42,8,0,45,5,5363.36,3128.08,2235.28,0,1,2024-05
1002006,2024-05-30,Health & Beauty,South,Supplier D,WH-East,Express,19,415.52,2,673.88,17,2,19,3,11455.96,7063.84,4392.12,1,1,2024-05
1001255,2024-05-30,Home & Kitchen,South,Supplier B,WH-East,Standard,14,183.51,8,288.51,14,0,37,7,4039.14,2569.14,1470.0,0,1,2024-05
1004401,2024-05-30,Health & Beauty,East,Supplier E,WH-South,Standard,24,8.18,8,9.63,22,2,55,7,211.86,179.96,31.9,1,1,2024-05
1005281,2024-05-31,Electronics,East,Supplier E,WH-East,Standard,17,255.75,16,379.58,17,0,25,15,6452.86,4347.75,2105.11,0,0,2024-05
1000283,2024-05-31,Home & Kitchen,South,Supplier B,WH-North,Standard,1,105.21,16,138.31,1,0,15,15,138.31,105.21,33.1,0,0,2024-05
1001886,2024-05-31,Electronics,North,Supplier E,WH-East,Standard,17,241.36,4,291.64,16,1,60,2,4666.24,3861.76,804.48,1,1,2024-05
1002176,2024-05-31,Apparel,West,Supplier C,WH-North,Standard,24,234.26,3,328.71,22,2,10,4,7231.62,5153.72,2077.9,1,1,2024-05
1001447,2024-05-31,Electronics,South,Supplier A,WH-North,Standard,17,418.97,4,500.83,15,2,73,4,7512.45,6284.55,1227.9,1,1,2024-05
1000299,2024-06-01,Office Supplies,West,Supplier A,WH-North,Express,16,447.43,10,520.94,15,1,58,12,7814.1,6711.45,1102.65,1,0,2024-06
1001519,2024-06-01,Electronics,East,Supplier A,WH-West,Express,22,243.15,13,344.03,20,2,35,13,6880.6,4863.0,2017.6,1,0,2024-06
1004505,2024-06-01,Office Supplies,West,Supplier B,WH-South,Express,11,151.59,15,258.8,9,2,53,17,2329.2,1364.31,964.89,1,0,2024-06
1003268,2024-06-01,Apparel,West,Supplier D,WH-West,Same Day,1,33.23,14,46.89,0,1,20,16,0.0,0.0,0.0,1,0,2024-06
1004149,2024-06-01,Apparel,East,Supplier A,WH-East,Standard,2,264.91,14,407.33,2,0,64,14,814.66,529.82,284.84,0,0,2024-06
1001317,2024-06-01,Electronics,East,Supplier A,WH-East,Standard,6,259.84,7,331.01,6,0,42,7,1986.06,1559.04,427.02,0,1,2024-06
1001753,2024-06-01,Office Supplies,South,Supplier A,WH-South,Same Day,1,62.82,9,92.69,1,0,43,10,92.69,62.82,29.87,0,0,2024-06
1003943,2024-06-02,Health & Beauty,West,Supplier B,WH-West,Standard,8,354.2,8,496.89,7,1,72,8,3478.23,2479.4,998.83,1,1,2024-06
1004050,2024-06-02,Health & Beauty,East,Supplier B,WH-South,Same Day,1,286.98,13,356.83,1,0,13,14,356.83,286.98,69.85,0,0,2024-06
1002701,2024-06-02,Home & Kitchen,South,Supplier D,WH-South,Standard,24,62.64,12,80.05,21,3,30,14,1681.05,1315.44,365.61,1,0,2024-06
1002097,2024-06-02,Apparel,West,Supplier E,WH-East,Standard,1,174.3,3,201.52,1,0,38,4,201.52,174.3,27.22,0,1,2024-06
1000460,2024-06-02,Health & Beauty,South,Supplier D,WH-North,Express,22,48.69,4,57.83,21,1,54,5,1214.43,1022.49,191.94,1,1,2024-06
1004349,2024-06-02,Office Supplies,South,Supplier B,WH-North,Standard,1,393.1,4,598.37,1,0,46,6,598.37,393.1,205.27,0,1,2024-06
1002179,2024-06-02,Apparel,East,Supplier D,WH-West,Standard,20,283.83,9,435.53,17,3,18,10,7404.01,4825.11,2578.9,1,1,2024-06
1001371,2024-06-02,Home & Kitchen,East,Supplier D,WH-West,Standard,1,335.79,6,455.98,1,0,23,6,455.98,335.79,120.19,0,1,2024-06
1000768,2024-06-02,Office Supplies,South,Supplier C,WH-North,Express,3,436.03,3,744.88,3,0,56,3,2234.64,1308.09,926.55,0,1,2024-06
1002909,2024-06-02,Apparel,North,Supplier E,WH-East,Standard,18,136.54,8,196.91,18,0,15,8,3544.38,2457.72,1086.66,0,1,2024-06
1004024,2024-06-02,Apparel,North,Supplier D,WH-West,Standard,23,206.12,17,246.83,21,2,18,17,5183.43,4328.52,854.91,1,0,2024-06
1004315,2024-06-02,Home & Kitchen,North,Supplier B,WH-North,Standard,21,110.26,14,167.65,21,0,39,13,3520.65,2315.46,1205.19,0,0,2024-06
1003094,2024-06-02,Apparel,East,Supplier D,WH-North,Standard,1,112.76,6,171.75,0,1,63,6,0.0,0.0,0.0,1,1,2024-06
1003662,2024-06-02,Office Supplies,East,Supplier E,WH-South,Same Day,2,412.89,17,690.56,2,0,38,17,1381.12,825.78,555.34,0,0,2024-06
1004942,2024-06-03,Electronics,West,Supplier D,WH-South,Express,18,382.03,16,571.04,18,0,28,18,10278.72,6876.54,3402.18,0,0,2024-06
1000375,2024-06-03,Health & Beauty,East,Supplier B,WH-West,Express,14,75.71,8,104.1,10,4,42,7,1041.0,757.1,283.9,1,0,2024-06
1003394,2024-06-03,Apparel,North,Supplier C,WH-South,Standard,22,281.93,14,346.49,20,2,70,13,6929.8,5638.6,1291.2,1,0,2024-06
1003988,2024-06-03,Apparel,East,Supplier B,WH-North,Standard,24,329.92,10,472.73,23,1,32,8,10872.79,7588.16,3284.63,1,1,2024-06
1002436,2024-06-03,Home & Kitchen,South,Supplier A,WH-East,Standard,2,319.77,9,405.28,2,0,68,9,810.56,639.54,171.02,0,1,2024-06
1004881,2024-06-03,Office Supplies,East,Supplier B,WH-South,Standard,10,124.81,14,198.15,10,0,72,12,1981.5,1248.1,733.4,0,1,2024-06
1002128,2024-06-04,Apparel,South,Supplier C,WH-South,Standard,15,246.68,17,371.24,15,0,55,17,5568.6,3700.2,1868.4,0,0,2024-06
1004769,2024-06-04,Office Supplies,West,Supplier A,WH-West,Standard,4,202.34,13,239.39,4,0,24,13,957.56,809.36,148.2,0,0,2024-06
1001175,2024-06-04,Apparel,South,Supplier D,WH-South,Standard,11,234.18,12,371.58,11,0,57,10,4087.38,2575.98,1511.4,0,1,2024-06
1003978,2024-06-04,Apparel,North,Supplier C,WH-South,Standard,10,298.56,13,501.76,10,0,38,12,5017.6,2985.6,2032.0,0,1,2024-06
1004920,2024-06-04,Apparel,North,Supplier E,WH-West,Standard,22,387.42,4,561.73,21,1,58,4,11796.33,8135.82,3660.51,1,1,2024-06
1003343,2024-06-04,Apparel,North,Supplier E,WH-North,Standard,12,57.39,14,70.56,11,1,17,13,776.16,631.29,144.87,1,0,2024-06
1002410,2024-06-04,Apparel,West,Supplier D,WH-East,Standard,24,440.75,2,549.76,22,2,43,1,12094.72,9696.5,2398.22,1,1,2024-06
1003046,2024-06-04,Electronics,West,Supplier B,WH-East,Express,19,91.28,12,108.81,16,3,25,12,1740.96,1460.48,280.48,1,0,2024-06
1005787,2024-06-04,Health & Beauty,South,Supplier C,WH-North,Standard,4,145.27,7,196.18,4,0,46,7,784.72,581.08,203.64,0,1,2024-06
1003785,2024-06-04,Apparel,South,Supplier C,WH-South,Standard,15,265.45,11,463.39,15,0,18,11,6950.85,3981.75,2969.1,0,1,2024-06
1005142,2024-06-04,Electronics,East,Supplier D,WH-North,Standard,19,396.21,12,557.3,19,0,64,12,10588.7,7527.99,3060.71,0,1,2024-06
1001967,2024-06-04,Office Supplies,East,Supplier D,WH-South,Standard,9,445.66,17,635.52,8,1,33,16,5084.16,3565.28,1518.88,1,0,2024-06
1003022,2024-06-04,Health & Beauty,South,Supplier D,WH-East,Standard,15,207.21,8,248.63,13,2,44,8,3232.19,2693.73,538.46,1,1,2024-06
1000097,2024-06-05,Apparel,West,Supplier B,WH-South,Standard,20,78.94,14,93.04,17,3,57,16,1581.68,1341.98,239.7,1,0,2024-06
1001067,2024-06-05,Electronics,West,Supplier B,WH-North,Same Day,2,270.14,5,357.19,2,0,47,6,714.38,540.28,174.1,0,0,2024-06
1001705,2024-06-05,Electronics,North,Supplier D,WH-South,Standard,1,135.02,7,208.16,1,0,66,8,208.16,135.02,73.14,0,1,2024-06
1003830,2024-06-05,Electronics,West,Supplier D,WH-East,Express,24,20.77,14,28.64,24,0,36,14,687.36,498.48,188.88,0,0,2024-06
1003671,2024-06-05,Home & Kitchen,West,Supplier B,WH-East,Standard,2,185.42,6,274.94,1,1,78,5,274.94,185.42,89.52,1,1,2024-06
1001085,2024-06-05,Apparel,East,Supplier C,WH-East,Standard,5,12.33,6,16.72,3,2,72,7,50.16,36.99,13.17,1,1,2024-06
1001088,2024-06-05,Health & Beauty,South,Supplier D,WH-South,Standard,16,175.95,2,296.33,15,1,27,2,4444.95,2639.25,1805.7,1,1,2024-06
1000344,2024-06-06,Apparel,West,Supplier E,WH-South,Express,11,14.58,6,16.98,10,1,41,6,169.8,145.8,24.0,1,0,2024-06
1001283,2024-06-06,Office Supplies,North,Supplier D,WH-South,Standard,13,97.24,16,135.41,11,2,71,16,1489.51,1069.64,419.87,1,0,2024-06
1002341,2024-06-06,Office Supplies,North,Supplier D,WH-North,Standard,13,45.93,14,69.75,12,1,43,12,837.0,551.16,285.84,1,1,2024-06
1001446,2024-06-07,Office Supplies,East,Supplier A,WH-West,Standard,16,435.71,5,731.79,13,3,73,5,9513.27,5664.23,3849.04,1,1,2024-06
1003882,2024-06-07,Electronics,East,Supplier E,WH-East,Standard,5,300.26,9,421.86,5,0,30,10,2109.3,1501.3,608.0,0,1,2024-06
1005681,2024-06-07,Electronics,North,Supplier E,WH-West,Standard,13,419.46,10,585.95,12,1,24,12,7031.4,5033.52,1997.88,1,1,2024-06
1002054,2024-06-07,Home & Kitchen,North,Supplier A,WH-North,Standard,12,275.14,2,396.96,12,0,31,2,4763.52,3301.68,1461.84,0,1,2024-06
1001080,2024-06-07,Office Supplies,East,Supplier E,WH-East,Standard,15,362.07,10,577.66,15,0,60,8,8664.9,5431.05,3233.85,0,1,2024-06
1005474,2024-06-07,Office Supplies,South,Supplier E,WH-South,Standard,4,98.1,17,158.01,4,0,65,19,632.04,392.4,239.64,0,0,2024-06
1002148,2024-06-07,Electronics,East,Supplier C,WH-East,Standard,20,441.37,14,589.8,17,3,25,12,10026.6,7503.29,2523.31,1,1,2024-06
1002725,2024-06-07,Home & Kitchen,South,Supplier B,WH-North,Standard,6,179.24,4,209.12,5,1,67,5,1045.6,896.2,149.4,1,1,2024-06
1001879,2024-06-07,Apparel,South,Supplier B,WH-West,Express,4,101.64,4,148.93,4,0,42,6,595.72,406.56,189.16,0,0,2024-06
1000155,2024-06-08,Electronics,North,Supplier B,WH-North,Standard,3,100.78,3,123.74,3,0,50,1,371.22,302.34,68.88,0,1,2024-06
1002207,2024-06-08,Electronics,North,Supplier C,WH-East,Express,23,143.28,2,250.19,20,3,57,1,5003.8,2865.6,2138.2,1,1,2024-06
1000495,2024-06-08,Electronics,North,Supplier B,WH-East,Standard,15,318.75,7,557.53,15,0,50,7,8362.95,4781.25,3581.7,0,1,2024-06
1003817,2024-06-08,Home & Kitchen,West,Supplier B,WH-East,Express,19,155.31,10,188.76,19,0,69,8,3586.44,2950.89,635.55,0,0,2024-06
1005758,2024-06-08,Health & Beauty,South,Supplier C,WH-East,Standard,17,343.86,11,585.85,16,1,68,11,9373.6,5501.76,3871.84,1,1,2024-06
1003637,2024-06-08,Home & Kitchen,South,Supplier A,WH-East,Same Day,12,86.9,6,100.57,10,2,31,7,1005.7,869.0,136.7,1,0,2024-06
1001552,2024-06-08,Apparel,East,Supplier A,WH-North,Standard,21,236.33,3,292.27,19,2,61,2,5553.13,4490.27,1062.86,1,1,2024-06
1000275,2024-06-08,Electronics,North,Supplier B,WH-East,Standard,14,342.51,13,477.34,14,0,51,13,6682.76,4795.14,1887.62,0,0,2024-06
1002574,2024-06-08,Apparel,East,Supplier A,WH-West,Standard,12,279.51,12,455.4,11,1,32,12,5009.4,3074.61,1934.79,1,1,2024-06
1002249,2024-06-08,Electronics,East,Supplier B,WH-North,Standard,5,242.04,8,352.63,5,0,36,8,1763.15,1210.2,552.95,0,1,2024-06
1001169,2024-06-09,Electronics,East,Supplier B,WH-West,Express,7,98.53,4,153.41,7,0,62,4,1073.87,689.71,384.16,0,1,2024-06
1001984,2024-06-09,Electronics,North,Supplier A,WH-South,Standard,18,11.32,5,13.43,17,1,39,6,228.31,192.44,35.87,1,1,2024-06
1004780,2024-06-09,Home & Kitchen,East,Supplier B,WH-East,Express,16,142.09,4,240.83,15,1,13,4,3612.45,2131.35,1481.1,1,1,2024-06
1000362,2024-06-09,Home & Kitchen,East,Supplier A,WH-South,Standard,19,135.68,10,236.21,16,3,21,8,3779.36,2170.88,1608.48,1,1,2024-06
1000027,2024-06-09,Office Supplies,North,Supplier D,WH-East,Standard,8,390.08,17,489.52,8,0,77,18,3916.16,3120.64,795.52,0,0,2024-06
1002305,2024-06-09,Home & Kitchen,North,Supplier B,WH-East,Express,21,298.64,11,498.57,19,2,72,10,9472.83,5674.16,3798.67,1,0,2024-06
1000305,2024-06-09,Electronics,West,Supplier B,WH-West,Express,7,161.63,17,214.67,7,0,45,16,1502.69,1131.41,371.28,0,0,2024-06
1002048,2024-06-09,Office Supplies,East,Supplier E,WH-East,Standard,14,381.29,7,512.11,11,3,70,7,5633.21,4194.19,1439.02,1,1,2024-06
1004414,2024-06-09,Electronics,East,Supplier D,WH-North,Standard,3,228.36,4,332.77,3,0,77,6,998.31,685.08,313.23,0,1,2024-06
1001462,2024-06-09,Apparel,West,Supplier A,WH-North,Standard,24,139.24,10,214.84,22,2,50,10,4726.48,3063.28,1663.2,1,1,2024-06
1002859,2024-06-09,Apparel,West,Supplier B,WH-East,Standard,3,220.33,13,366.04,3,0,13,11,1098.12,660.99,437.13,0,1,2024-06
1003918,2024-06-09,Electronics,South,Supplier D,WH-West,Standard,10,100.94,9,166.43,8,2,29,7,1331.44,807.52,523.92,1,1,2024-06
1002752,2024-06-09,Electronics,West,Supplier B,WH-West,Standard,16,19.95,14,31.43,16,0,60,14,502.88,319.2,183.68,0,0,2024-06
1001727,2024-06-10,Health & Beauty,West,Supplier A,WH-West,Standard,12,395.7,6,456.68,10,2,27,6,4566.8,3957.0,609.8,1,1,2024-06
1002722,2024-06-10,Health & Beauty,North,Supplier E,WH-West,Standard,8,218.46,7,366.08,6,2,32,8,2196.48,1310.76,885.72,1,1,2024-06
1003592,2024-06-10,Office Supplies,South,Supplier C,WH-South,Express,19,232.3,10,267.16,18,1,15,10,4808.88,4181.4,627.48,1,0,2024-06
1000078,2024-06-10,Electronics,South,Supplier C,WH-East,Standard,21,103.38,4,150.74,17,4,28,4,2562.58,1757.46,805.12,1,1,2024-06
1005295,2024-06-10,Apparel,North,Supplier A,WH-West,Standard,23,30.76,17,44.26,22,1,51,18,973.72,676.72,297.0,1,0,2024-06
1003738,2024-06-10,Home & Kitchen,West,Supplier C,WH-North,Standard,11,101.59,14,126.27,11,0,11,15,1388.97,1117.49,271.48,0,0,2024-06
1004138,2024-06-10,Apparel,West,Supplier C,WH-South,Same Day,9,76.06,4,115.52,9,0,49,5,1039.68,684.54,355.14,0,0,2024-06
1002985,2024-06-10,Electronics,South,Supplier E,WH-West,Standard,6,74.45,5,123.46,6,0,42,5,740.76,446.7,294.06,0,1,2024-06
1003193,2024-06-10,Health & Beauty,North,Supplier A,WH-West,Standard,14,9.8,3,16.59,13,1,71,4,215.67,127.4,88.27,1,1,2024-06
1005757,2024-06-10,Apparel,West,Supplier E,WH-South,Express,7,398.19,9,537.81,7,0,63,8,3764.67,2787.33,977.34,0,0,2024-06
1001220,2024-06-10,Health & Beauty,South,Supplier E,WH-East,Standard,7,256.15,14,305.76,4,3,54,14,1223.04,1024.6,198.44,1,0,2024-06
1003543,2024-06-11,Electronics,East,Supplier B,WH-South,Standard,20,217.52,3,355.46,18,2,55,2,6398.28,3915.36,2482.92,1,1,2024-06
1001728,2024-06-11,Health & Beauty,South,Supplier C,WH-East,Standard,14,316.62,4,516.55,14,0,46,2,7231.7,4432.68,2799.02,0,1,2024-06
1001932,2024-06-11,Electronics,South,Supplier A,WH-South,Standard,3,175.61,12,283.05,3,0,52,11,849.15,526.83,322.32,0,1,2024-06
1000594,2024-06-11,Office Supplies,East,Supplier E,WH-South,Express,19,15.98,12,25.65,19,0,59,11,487.35,303.62,183.73,0,0,2024-06
1005288,2024-06-11,Home & Kitchen,West,Supplier A,WH-West,Standard,8,106.33,5,155.54,7,1,68,4,1088.78,744.31,344.47,1,1,2024-06
1000302,2024-06-11,Electronics,West,Supplier B,WH-South,Standard,21,175.91,6,280.39,20,1,36,8,5607.8,3518.2,2089.6,1,1,2024-06
1003509,2024-06-11,Home & Kitchen,South,Supplier D,WH-North,Standard,16,427.75,9,686.2,14,2,43,9,9606.8,5988.5,3618.3,1,1,2024-06
1005683,2024-06-11,Electronics,North,Supplier B,WH-West,Standard,17,154.2,4,191.4,16,1,52,6,3062.4,2467.2,595.2,1,1,2024-06
1005405,2024-06-11,Home & Kitchen,East,Supplier B,WH-North,Standard,15,73.48,4,95.41,13,2,70,4,1240.33,955.24,285.09,1,1,2024-06
1002811,2024-06-11,Apparel,South,Supplier A,WH-West,Standard,18,261.64,7,310.34,17,1,52,6,5275.78,4447.88,827.9,1,1,2024-06
1004365,2024-06-12,Home & Kitchen,East,Supplier B,WH-West,Standard,9,446.45,7,580.52,8,1,65,7,4644.16,3571.6,1072.56,1,1,2024-06
1002361,2024-06-12,Health & Beauty,West,Supplier A,WH-West,Express,2,20.69,3,24.42,1,1,68,4,24.42,20.69,3.73,1,1,2024-06
1005810,2024-06-12,Home & Kitchen,North,Supplier E,WH-West,Express,1,237.52,14,276.91,1,0,36,15,276.91,237.52,39.39,0,0,2024-06
1005458,2024-06-12,Office Supplies,East,Supplier C,WH-West,Standard,24,443.94,9,595.79,22,2,44,7,13107.38,9766.68,3340.7,1,1,2024-06
1003465,2024-06-12,Home & Kitchen,West,Supplier D,WH-South,Standard,18,145.37,11,247.14,17,1,30,9,4201.38,2471.29,1730.09,1,1,2024-06
1004078,2024-06-12,Electronics,East,Supplier E,WH-East,Express,8,190.22,11,248.04,7,1,17,11,1736.28,1331.54,404.74,1,0,2024-06
1002464,2024-06-12,Office Supplies,North,Supplier C,WH-West,Standard,18,392.98,11,464.05,18,0,42,13,8352.9,7073.64,1279.26,0,0,2024-06
1002946,2024-06-12,Health & Beauty,North,Supplier D,WH-North,Standard,15,171.79,11,232.03,14,1,18,9,3248.42,2405.06,843.36,1,1,2024-06
1005984,2024-06-12,Electronics,West,Supplier E,WH-South,Standard,1,434.88,13,601.43,1,0,32,12,601.43,434.88,166.55,0,1,2024-06
1005642,2024-06-12,Health & Beauty,East,Supplier B,WH-West,Same Day,1,315.23,15,542.9,1,0,49,13,542.9,315.23,227.67,0,0,2024-06
1004426,2024-06-12,Office Supplies,East,Supplier B,WH-East,Express,7,331.66,7,432.54,3,4,46,7,1297.62,994.98,302.64,1,0,2024-06
1002846,2024-06-13,Apparel,North,Supplier B,WH-South,Express,17,95.88,17,161.47,16,1,74,16,2583.52,1534.08,1049.44,1,0,2024-06
1003459,2024-06-13,Electronics,South,Supplier E,WH-South,Standard,15,27.48,5,46.53,13,2,57,3,604.89,357.24,247.65,1,1,2024-06
1001962,2024-06-13,Electronics,North,Supplier C,WH-West,Express,16,413.79,5,592.25,14,2,28,3,8291.5,5793.06,2498.44,1,1,2024-06
1001024,2024-06-13,Office Supplies,East,Supplier D,WH-East,Same Day,13,405.93,4,489.34,13,0,53,4,6361.42,5277.09,1084.33,0,0,2024-06
1003425,2024-06-13,Apparel,North,Supplier A,WH-West,Standard,18,137.27,15,163.14,17,1,15,15,2773.38,2333.59,439.79,1,0,2024-06
1000614,2024-06-13,Office Supplies,South,Supplier A,WH-South,Same Day,3,64.2,4,98.21,3,0,66,4,294.63,192.6,102.03,0,0,2024-06
1005636,2024-06-13,Apparel,West,Supplier C,WH-South,Standard,14,446.45,2,699.04,12,2,38,1,8388.48,5357.4,3031.08,1,1,2024-06
1001249,2024-06-13,Electronics,North,Supplier D,WH-East,Express,8,265.53,6,317.51,8,0,15,8,2540.08,2124.24,415.84,0,0,2024-06
1004313,2024-06-14,Home & Kitchen,North,Supplier B,WH-West,Standard,6,259.58,15,397.9,6,0,49,16,2387.4,1557.48,829.92,0,0,2024-06
1005003,2024-06-14,Office Supplies,East,Supplier D,WH-North,Standard,12,365.71,7,513.06,9,3,35,6,4617.54,3291.39,1326.15,1,1,2024-06
1003733,2024-06-14,Home & Kitchen,South,Supplier E,WH-North,Standard,3,70.87,4,112.98,3,0,54,4,338.94,212.61,126.33,0,1,2024-06
1000796,2024-06-14,Electronics,North,Supplier C,WH-North,Standard,11,281.28,3,324.78,9,2,26,3,2923.02,2531.52,391.5,1,1,2024-06
1004375,2024-06-14,Health & Beauty,South,Supplier D,WH-West,Standard,21,443.09,14,734.85,20,1,15,12,14697.0,8861.8,5835.2,1,1,2024-06
1004832,2024-06-14,Home & Kitchen,North,Supplier C,WH-North,Standard,8,42.74,15,73.66,8,0,43,15,589.28,341.92,247.36,0,0,2024-06
1001777,2024-06-14,Electronics,East,Supplier A,WH-West,Standard,2,53.58,9,66.84,2,0,42,9,133.68,107.16,26.52,0,1,2024-06
1004918,2024-06-14,Electronics,West,Supplier C,WH-East,Express,17,194.24,13,234.56,16,1,45,13,3752.96,3107.84,645.12,1,0,2024-06
1001809,2024-06-14,Electronics,East,Supplier B,WH-East,Express,20,244.36,13,313.2,19,1,79,12,5950.8,4642.84,1307.96,1,0,2024-06
1005401,2024-06-14,Electronics,South,Supplier A,WH-South,Standard,13,414.24,10,595.3,11,2,28,9,6548.3,4556.64,1991.66,1,1,2024-06
1002222,2024-06-15,Home & Kitchen,North,Supplier B,WH-South,Standard,11,420.97,14,647.21,10,1,73,12,6472.1,4209.7,2262.4,1,1,2024-06
1000049,2024-06-15,Home & Kitchen,South,Supplier D,WH-East,Same Day,16,419.11,17,657.49,14,2,53,15,9204.86,5867.54,3337.32,1,0,2024-06
1002233,2024-06-15,Home & Kitchen,East,Supplier D,WH-East,Standard,5,331.9,15,539.61,5,0,55,16,2698.05,1659.5,1038.55,0,0,2024-06
1004166,2024-06-15,Electronics,West,Supplier D,WH-South,Express,3,196.5,9,227.79,2,1,62,11,455.58,393.0,62.58,1,0,2024-06
1000633,2024-06-15,Electronics,West,Supplier D,WH-East,Standard,18,215.32,8,345.21,17,1,47,8,5868.57,3660.44,2208.13,1,1,2024-06
1002187,2024-06-15,Electronics,East,Supplier C,WH-South,Standard,10,27.76,3,35.0,10,0,37,1,350.0,277.6,72.4,0,1,2024-06
1001603,2024-06-16,Home & Kitchen,South,Supplier C,WH-South,Express,18,223.77,12,321.59,15,3,74,13,4823.85,3356.55,1467.3,1,0,2024-06
1001327,2024-06-16,Home & Kitchen,North,Supplier D,WH-North,Same Day,16,148.93,15,239.26,16,0,51,17,3828.16,2382.88,1445.28,0,0,2024-06
1000508,2024-06-16,Health & Beauty,West,Supplier C,WH-West,Express,13,11.02,11,13.56,11,2,29,9,149.16,121.22,27.94,1,0,2024-06
1000995,2024-06-16,Apparel,North,Supplier E,WH-South,Standard,3,216.86,4,329.18,3,0,26,2,987.54,650.58,336.96,0,1,2024-06
1000607,2024-06-16,Electronics,North,Supplier E,WH-North,Standard,23,327.09,2,523.6,21,2,67,2,10995.6,6868.89,4126.71,1,1,2024-06
1003252,2024-06-16,Home & Kitchen,North,Supplier D,WH-North,Standard,21,366.25,8,544.15,20,1,60,8,10883.0,7325.0,3558.0,1,1,2024-06
1004206,2024-06-16,Electronics,North,Supplier B,WH-East,Standard,14,105.82,7,133.6,13,1,62,7,1736.8,1375.66,361.14,1,1,2024-06
1004112,2024-06-17,Home & Kitchen,North,Supplier B,WH-East,Express,18,288.6,14,384.74,17,1,73,15,6540.58,4906.2,1634.38,1,0,2024-06
1002562,2024-06-17,Electronics,South,Supplier C,WH-South,Standard,21,60.39,9,77.7,20,1,15,11,1554.0,1207.8,346.2,1,1,2024-06
1001613,2024-06-18,Electronics,North,Supplier B,WH-North,Standard,13,314.13,15,361.35,13,0,27,15,4697.55,4083.69,613.86,0,0,2024-06
1003408,2024-06-18,Home & Kitchen,North,Supplier C,WH-West,Express,24,102.36,3,145.74,22,2,60,1,3206.28,2251.92,954.36,1,1,2024-06
1001567,2024-06-18,Electronics,South,Supplier E,WH-South,Express,12,12.13,13,17.66,11,1,15,11,194.26,133.43,60.83,1,0,2024-06
1000608,2024-06-18,Home & Kitchen,West,Supplier D,WH-North,Same Day,21,309.1,6,366.13,19,2,49,6,6956.47,5872.9,1083.57,1,0,2024-06
1003982,2024-06-18,Home & Kitchen,West,Supplier C,WH-North,Standard,21,208.13,13,266.41,20,1,37,14,5328.2,4162.6,1165.6,1,0,2024-06
1004874,2024-06-18,Apparel,East,Supplier C,WH-South,Express,12,269.19,10,402.18,10,2,79,11,4021.8,2691.9,1329.9,1,0,2024-06
1004395,2024-06-18,Health & Beauty,East,Supplier A,WH-West,Standard,17,163.05,5,241.58,15,2,53,6,3623.7,2445.75,1177.95,1,1,2024-06
1001469,2024-06-18,Home & Kitchen,East,Supplier A,WH-West,Standard,19,406.04,14,555.73,17,2,13,15,9447.41,6902.68,2544.73,1,0,2024-06
1005905,2024-06-19,Health & Beauty,North,Supplier D,WH-West,Express,3,253.84,4,406.8,3,0,79,6,1220.4,761.52,458.88,0,0,2024-06
1005491,2024-06-19,Health & Beauty,North,Supplier E,WH-North,Express,11,243.59,2,328.82,11,0,63,2,3617.02,2679.49,937.53,0,1,2024-06
1003980,2024-06-19,Home & Kitchen,West,Supplier B,WH-West,Express,6,366.29,15,481.29,6,0,58,17,2887.74,2197.74,690.0,0,0,2024-06
1004618,2024-06-19,Health & Beauty,East,Supplier B,WH-East,Standard,20,12.12,16,14.62,19,1,72,18,277.78,230.28,47.5,1,0,2024-06
1001452,2024-06-19,Home & Kitchen,North,Supplier E,WH-South,Standard,22,38.21,14,51.04,18,4,37,16,918.72,687.78,230.94,1,0,2024-06
1000151,2024-06-19,Apparel,South,Supplier A,WH-North,Standard,15,334.42,4,401.81,15,0,18,6,6027.15,5016.3,1010.85,0,1,2024-06
1005156,2024-06-19,Electronics,North,Supplier D,WH-East,Express,5,151.65,3,259.21,5,0,30,2,1296.05,758.25,537.8,0,1,2024-06
1005724,2024-06-19,Apparel,South,Supplier B,WH-East,Standard,2,40.35,14,50.72,2,0,65,14,101.44,80.7,20.74,0,0,2024-06
1003779,2024-06-19,Health & Beauty,South,Supplier E,WH-North,Standard,9,154.32,13,258.46,8,1,73,15,2067.68,1234.56,833.12,1,0,2024-06
1005473,2024-06-19,Office Supplies,West,Supplier B,WH-East,Standard,12,302.77,16,500.74,11,1,67,17,5508.14,3330.47,2177.67,1,0,2024-06
1002261,2024-06-20,Health & Beauty,East,Supplier B,WH-West,Standard,9,245.89,7,357.97,9,0,25,7,3221.73,2213.01,1008.72,0,1,2024-06
1002158,2024-06-20,Electronics,West,Supplier A,WH-West,Express,12,296.38,11,470.05,10,2,61,11,4700.5,2963.8,1736.7,1,0,2024-06
1002590,2024-06-20,Office Supplies,East,Supplier B,WH-South,Standard,17,146.75,6,254.51,16,1,60,8,4072.16,2348.0,1724.16,1,1,2024-06
1003344,2024-06-20,Health & Beauty,West,Supplier D,WH-North,Standard,4,91.7,6,159.08,3,1,44,6,477.24,275.1,202.14,1,1,2024-06
1000993,2024-06-20,Electronics,North,Supplier D,WH-South,Express,23,140.82,11,177.11,20,3,69,11,3542.2,2816.4,725.8,1,0,2024-06
1000342,2024-06-20,Apparel,South,Supplier C,WH-East,Standard,21,345.82,15,518.41,19,2,32,17,9849.79,6570.58,3279.21,1,0,2024-06
1001389,2024-06-20,Apparel,South,Supplier B,WH-North,Standard,17,124.9,17,151.47,16,1,11,16,2423.52,1998.4,425.12,1,0,2024-06
1005493,2024-06-21,Electronics,West,Supplier B,WH-East,Express,2,327.03,17,485.18,2,0,76,18,970.36,654.06,316.3,0,0,2024-06
1002377,2024-06-21,Electronics,North,Supplier B,WH-North,Standard,14,162.24,2,203.61,13,1,55,4,2646.93,2109.12,537.81,1,1,2024-06
1002507,2024-06-21,Office Supplies,North,Supplier A,WH-North,Standard,17,239.0,9,379.21,16,1,46,9,6067.36,3824.0,2243.36,1,1,2024-06
1003737,2024-06-21,Home & Kitchen,South,Supplier D,WH-West,Standard,19,365.67,15,539.43,19,0,72,13,10249.17,6947.73,3301.44,0,0,2024-06
1000640,2024-06-21,Home & Kitchen,North,Supplier C,WH-East,Express,3,104.05,12,147.46,3,0,51,13,442.38,312.15,130.23,0,0,2024-06
1003992,2024-06-21,Electronics,West,Supplier C,WH-South,Standard,15,107.93,17,171.62,15,0,43,16,2574.3,1618.95,955.35,0,0,2024-06
1000968,2024-06-21,Electronics,North,Supplier E,WH-South,Standard,10,200.11,2,344.14,8,2,34,2,2753.12,1600.88,1152.24,1,1,2024-06
1000664,2024-06-21,Health & Beauty,West,Supplier C,WH-North,Standard,22,394.83,11,634.73,21,1,33,13,13329.33,8291.43,5037.9,1,0,2024-06
1003104,2024-06-21,Office Supplies,West,Supplier B,WH-West,Express,1,176.67,13,219.55,1,0,61,11,219.55,176.67,42.88,0,0,2024-06
1002462,2024-06-21,Apparel,West,Supplier C,WH-West,Standard,8,416.08,3,690.12,8,0,16,3,5520.96,3328.64,2192.32,0,1,2024-06
1000605,2024-06-22,Apparel,East,Supplier D,WH-South,Standard,17,271.06,11,338.47,17,0,38,10,5753.99,4608.02,1145.97,0,1,2024-06
1003269,2024-06-22,Electronics,East,Supplier A,WH-South,Express,15,32.51,2,54.72,14,1,29,2,766.08,455.14,310.94,1,1,2024-06
1003171,2024-06-22,Apparel,West,Supplier E,WH-South,Same Day,9,170.11,14,233.88,7,2,48,15,1637.16,1190.77,446.39,1,0,2024-06
1005543,2024-06-23,Home & Kitchen,East,Supplier A,WH-South,Standard,1,292.25,3,450.95,1,0,32,5,450.95,292.25,158.7,0,1,2024-06
1004186,2024-06-23,Home & Kitchen,West,Supplier D,WH-South,Standard,15,138.81,2,217.9,14,1,74,1,3050.6,1943.34,1107.26,1,1,2024-06
1002021,2024-06-23,Home & Kitchen,East,Supplier D,WH-East,Express,13,101.3,10,175.72,11,2,42,10,1932.92,1114.3,818.62,1,0,2024-06
1005618,2024-06-23,Office Supplies,West,Supplier D,WH-West,Standard,22,270.87,3,448.05,15,7,45,5,6720.75,4063.05,2657.7,1,1,2024-06
1004591,2024-06-23,Home & Kitchen,East,Supplier B,WH-West,Express,19,401.37,4,700.56,17,2,35,3,11909.52,6823.29,5086.23,1,1,2024-06
1001208,2024-06-23,Electronics,South,Supplier C,WH-East,Standard,18,18.69,8,28.89,16,2,79,7,462.24,299.04,163.2,1,1,2024-06
1004585,2024-06-23,Apparel,North,Supplier C,WH-South,Express,14,320.77,17,415.99,13,1,16,19,5407.87,4170.01,1237.86,1,0,2024-06
1003697,2024-06-23,Office Supplies,South,Supplier A,WH-South,Standard,14,9.1,16,13.75,13,1,17,15,178.75,118.3,60.45,1,0,2024-06
1003795,2024-06-23,Home & Kitchen,East,Supplier E,WH-North,Standard,21,317.6,2,525.44,20,1,17,3,10508.8,6352.0,4156.8,1,1,2024-06
1000381,2024-06-24,Office Supplies,South,Supplier E,WH-South,Express,21,357.69,6,488.63,18,3,63,5,8795.34,6438.42,2356.92,1,1,2024-06
1001579,2024-06-24,Electronics,West,Supplier C,WH-West,Express,3,272.37,12,409.73,3,0,14,12,1229.19,817.11,412.08,0,0,2024-06
1004374,2024-06-24,Office Supplies,East,Supplier B,WH-West,Standard,1,74.86,9,104.41,1,0,51,11,104.41,74.86,29.55,0,1,2024-06
1003035,2024-06-24,Health & Beauty,North,Supplier A,WH-East,Standard,14,355.76,9,526.22,12,2,49,10,6314.64,4269.12,2045.52,1,1,2024-06
1000729,2024-06-25,Health & Beauty,West,Supplier A,WH-North,Standard,17,237.41,17,276.79,15,2,51,15,4151.85,3561.15,590.7,1,0,2024-06
1002877,2024-06-25,Apparel,South,Supplier C,WH-North,Express,4,56.19,16,93.03,4,0,73,16,372.12,224.76,147.36,0,0,2024-06
1003685,2024-06-25,Apparel,South,Supplier B,WH-East,Standard,19,199.66,5,334.43,19,0,41,6,6354.17,3793.54,2560.63,0,1,2024-06
1000561,2024-06-25,Home & Kitchen,South,Supplier D,WH-South,Same Day,23,30.86,15,46.67,21,2,27,15,980.07,648.06,332.01,1,0,2024-06
1004512,2024-06-25,Home & Kitchen,South,Supplier E,WH-East,Standard,12,288.04,10,444.05,12,0,42,11,5328.6,3456.48,1872.12,0,1,2024-06
1005236,2024-06-25,Office Supplies,North,Supplier D,WH-North,Standard,16,183.17,5,279.23,14,2,36,6,3909.22,2564.38,1344.84,1,1,2024-06
1001170,2024-06-25,Office Supplies,South,Supplier D,WH-East,Standard,21,290.48,6,364.67,21,0,49,7,7658.07,6100.08,1557.99,0,1,2024-06
1005105,2024-06-25,Office Supplies,South,Supplier D,WH-East,Express,23,112.93,16,143.68,21,2,60,16,3017.28,2371.53,645.75,1,0,2024-06
1002860,2024-06-26,Office Supplies,North,Supplier D,WH-North,Express,14,221.25,13,340.67,14,0,35,14,4769.38,3097.5,1671.88,0,0,2024-06
1003639,2024-06-26,Apparel,West,Supplier C,WH-North,Express,23,59.1,6,90.83,19,4,57,6,1725.77,1122.9,602.87,1,0,2024-06
1002003,2024-06-26,Health & Beauty,West,Supplier D,WH-East,Express,5,395.15,8,486.04,1,4,29,10,486.04,395.15,90.89,1,0,2024-06
1001225,2024-06-26,Office Supplies,North,Supplier A,WH-North,Standard,8,85.01,11,103.31,8,0,49,13,826.48,680.08,146.4,0,0,2024-06
1002935,2024-06-26,Home & Kitchen,East,Supplier D,WH-North,Express,1,443.57,5,537.11,1,0,33,4,537.11,443.57,93.54,0,1,2024-06
1000702,2024-06-26,Electronics,West,Supplier D,WH-South,Standard,15,265.32,8,328.85,15,0,60,8,4932.75,3979.8,952.95,0,1,2024-06
1004753,2024-06-26,Office Supplies,South,Supplier E,WH-West,Express,4,236.87,8,378.72,4,0,79,7,1514.88,947.48,567.4,0,0,2024-06
1001162,2024-06-27,Office Supplies,West,Supplier D,WH-South,Standard,2,282.47,3,416.85,2,0,46,2,833.7,564.94,268.76,0,1,2024-06
1001056,2024-06-27,Home & Kitchen,North,Supplier B,WH-North,Express,10,307.26,2,385.76,9,1,43,3,3471.84,2765.34,706.5,1,1,2024-06
1003183,2024-06-27,Apparel,West,Supplier E,WH-North,Express,16,169.65,13,289.54,16,0,23,11,4632.64,2714.4,1918.24,0,0,2024-06
1004949,2024-06-27,Electronics,North,Supplier E,WH-West,Standard,18,172.32,11,292.3,14,4,34,11,4092.2,2412.48,1679.72,1,1,2024-06
1004237,2024-06-27,Office Supplies,East,Supplier A,WH-North,Standard,9,304.49,2,476.95,9,0,76,2,4292.55,2740.41,1552.14,0,1,2024-06
1005624,2024-06-28,Electronics,South,Supplier E,WH-West,Same Day,10,426.78,2,610.72,8,2,74,1,4885.76,3414.24,1471.52,1,1,2024-06
1000484,2024-06-28,Office Supplies,North,Supplier C,WH-North,Standard,4,289.2,9,466.84,4,0,65,11,1867.36,1156.8,710.56,0,1,2024-06
1001166,2024-06-28,Apparel,South,Supplier C,WH-North,Express,4,193.38,7,309.77,4,0,68,8,1239.08,773.52,465.56,0,0,2024-06
1005165,2024-06-28,Electronics,East,Supplier A,WH-West,Same Day,3,327.53,6,530.29,3,0,56,4,1590.87,982.59,608.28,0,0,2024-06
1005339,2024-06-28,Electronics,East,Supplier A,WH-North,Standard,16,275.21,6,392.65,15,1,61,7,5889.75,4128.15,1761.6,1,1,2024-06
1002318,2024-06-28,Health & Beauty,West,Supplier A,WH-East,Standard,24,355.06,15,426.67,22,2,46,14,9386.74,7811.32,1575.42,1,0,2024-06
1004091,2024-06-29,Apparel,South,Supplier C,WH-South,Standard,6,431.55,5,725.37,5,1,33,6,3626.85,2157.75,1469.1,1,1,2024-06
1005689,2024-06-29,Home & Kitchen,North,Supplier E,WH-South,Standard,8,148.53,8,232.61,7,1,49,10,1628.27,1039.71,588.56,1,1,2024-06
1005031,2024-06-29,Apparel,West,Supplier E,WH-North,Standard,3,196.88,7,323.61,3,0,66,7,970.83,590.64,380.19,0,1,2024-06
1000355,2024-06-29,Health & Beauty,East,Supplier E,WH-East,Express,20,194.13,7,328.4,16,4,13,5,5254.4,3106.08,2148.32,1,1,2024-06
1004943,2024-06-29,Apparel,East,Supplier C,WH-North,Standard,21,247.75,8,310.22,19,2,40,8,5894.18,4707.25,1186.93,1,1,2024-06
1005715,2024-06-29,Office Supplies,East,Supplier E,WH-West,Same Day,20,437.42,16,570.82,20,0,64,15,11416.4,8748.4,2668.0,0,0,2024-06
1004085,2024-06-29,Electronics,West,Supplier B,WH-North,Standard,9,84.47,5,112.83,9,0,69,5,1015.47,760.23,255.24,0,1,2024-06
1005731,2024-06-30,Apparel,North,Supplier D,WH-North,Standard,9,90.14,9,111.56,9,0,13,7,1004.04,811.26,192.78,0,1,2024-06
1001137,2024-06-30,Electronics,North,Supplier B,WH-West,Standard,5,150.56,16,253.36,5,0,29,17,1266.8,752.8,514.0,0,0,2024-06
1000632,2024-06-30,Office Supplies,North,Supplier E,WH-East,Standard,5,366.41,17,631.16,4,1,26,15,2524.64,1465.64,1059.0,1,0,2024-06
1003776,2024-06-30,Electronics,East,Supplier D,WH-West,Express,2,310.45,15,525.93,1,1,21,13,525.93,310.45,215.48,1,0,2024-06
1002816,2024-06-30,Electronics,North,Supplier A,WH-North,Standard,22,307.33,16,531.15,21,1,27,15,11154.15,6453.93,4700.22,1,0,2024-06
1001250,2024-06-30,Home & Kitchen,South,Supplier C,WH-North,Standard,9,161.45,16,229.65,9,0,47,16,2066.85,1453.05,613.8,0,0,2024-06
1004807,2024-06-30,Home & Kitchen,North,Supplier E,WH-West,Standard,1,67.07,3,107.2,1,0,25,2,107.2,67.07,40.13,0,1,2024-06
1004893,2024-06-30,Electronics,East,Supplier A,WH-South,Standard,23,80.05,14,96.24,22,1,26,14,2117.28,1761.1,356.18,1,0,2024-06
1002796,2024-06-30,Home & Kitchen,East,Supplier E,WH-North,Express,8,244.88,10,426.67,8,0,45,11,3413.36,1959.04,1454.32,0,0,2024-06
1001163,2024-06-30,Apparel,West,Supplier E,WH-East,Same Day,8,158.06,17,237.63,8,0,64,18,1901.04,1264.48,636.56,0,0,2024-06
1003240,2024-07-01,Apparel,East,Supplier E,WH-East,Standard,9,411.9,15,719.66,8,1,24,17,5757.28,3295.2,2462.08,1,0,2024-07
1002583,2024-07-01,Home & Kitchen,North,Supplier A,WH-West,Standard,1,91.81,12,132.17,1,0,50,12,132.17,91.81,40.36,0,1,2024-07
1002443,2024-07-01,Home & Kitchen,South,Supplier E,WH-South,Standard,13,230.64,4,276.28,13,0,37,4,3591.64,2998.32,593.32,0,1,2024-07
1000818,2024-07-01,Home & Kitchen,West,Supplier E,WH-West,Standard,16,239.75,3,300.1,16,0,29,3,4801.6,3836.0,965.6,0,1,2024-07
1004188,2024-07-01,Office Supplies,North,Supplier A,WH-North,Same Day,20,133.33,9,176.81,18,2,36,9,3182.58,2399.94,782.64,1,0,2024-07
1002471,2024-07-01,Apparel,North,Supplier A,WH-East,Standard,8,116.08,12,139.17,6,2,70,14,835.02,696.48,138.54,1,0,2024-07
1005303,2024-07-01,Home & Kitchen,East,Supplier D,WH-South,Same Day,17,200.01,9,241.65,17,0,64,7,4108.05,3400.17,707.88,0,0,2024-07
1002744,2024-07-01,Electronics,West,Supplier E,WH-South,Standard,14,50.54,15,62.94,13,1,74,14,818.22,657.02,161.2,1,0,2024-07
1002742,2024-07-01,Home & Kitchen,North,Supplier D,WH-East,Same Day,17,248.06,8,383.08,16,1,66,10,6129.28,3968.96,2160.32,1,0,2024-07
1003626,2024-07-01,Office Supplies,South,Supplier E,WH-North,Standard,21,32.75,13,39.93,20,1,61,12,798.6,655.0,143.6,1,1,2024-07
1001453,2024-07-01,Electronics,East,Supplier D,WH-East,Express,21,406.43,8,470.88,20,1,67,6,9417.6,8128.6,1289.0,1,0,2024-07
1000231,2024-07-02,Office Supplies,South,Supplier E,WH-North,Express,1,417.38,16,701.82,1,0,31,16,701.82,417.38,284.44,0,0,2024-07
1005226,2024-07-02,Office Supplies,West,Supplier B,WH-East,Standard,20,74.57,13,125.43,20,0,37,11,2508.6,1491.4,1017.2,0,1,2024-07
1003480,2024-07-02,Health & Beauty,East,Supplier B,WH-South,Same Day,2,250.64,11,342.66,2,0,44,12,685.32,501.28,184.04,0,0,2024-07
1004921,2024-07-02,Home & Kitchen,East,Supplier C,WH-East,Standard,18,181.69,5,304.41,18,0,69,4,5479.38,3270.42,2208.96,0,1,2024-07
1005264,2024-07-02,Electronics,South,Supplier C,WH-West,Standard,18,56.21,10,88.16,16,2,20,11,1410.56,899.36,511.2,1,1,2024-07
1000805,2024-07-02,Electronics,South,Supplier E,WH-North,Same Day,12,101.03,6,174.11,11,1,76,7,1915.21,1111.33,803.88,1,0,2024-07
1005032,2024-07-02,Office Supplies,South,Supplier B,WH-South,Standard,14,199.73,16,298.25,14,0,35,18,4175.5,2796.22,1379.28,0,0,2024-07
1003601,2024-07-02,Home & Kitchen,North,Supplier A,WH-East,Express,1,270.18,3,452.39,1,0,31,4,452.39,270.18,182.21,0,1,2024-07
1002000,2024-07-02,Home & Kitchen,East,Supplier A,WH-South,Standard,22,392.74,5,574.23,20,2,35,4,11484.6,7854.8,3629.8,1,1,2024-07
1005097,2024-07-03,Electronics,West,Supplier D,WH-West,Express,23,368.1,14,547.33,23,0,24,14,12588.59,8466.3,4122.29,0,0,2024-07
1001997,2024-07-03,Office Supplies,East,Supplier E,WH-North,Standard,24,84.24,6,101.38,24,0,13,6,2433.12,2021.76,411.36,0,1,2024-07
1004660,2024-07-03,Office Supplies,South,Supplier B,WH-South,Express,20,324.42,3,504.57,18,2,40,2,9082.26,5839.56,3242.7,1,1,2024-07
1004468,2024-07-03,Apparel,West,Supplier B,WH-West,Express,19,205.58,11,320.58,17,2,39,9,5449.86,3494.86,1955.0,1,0,2024-07
1004121,2024-07-03,Office Supplies,West,Supplier E,WH-North,Standard,14,94.06,7,152.5,10,4,19,5,1525.0,940.6,584.4,1,1,2024-07
1005751,2024-07-03,Office Supplies,West,Supplier B,WH-East,Express,22,362.84,3,521.7,21,1,72,5,10955.7,7619.64,3336.06,1,1,2024-07
1005250,2024-07-04,Apparel,East,Supplier A,WH-East,Standard,1,318.86,12,507.71,1,0,78,12,507.71,318.86,188.85,0,1,2024-07
1000589,2024-07-04,Office Supplies,East,Supplier E,WH-South,Standard,9,188.02,5,326.81,7,2,35,4,2287.67,1316.14,971.53,1,1,2024-07
1001900,2024-07-04,Health & Beauty,East,Supplier D,WH-North,Standard,12,115.66,7,198.2,11,1,24,7,2180.2,1272.26,907.94,1,1,2024-07
1002654,2024-07-04,Office Supplies,North,Supplier D,WH-West,Standard,7,183.67,5,216.87,6,1,63,5,1301.22,1102.02,199.2,1,1,2024-07
1003966,2024-07-05,Electronics,East,Supplier D,WH-East,Standard,14,258.3,2,328.82,14,0,38,4,4603.48,3616.2,987.28,0,1,2024-07
1001508,2024-07-05,Home & Kitchen,South,Supplier D,WH-South,Standard,3,403.27,9,491.02,3,0,20,10,1473.06,1209.81,263.25,0,1,2024-07
1005691,2024-07-05,Home & Kitchen,North,Supplier D,WH-South,Standard,11,313.27,17,536.54,11,0,42,17,5901.94,3445.97,2455.97,0,0,2024-07
1000243,2024-07-05,Electronics,West,Supplier A,WH-North,Standard,23,316.45,6,517.2,22,1,54,4,11378.4,6961.9,4416.5,1,1,2024-07
1004448,2024-07-05,Apparel,North,Supplier D,WH-East,Express,18,339.65,2,572.23,16,2,25,1,9155.68,5434.4,3721.28,1,1,2024-07
1005064,2024-07-05,Electronics,North,Supplier E,WH-East,Standard,4,32.5,2,54.47,4,0,30,2,217.88,130.0,87.88,0,1,2024-07
1001351,2024-07-05,Electronics,North,Supplier D,WH-South,Standard,5,21.79,13,25.85,5,0,58,13,129.25,108.95,20.3,0,0,2024-07
1005586,2024-07-05,Electronics,East,Supplier C,WH-West,Express,11,192.27,15,318.9,9,2,35,17,2870.1,1730.43,1139.67,1,0,2024-07
1005463,2024-07-05,Office Supplies,East,Supplier A,WH-West,Express,11,93.14,7,139.23,11,0,57,6,1531.53,1024.54,506.99,0,0,2024-07
1005079,2024-07-05,Office Supplies,South,Supplier A,WH-East,Express,14,429.88,15,538.68,14,0,12,13,7541.52,6018.32,1523.2,0,0,2024-07
1003580,2024-07-06,Apparel,North,Supplier B,WH-South,Express,11,435.09,9,698.69,11,0,35,9,7685.59,4785.99,2899.6,0,0,2024-07
1002706,2024-07-06,Electronics,South,Supplier A,WH-West,Express,17,99.43,2,135.58,16,1,48,1,2169.28,1590.88,578.4,1,1,2024-07
1001449,2024-07-06,Apparel,North,Supplier B,WH-East,Standard,20,177.27,17,252.41,19,1,74,16,4795.79,3368.13,1427.66,1,0,2024-07
1003561,2024-07-06,Health & Beauty,South,Supplier B,WH-West,Standard,17,198.82,9,305.25,16,1,22,9,4884.0,3181.12,1702.88,1,1,2024-07
1002799,2024-07-06,Home & Kitchen,South,Supplier C,WH-North,Standard,16,145.37,3,187.32,14,2,44,4,2622.48,2035.18,587.3,1,1,2024-07
1003596,2024-07-06,Home & Kitchen,South,Supplier E,WH-South,Standard,4,205.26,14,347.56,4,0,33,12,1390.24,821.04,569.2,0,1,2024-07
1003339,2024-07-06,Home & Kitchen,North,Supplier B,WH-West,Standard,6,88.36,7,102.87,5,1,44,9,514.35,441.8,72.55,1,1,2024-07
1002726,2024-07-06,Health & Beauty,West,Supplier A,WH-South,Express,21,301.18,3,368.29,19,2,72,1,6997.51,5722.42,1275.09,1,1,2024-07
1000093,2024-07-06,Electronics,South,Supplier E,WH-North,Standard,14,234.84,9,322.85,12,2,79,9,3874.2,2818.08,1056.12,1,1,2024-07
1005891,2024-07-06,Office Supplies,West,Supplier E,WH-East,Standard,16,117.95,4,135.82,14,2,48,3,1901.48,1651.3,250.18,1,1,2024-07
1005071,2024-07-06,Home & Kitchen,South,Supplier C,WH-West,Same Day,8,165.72,15,243.04,7,1,38,14,1701.28,1160.04,541.24,1,0,2024-07
1004453,2024-07-06,Electronics,West,Supplier A,WH-East,Standard,21,119.18,10,203.99,18,3,61,8,3671.82,2145.24,1526.58,1,1,2024-07
1003782,2024-07-06,Apparel,North,Supplier C,WH-West,Same Day,16,348.07,6,593.95,12,4,45,7,7127.4,4176.84,2950.56,1,0,2024-07
1005907,2024-07-06,Electronics,South,Supplier E,WH-South,Standard,20,124.61,8,173.68,19,1,66,8,3299.92,2367.59,932.33,1,1,2024-07
1004880,2024-07-07,Electronics,South,Supplier D,WH-West,Express,9,368.58,7,548.1,7,2,36,5,3836.7,2580.06,1256.64,1,1,2024-07
1005685,2024-07-07,Office Supplies,South,Supplier B,WH-North,Same Day,23,307.91,8,449.59,23,0,74,10,10340.57,7081.93,3258.64,0,0,2024-07
1004077,2024-07-07,Electronics,East,Supplier B,WH-North,Express,20,143.28,15,181.92,20,0,64,14,3638.4,2865.6,772.8,0,0,2024-07
1000454,2024-07-07,Apparel,West,Supplier E,WH-West,Standard,17,172.85,11,201.73,15,2,42,11,3025.95,2592.75,433.2,1,1,2024-07
1000405,2024-07-08,Apparel,West,Supplier D,WH-North,Express,16,204.29,11,259.52,15,1,41,11,3892.8,3064.35,828.45,1,0,2024-07
1000652,2024-07-08,Office Supplies,South,Supplier C,WH-West,Standard,23,234.21,12,388.72,17,6,18,13,6608.24,3981.57,2626.67,1,0,2024-07
1003024,2024-07-08,Health & Beauty,North,Supplier D,WH-East,Standard,10,359.33,17,520.66,9,1,50,15,4685.94,3233.97,1451.97,1,0,2024-07
1005852,2024-07-08,Apparel,East,Supplier C,WH-West,Express,15,126.88,4,183.59,13,2,12,4,2386.67,1649.44,737.23,1,1,2024-07
1002566,2024-07-08,Home & Kitchen,East,Supplier C,WH-East,Standard,20,253.2,8,320.0,17,3,58,6,5440.0,4304.4,1135.6,1,1,2024-07
1005013,2024-07-08,Office Supplies,North,Supplier A,WH-North,Standard,21,49.7,14,63.17,20,1,48,15,1263.4,994.0,269.4,1,0,2024-07
1005188,2024-07-08,Home & Kitchen,East,Supplier E,WH-North,Standard,18,283.84,13,411.13,16,2,70,15,6578.08,4541.44,2036.64,1,0,2024-07
1005465,2024-07-08,Electronics,South,Supplier D,WH-South,Standard,9,309.78,17,492.94,8,1,10,19,3943.52,2478.24,1465.28,1,0,2024-07
1000174,2024-07-08,Apparel,East,Supplier B,WH-West,Standard,14,342.56,12,474.57,13,1,64,14,6169.41,4453.28,1716.13,1,0,2024-07
1002411,2024-07-08,Office Supplies,East,Supplier D,WH-East,Express,11,212.47,12,290.14,11,0,23,13,3191.54,2337.17,854.37,0,0,2024-07
1000039,2024-07-08,Home & Kitchen,North,Supplier E,WH-West,Standard,8,391.89,3,659.53,7,1,10,5,4616.71,2743.23,1873.48,1,1,2024-07
1000546,2024-07-08,Electronics,East,Supplier E,WH-West,Standard,15,276.99,13,367.79,13,2,24,15,4781.27,3600.87,1180.4,1,0,2024-07
1003223,2024-07-08,Apparel,East,Supplier C,WH-South,Standard,3,256.09,13,402.34,3,0,77,14,1207.02,768.27,438.75,0,0,2024-07
1005383,2024-07-09,Apparel,East,Supplier B,WH-North,Express,1,206.07,13,264.66,1,0,10,13,264.66,206.07,58.59,0,0,2024-07
1003054,2024-07-09,Electronics,North,Supplier B,WH-West,Express,24,94.61,2,160.93,20,4,31,3,3218.6,1892.2,1326.4,1,1,2024-07
1003059,2024-07-09,Home & Kitchen,East,Supplier A,WH-West,Express,15,67.43,5,82.93,15,0,46,7,1243.95,1011.45,232.5,0,0,2024-07
1001615,2024-07-09,Electronics,West,Supplier A,WH-West,Express,24,73.52,2,88.01,22,2,42,1,1936.22,1617.44,318.78,1,1,2024-07
1004868,2024-07-09,Apparel,South,Supplier B,WH-South,Standard,13,115.66,17,189.37,12,1,55,17,2272.44,1387.92,884.52,1,0,2024-07
1004152,2024-07-09,Health & Beauty,North,Supplier C,WH-North,Standard,22,91.86,10,133.99,20,2,18,9,2679.8,1837.2,842.6,1,1,2024-07
1000360,2024-07-09,Electronics,West,Supplier B,WH-South,Standard,3,262.36,8,347.66,3,0,56,8,1042.98,787.08,255.9,0,1,2024-07
1000654,2024-07-09,Health & Beauty,East,Supplier B,WH-North,Standard,5,106.87,8,167.36,4,1,10,8,669.44,427.48,241.96,1,1,2024-07
1005081,2024-07-09,Home & Kitchen,South,Supplier C,WH-East,Standard,13,379.9,16,486.51,13,0,31,16,6324.63,4938.7,1385.93,0,0,2024-07
1005334,2024-07-10,Electronics,West,Supplier A,WH-South,Standard,7,59.95,2,88.59,6,1,55,1,531.54,359.7,171.84,1,1,2024-07
1001669,2024-07-10,Home & Kitchen,East,Supplier C,WH-East,Express,10,62.1,8,91.71,9,1,70,10,825.39,558.9,266.49,1,0,2024-07
1000338,2024-07-10,Apparel,East,Supplier B,WH-South,Express,6,46.32,14,75.08,6,0,75,13,450.48,277.92,172.56,0,0,2024-07
1004986,2024-07-10,Apparel,South,Supplier B,WH-South,Standard,3,141.35,11,164.25,3,0,37,9,492.75,424.05,68.7,0,1,2024-07
1000025,2024-07-10,Home & Kitchen,North,Supplier D,WH-East,Standard,18,315.95,4,543.72,16,2,78,4,8699.52,5055.2,3644.32,1,1,2024-07
1000539,2024-07-10,Apparel,North,Supplier B,WH-East,Express,21,245.0,14,357.51,19,2,53,12,6792.69,4655.0,2137.69,1,0,2024-07
1004189,2024-07-10,Apparel,West,Supplier D,WH-East,Standard,22,181.94,15,286.26,21,1,69,15,6011.46,3820.74,2190.72,1,0,2024-07
1002488,2024-07-10,Office Supplies,North,Supplier E,WH-West,Express,21,430.14,14,681.59,20,1,33,14,13631.8,8602.8,5029.0,1,0,2024-07
1005015,2024-07-10,Health & Beauty,East,Supplier D,WH-North,Standard,3,427.91,9,694.91,3,0,60,8,2084.73,1283.73,801.0,0,1,2024-07
1005210,2024-07-10,Home & Kitchen,East,Supplier E,WH-West,Standard,16,338.85,12,501.97,14,2,26,12,7027.58,4743.9,2283.68,1,1,2024-07
1005344,2024-07-10,Electronics,East,Supplier C,WH-North,Standard,3,402.11,10,538.24,3,0,73,8,1614.72,1206.33,408.39,0,1,2024-07
1000891,2024-07-10,Home & Kitchen,South,Supplier E,WH-East,Same Day,9,129.18,2,167.38,9,0,66,2,1506.42,1162.62,343.8,0,1,2024-07
1005879,2024-07-11,Health & Beauty,East,Supplier C,WH-North,Same Day,22,63.38,9,96.86,21,1,33,7,2034.06,1330.98,703.08,1,0,2024-07
1004032,2024-07-11,Apparel,East,Supplier A,WH-North,Standard,3,448.58,9,583.4,3,0,52,11,1750.2,1345.74,404.46,0,1,2024-07
1004897,2024-07-11,Electronics,East,Supplier D,WH-North,Same Day,19,250.27,8,435.13,18,1,58,9,7832.34,4504.86,3327.48,1,0,2024-07
1002022,2024-07-11,Electronics,North,Supplier E,WH-West,Standard,10,368.71,17,630.66,10,0,26,18,6306.6,3687.1,2619.5,0,0,2024-07
1004615,2024-07-11,Electronics,West,Supplier A,WH-West,Express,15,188.06,10,300.27,14,1,15,11,4203.78,2632.84,1570.94,1,0,2024-07
1004208,2024-07-11,Electronics,North,Supplier B,WH-West,Standard,14,275.17,15,381.56,14,0,28,17,5341.84,3852.38,1489.46,0,0,2024-07
1003363,2024-07-11,Electronics,North,Supplier E,WH-East,Express,10,234.25,2,330.57,10,0,79,3,3305.7,2342.5,963.2,0,1,2024-07
1005527,2024-07-11,Apparel,South,Supplier D,WH-North,Standard,11,116.56,13,195.64,11,0,33,15,2152.04,1282.16,869.88,0,0,2024-07
1001808,2024-07-12,Apparel,West,Supplier B,WH-East,Standard,11,85.31,8,113.05,9,2,29,6,1017.45,767.79,249.66,1,1,2024-07
1003568,2024-07-12,Apparel,North,Supplier B,WH-North,Standard,22,305.68,2,405.49,22,0,71,2,8920.78,6724.96,2195.82,0,1,2024-07
1004655,2024-07-12,Apparel,East,Supplier D,WH-East,Standard,6,103.68,7,157.68,4,2,59,6,630.72,414.72,216.0,1,1,2024-07
1005470,2024-07-12,Apparel,West,Supplier A,WH-South,Express,22,388.22,9,584.91,19,3,18,10,11113.29,7376.18,3737.11,1,0,2024-07
1003535,2024-07-12,Electronics,West,Supplier C,WH-North,Standard,22,332.05,12,390.34,20,2,46,12,7806.8,6641.0,1165.8,1,1,2024-07
1005694,2024-07-12,Apparel,North,Supplier A,WH-West,Standard,8,299.32,15,448.2,8,0,10,15,3585.6,2394.56,1191.04,0,0,2024-07
1000611,2024-07-12,Office Supplies,West,Supplier B,WH-West,Standard,22,61.24,8,70.6,21,1,24,8,1482.6,1286.04,196.56,1,1,2024-07
1000963,2024-07-12,Office Supplies,South,Supplier C,WH-East,Express,13,12.29,6,14.87,10,3,55,8,148.7,122.9,25.8,1,0,2024-07
1001209,2024-07-12,Office Supplies,West,Supplier A,WH-West,Express,22,175.44,8,241.13,19,3,48,8,4581.47,3333.36,1248.11,1,0,2024-07
1003192,2024-07-12,Home & Kitchen,North,Supplier E,WH-West,Standard,17,15.98,11,25.44,15,2,19,12,381.6,239.7,141.9,1,1,2024-07
1004158,2024-07-12,Office Supplies,North,Supplier B,WH-North,Standard,22,169.95,13,282.73,19,3,26,12,5371.87,3229.05,2142.82,1,1,2024-07
1005782,2024-07-12,Electronics,South,Supplier A,WH-South,Express,4,105.92,2,129.07,3,1,48,2,387.21,317.76,69.45,1,1,2024-07
1004589,2024-07-13,Electronics,East,Supplier C,WH-West,Standard,8,237.03,9,392.57,7,1,62,10,2747.99,1659.21,1088.78,1,1,2024-07
1000312,2024-07-13,Apparel,East,Supplier B,WH-South,Express,11,131.2,16,208.97,10,1,33,14,2089.7,1312.0,777.7,1,0,2024-07
1003342,2024-07-13,Apparel,West,Supplier D,WH-South,Standard,4,257.21,9,316.79,4,0,15,7,1267.16,1028.84,238.32,0,1,2024-07
1005729,2024-07-13,Office Supplies,West,Supplier E,WH-West,Standard,23,82.9,11,132.13,19,4,69,11,2510.47,1575.1,935.37,1,1,2024-07
1000826,2024-07-13,Apparel,West,Supplier E,WH-East,Standard,7,296.86,6,370.27,7,0,27,8,2591.89,2078.02,513.87,0,1,2024-07
1000825,2024-07-13,Home & Kitchen,East,Supplier A,WH-East,Express,10,158.38,2,221.9,10,0,45,2,2219.0,1583.8,635.2,0,1,2024-07
1005814,2024-07-13,Office Supplies,East,Supplier A,WH-North,Standard,8,145.67,14,178.24,7,1,23,15,1247.68,1019.69,227.99,1,0,2024-07
1005283,2024-07-13,Home & Kitchen,North,Supplier A,WH-West,Standard,18,214.0,17,317.16,16,2,39,16,5074.56,3424.0,1650.56,1,0,2024-07
1005628,2024-07-13,Health & Beauty,South,Supplier C,WH-North,Express,15,297.16,9,434.15,13,2,76,10,5643.95,3863.08,1780.87,1,0,2024-07
1003828,2024-07-13,Electronics,East,Supplier A,WH-North,Standard,8,313.94,6,501.4,7,1,66,7,3509.8,2197.58,1312.22,1,1,2024-07
1001565,2024-07-13,Office Supplies,North,Supplier C,WH-South,Standard,17,441.44,5,696.7,14,3,16,5,9753.8,6180.16,3573.64,1,1,2024-07
1005727,2024-07-13,Office Supplies,West,Supplier C,WH-North,Express,4,96.4,6,161.71,4,0,59,6,646.84,385.6,261.24,0,0,2024-07
1004763,2024-07-13,Apparel,North,Supplier E,WH-North,Standard,23,134.24,4,182.64,22,1,76,6,4018.08,2953.28,1064.8,1,1,2024-07
1000526,2024-07-14,Office Supplies,West,Supplier A,WH-West,Express,4,234.38,10,315.34,3,1,42,10,946.02,703.14,242.88,1,0,2024-07
1001664,2024-07-14,Electronics,West,Supplier A,WH-East,Express,4,15.94,16,25.76,4,0,78,18,103.04,63.76,39.28,0,0,2024-07
1003360,2024-07-14,Home & Kitchen,West,Supplier A,WH-South,Standard,21,291.97,4,489.29,20,1,27,5,9785.8,5839.4,3946.4,1,1,2024-07
1001074,2024-07-14,Home & Kitchen,South,Supplier E,WH-West,Standard,14,179.73,15,291.24,13,1,61,17,3786.12,2336.49,1449.63,1,0,2024-07
1004494,2024-07-14,Apparel,South,Supplier A,WH-South,Express,22,171.64,14,292.18,19,3,46,14,5551.42,3261.16,2290.26,1,0,2024-07
1002829,2024-07-14,Home & Kitchen,West,Supplier C,WH-South,Standard,21,129.74,16,183.45,18,3,24,18,3302.1,2335.32,966.78,1,0,2024-07
1002322,2024-07-14,Home & Kitchen,East,Supplier B,WH-North,Standard,2,235.3,5,402.3,2,0,64,4,804.6,470.6,334.0,0,1,2024-07
1002995,2024-07-14,Health & Beauty,East,Supplier A,WH-East,Standard,21,53.21,15,72.25,20,1,76,15,1445.0,1064.2,380.8,1,0,2024-07
1000423,2024-07-14,Health & Beauty,South,Supplier C,WH-East,Standard,18,274.03,3,350.03,16,2,30,3,5600.48,4384.48,1216.0,1,1,2024-07
1004262,2024-07-15,Apparel,North,Supplier A,WH-West,Standard,6,59.73,16,89.07,5,1,16,14,445.35,298.65,146.7,1,0,2024-07
1005353,2024-07-15,Home & Kitchen,North,Supplier C,WH-East,Express,12,355.34,11,424.02,11,1,61,13,4664.22,3908.74,755.48,1,0,2024-07
1005487,2024-07-15,Office Supplies,North,Supplier B,WH-East,Same Day,1,209.84,4,334.33,1,0,74,4,334.33,209.84,124.49,0,0,2024-07
1001052,2024-07-16,Office Supplies,East,Supplier E,WH-North,Express,11,126.38,14,190.02,10,1,11,12,1900.2,1263.8,636.4,1,0,2024-07
1002881,2024-07-16,Office Supplies,South,Supplier E,WH-North,Standard,19,230.5,2,285.32,17,2,55,2,4850.44,3918.5,931.94,1,1,2024-07
1003686,2024-07-16,Home & Kitchen,North,Supplier D,WH-North,Standard,14,198.41,17,309.19,14,0,58,16,4328.66,2777.74,1550.92,0,0,2024-07
1004162,2024-07-16,Home & Kitchen,West,Supplier E,WH-North,Standard,21,214.58,11,291.13,20,1,20,11,5822.6,4291.6,1531.0,1,1,2024-07
1002754,2024-07-16,Electronics,South,Supplier E,WH-South,Standard,6,358.27,7,466.64,6,0,72,7,2799.84,2149.62,650.22,0,1,2024-07
1001981,2024-07-16,Home & Kitchen,East,Supplier A,WH-North,Express,10,215.76,8,351.58,10,0,19,9,3515.8,2157.6,1358.2,0,0,2024-07
1000237,2024-07-16,Apparel,South,Supplier E,WH-North,Express,4,303.17,15,447.78,4,0,76,14,1791.12,1212.68,578.44,0,0,2024-07
1004640,2024-07-17,Home & Kitchen,East,Supplier D,WH-North,Standard,24,366.62,10,499.05,20,4,21,10,9981.0,7332.4,2648.6,1,1,2024-07
1002840,2024-07-17,Electronics,North,Supplier C,WH-East,Standard,3,182.65,7,277.97,3,0,67,7,833.91,547.95,285.96,0,1,2024-07
1001745,2024-07-17,Home & Kitchen,South,Supplier A,WH-East,Standard,5,376.51,4,543.08,5,0,78,2,2715.4,1882.55,832.85,0,1,2024-07
1004047,2024-07-17,Health & Beauty,South,Supplier D,WH-North,Standard,12,90.99,5,152.21,11,1,55,7,1674.31,1000.89,673.42,1,1,2024-07
1003856,2024-07-17,Apparel,North,Supplier E,WH-East,Same Day,17,38.45,6,57.13,17,0,13,8,971.21,653.65,317.56,0,0,2024-07
1002515,2024-07-18,Office Supplies,West,Supplier B,WH-East,Standard,1,444.12,5,580.44,1,0,61,4,580.44,444.12,136.32,0,1,2024-07
1005915,2024-07-18,Home & Kitchen,South,Supplier B,WH-South,Express,16,232.93,8,400.64,15,1,11,9,6009.6,3493.95,2515.65,1,0,2024-07
1001412,2024-07-18,Health & Beauty,East,Supplier A,WH-South,Standard,7,308.31,14,473.94,6,1,26,15,2843.64,1849.86,993.78,1,0,2024-07
1002505,2024-07-18,Home & Kitchen,East,Supplier D,WH-East,Standard,7,433.91,8,525.69,7,0,53,8,3679.83,3037.37,642.46,0,1,2024-07
1000119,2024-07-19,Office Supplies,South,Supplier D,WH-West,Express,12,178.92,7,239.22,11,1,31,8,2631.42,1968.12,663.3,1,0,2024-07
1004702,2024-07-19,Apparel,North,Supplier A,WH-East,Standard,10,425.39,5,558.29,10,0,45,5,5582.9,4253.9,1329.0,0,1,2024-07
1005164,2024-07-19,Office Supplies,North,Supplier B,WH-South,Standard,5,354.69,14,519.38,5,0,77,14,2596.9,1773.45,823.45,0,0,2024-07
1005052,2024-07-19,Office Supplies,South,Supplier B,WH-West,Standard,9,16.74,2,19.52,8,1,15,3,156.16,133.92,22.24,1,1,2024-07
1001297,2024-07-19,Home & Kitchen,North,Supplier B,WH-East,Standard,6,347.72,2,579.79,5,1,45,2,2898.95,1738.6,1160.35,1,1,2024-07
1005857,2024-07-19,Health & Beauty,East,Supplier E,WH-North,Standard,24,235.77,4,310.69,24,0,56,2,7456.56,5658.48,1798.08,0,1,2024-07
1000241,2024-07-19,Health & Beauty,East,Supplier E,WH-West,Standard,21,81.19,6,108.76,21,0,23,8,2283.96,1704.99,578.97,0,1,2024-07
1001370,2024-07-19,Electronics,East,Supplier D,WH-West,Same Day,21,218.68,16,319.59,20,1,16,15,6391.8,4373.6,2018.2,1,0,2024-07
1003049,2024-07-19,Home & Kitchen,South,Supplier E,WH-South,Standard,19,330.47,2,484.27,18,1,33,1,8716.86,5948.46,2768.4,1,1,2024-07
1003414,2024-07-19,Home & Kitchen,South,Supplier B,WH-East,Express,3,83.32,10,116.09,2,1,45,9,232.18,166.64,65.54,1,0,2024-07
1005766,2024-07-19,Home & Kitchen,North,Supplier A,WH-East,Standard,13,255.26,15,312.93,13,0,26,17,4068.09,3318.38,749.71,0,0,2024-07
1003563,2024-07-19,Electronics,East,Supplier A,WH-West,Standard,14,276.81,11,396.07,13,1,65,10,5148.91,3598.53,1550.38,1,1,2024-07
1000708,2024-07-19,Health & Beauty,West,Supplier B,WH-North,Standard,23,326.88,16,430.17,21,2,52,16,9033.57,6864.48,2169.09,1,0,2024-07
1005475,2024-07-19,Home & Kitchen,East,Supplier A,WH-West,Standard,8,332.51,7,481.79,7,1,24,6,3372.53,2327.57,1044.96,1,1,2024-07
1003155,2024-07-19,Electronics,North,Supplier E,WH-North,Standard,24,215.35,15,348.36,21,3,59,13,7315.56,4522.35,2793.21,1,0,2024-07
1004289,2024-07-20,Electronics,East,Supplier B,WH-East,Express,22,79.66,10,125.64,19,3,23,9,2387.16,1513.54,873.62,1,0,2024-07
1001145,2024-07-20,Electronics,East,Supplier D,WH-West,Standard,24,433.65,4,526.3,24,0,37,5,12631.2,10407.6,2223.6,0,1,2024-07
1005509,2024-07-20,Electronics,West,Supplier E,WH-North,Standard,22,78.66,14,102.2,21,1,62,15,2146.2,1651.86,494.34,1,0,2024-07
1003292,2024-07-20,Apparel,West,Supplier D,WH-East,Express,11,26.62,15,41.21,10,1,20,15,412.1,266.2,145.9,1,0,2024-07
1003367,2024-07-20,Electronics,South,Supplier E,WH-West,Standard,11,79.73,10,131.98,11,0,42,12,1451.78,877.03,574.75,0,1,2024-07
1002704,2024-07-20,Health & Beauty,West,Supplier B,WH-East,Standard,12,67.59,5,78.51,12,0,26,5,942.12,811.08,131.04,0,1,2024-07
1000079,2024-07-20,Home & Kitchen,South,Supplier C,WH-South,Standard,14,426.7,11,597.35,12,2,11,9,7168.2,5120.4,2047.8,1,1,2024-07
1004135,2024-07-20,Apparel,East,Supplier B,WH-East,Standard,16,119.93,6,173.32,14,2,18,7,2426.48,1679.02,747.46,1,1,2024-07
1002188,2024-07-20,Electronics,East,Supplier B,WH-North,Standard,8,360.22,16,473.97,7,1,13,15,3317.79,2521.54,796.25,1,0,2024-07
1002836,2024-07-21,Health & Beauty,North,Supplier E,WH-South,Express,24,108.18,8,143.87,20,4,76,7,2877.4,2163.6,713.8,1,0,2024-07
1002613,2024-07-21,Electronics,East,Supplier E,WH-West,Express,15,111.75,6,152.04,15,0,27,6,2280.6,1676.25,604.35,0,0,2024-07
1005342,2024-07-21,Apparel,South,Supplier D,WH-West,Standard,6,180.87,16,246.66,5,1,31,16,1233.3,904.35,328.95,1,0,2024-07
1004411,2024-07-21,Electronics,East,Supplier B,WH-West,Express,24,73.72,13,108.84,21,3,46,12,2285.64,1548.12,737.52,1,0,2024-07
1003125,2024-07-21,Home & Kitchen,West,Supplier C,WH-South,Express,20,371.61,9,640.05,19,1,38,7,12160.95,7060.59,5100.36,1,0,2024-07
1000230,2024-07-21,Electronics,West,Supplier E,WH-South,Standard,22,286.51,5,467.21,19,3,71,5,8876.99,5443.69,3433.3,1,1,2024-07
1000668,2024-07-21,Home & Kitchen,South,Supplier A,WH-North,Standard,13,438.58,16,517.17,13,0,69,16,6723.21,5701.54,1021.67,0,0,2024-07
1004779,2024-07-22,Home & Kitchen,West,Supplier B,WH-East,Standard,16,95.3,7,148.52,14,2,72,5,2079.28,1334.2,745.08,1,1,2024-07
1004304,2024-07-22,Home & Kitchen,East,Supplier E,WH-West,Standard,11,253.67,16,316.28,11,0,74,14,3479.08,2790.37,688.71,0,0,2024-07
1003534,2024-07-22,Apparel,South,Supplier A,WH-South,Express,6,104.53,17,151.35,5,1,29,15,756.75,522.65,234.1,1,0,2024-07
1001961,2024-07-22,Electronics,North,Supplier A,WH-South,Standard,22,381.56,9,584.49,20,2,15,8,11689.8,7631.2,4058.6,1,1,2024-07
1000471,2024-07-22,Apparel,South,Supplier B,WH-North,Express,12,254.32,17,355.09,11,1,48,16,3905.99,2797.52,1108.47,1,0,2024-07
1003381,2024-07-22,Apparel,East,Supplier C,WH-North,Standard,13,446.19,13,740.1,12,1,24,13,8881.2,5354.28,3526.92,1,0,2024-07
1005896,2024-07-22,Home & Kitchen,North,Supplier B,WH-South,Standard,17,394.7,16,491.6,17,0,56,15,8357.2,6709.9,1647.3,0,0,2024-07
1004598,2024-07-23,Apparel,East,Supplier C,WH-East,Standard,19,202.34,16,258.2,17,2,62,15,4389.4,3439.78,949.62,1,0,2024-07
1002819,2024-07-23,Home & Kitchen,West,Supplier D,WH-South,Standard,14,426.02,4,667.34,14,0,41,5,9342.76,5964.28,3378.48,0,1,2024-07
1004469,2024-07-23,Office Supplies,East,Supplier A,WH-South,Standard,12,290.29,11,396.56,12,0,47,9,4758.72,3483.48,1275.24,0,1,2024-07
1003834,2024-07-23,Apparel,South,Supplier B,WH-North,Standard,6,285.09,8,446.06,5,1,49,10,2230.3,1425.45,804.85,1,1,2024-07
1000813,2024-07-23,Home & Kitchen,North,Supplier C,WH-South,Standard,10,10.72,16,14.96,10,0,35,18,149.6,107.2,42.4,0,0,2024-07
1003647,2024-07-23,Apparel,North,Supplier C,WH-East,Express,15,188.52,4,262.73,15,0,21,4,3940.95,2827.8,1113.15,0,1,2024-07
1004120,2024-07-24,Apparel,West,Supplier D,WH-South,Standard,22,169.4,12,291.32,21,1,54,11,6117.72,3557.4,2560.32,1,1,2024-07
1000065,2024-07-24,Electronics,North,Supplier A,WH-South,Express,16,142.39,12,175.52,14,2,59,11,2457.28,1993.46,463.82,1,0,2024-07
1005844,2024-07-24,Apparel,South,Supplier D,WH-West,Standard,5,274.12,4,455.8,4,1,31,4,1823.2,1096.48,726.72,1,1,2024-07
1002356,2024-07-24,Home & Kitchen,South,Supplier D,WH-North,Express,17,449.27,17,692.37,17,0,67,15,11770.29,7637.59,4132.7,0,0,2024-07
1005099,2024-07-24,Apparel,North,Supplier B,WH-South,Standard,3,352.96,5,466.17,3,0,61,7,1398.51,1058.88,339.63,0,1,2024-07
1001986,2024-07-24,Office Supplies,West,Supplier C,WH-West,Express,8,430.15,8,540.82,7,1,17,6,3785.74,3011.05,774.69,1,0,2024-07
1001754,2024-07-24,Apparel,East,Supplier B,WH-East,Express,23,163.58,12,247.46,23,0,68,11,5691.58,3762.34,1929.24,0,0,2024-07
1005804,2024-07-24,Apparel,South,Supplier D,WH-South,Express,12,195.18,12,251.34,11,1,77,12,2764.74,2146.98,617.76,1,0,2024-07
1004676,2024-07-24,Apparel,South,Supplier A,WH-West,Standard,5,432.47,8,728.78,5,0,18,8,3643.9,2162.35,1481.55,0,1,2024-07
1004232,2024-07-24,Home & Kitchen,East,Supplier D,WH-East,Standard,19,339.63,14,480.48,19,0,62,13,9129.12,6452.97,2676.15,0,0,2024-07
1004571,2024-07-24,Apparel,East,Supplier A,WH-North,Standard,10,118.4,9,203.2,10,0,62,8,2032.0,1184.0,848.0,0,1,2024-07
1000781,2024-07-25,Electronics,East,Supplier E,WH-South,Standard,5,8.8,7,11.79,5,0,67,5,58.95,44.0,14.95,0,1,2024-07
1000138,2024-07-25,Apparel,South,Supplier B,WH-North,Same Day,16,365.55,12,444.99,16,0,55,12,7119.84,5848.8,1271.04,0,0,2024-07
1004956,2024-07-25,Office Supplies,North,Supplier D,WH-North,Express,21,367.52,8,539.85,20,1,22,8,10797.0,7350.4,3446.6,1,0,2024-07
1004774,2024-07-25,Apparel,North,Supplier D,WH-North,Standard,4,200.64,3,287.98,4,0,74,4,1151.92,802.56,349.36,0,1,2024-07
1004839,2024-07-25,Electronics,South,Supplier C,WH-South,Standard,9,235.83,4,275.41,9,0,78,4,2478.69,2122.47,356.22,0,1,2024-07
1004748,2024-07-25,Home & Kitchen,East,Supplier D,WH-South,Standard,13,143.71,5,227.14,12,1,62,4,2725.68,1724.52,1001.16,1,1,2024-07
1005926,2024-07-25,Electronics,East,Supplier C,WH-North,Standard,11,172.02,5,216.63,10,1,77,6,2166.3,1720.2,446.1,1,1,2024-07
1003070,2024-07-25,Electronics,West,Supplier A,WH-South,Standard,18,389.16,15,633.27,16,2,40,13,10132.32,6226.56,3905.76,1,0,2024-07
1001875,2024-07-25,Apparel,North,Supplier B,WH-West,Standard,23,194.72,7,294.67,22,1,35,6,6482.74,4283.84,2198.9,1,1,2024-07
1004913,2024-07-25,Office Supplies,North,Supplier A,WH-East,Standard,14,60.47,8,69.75,13,1,21,7,906.75,786.11,120.64,1,1,2024-07
1004622,2024-07-25,Electronics,North,Supplier A,WH-East,Standard,13,205.93,15,326.38,12,1,25,13,3916.56,2471.16,1445.4,1,0,2024-07
1004475,2024-07-25,Home & Kitchen,West,Supplier B,WH-North,Standard,8,277.9,13,403.21,7,1,73,11,2822.47,1945.3,877.17,1,1,2024-07
1001838,2024-07-26,Home & Kitchen,South,Supplier D,WH-West,Standard,21,444.87,15,621.67,17,4,26,15,10568.39,7562.79,3005.6,1,0,2024-07
1004309,2024-07-26,Electronics,South,Supplier D,WH-South,Standard,8,376.85,8,630.92,7,1,46,8,4416.44,2637.95,1778.49,1,1,2024-07
1005393,2024-07-26,Health & Beauty,North,Supplier C,WH-North,Same Day,9,144.08,17,218.58,7,2,50,19,1530.06,1008.56,521.5,1,0,2024-07
1004844,2024-07-26,Home & Kitchen,West,Supplier C,WH-South,Standard,22,291.25,7,483.23,21,1,28,7,10147.83,6116.25,4031.58,1,1,2024-07
1002276,2024-07-26,Office Supplies,South,Supplier E,WH-South,Same Day,20,178.74,2,268.69,18,2,11,4,4836.42,3217.32,1619.1,1,0,2024-07
1000280,2024-07-26,Electronics,South,Supplier D,WH-North,Express,16,370.72,12,524.4,14,2,11,13,7341.6,5190.08,2151.52,1,0,2024-07
1001732,2024-07-26,Electronics,South,Supplier B,WH-West,Express,5,297.28,16,354.45,5,0,26,14,1772.25,1486.4,285.85,0,0,2024-07
1001290,2024-07-27,Health & Beauty,East,Supplier B,WH-South,Standard,7,120.12,14,188.14,7,0,27,14,1316.98,840.84,476.14,0,0,2024-07
1002263,2024-07-27,Apparel,East,Supplier B,WH-South,Standard,6,448.37,14,561.13,5,1,34,14,2805.65,2241.85,563.8,1,0,2024-07
1005389,2024-07-27,Office Supplies,South,Supplier A,WH-South,Standard,4,315.05,5,493.1,4,0,57,7,1972.4,1260.2,712.2,0,1,2024-07
1002682,2024-07-27,Health & Beauty,East,Supplier E,WH-West,Standard,13,9.49,7,12.2,11,2,10,9,134.2,104.39,29.81,1,1,2024-07
1003666,2024-07-27,Electronics,South,Supplier E,WH-West,Standard,4,202.52,16,321.7,3,1,19,15,965.1,607.56,357.54,1,0,2024-07
1003295,2024-07-28,Office Supplies,East,Supplier C,WH-East,Standard,12,151.08,17,237.59,12,0,74,15,2851.08,1812.96,1038.12,0,0,2024-07
1003905,2024-07-28,Health & Beauty,South,Supplier C,WH-West,Express,11,216.11,12,310.28,10,1,56,12,3102.8,2161.1,941.7,1,0,2024-07
1003071,2024-07-28,Health & Beauty,North,Supplier C,WH-East,Same Day,17,161.42,11,252.92,14,3,58,11,3540.88,2259.88,1281.0,1,0,2024-07
1001156,2024-07-28,Apparel,South,Supplier D,WH-North,Express,9,317.57,17,536.54,8,1,78,19,4292.32,2540.56,1751.76,1,0,2024-07
1005254,2024-07-28,Home & Kitchen,South,Supplier A,WH-West,Same Day,3,448.91,2,661.39,3,0,17,1,1984.17,1346.73,637.44,0,1,2024-07
1003726,2024-07-28,Electronics,North,Supplier B,WH-East,Standard,19,398.98,11,600.88,17,2,65,10,10214.96,6782.66,3432.3,1,1,2024-07
1002954,2024-07-28,Electronics,East,Supplier C,WH-East,Standard,2,55.55,2,96.88,2,0,63,1,193.76,111.1,82.66,0,1,2024-07
1001677,2024-07-28,Electronics,East,Supplier C,WH-South,Same Day,15,398.3,12,535.92,15,0,56,14,8038.8,5974.5,2064.3,0,0,2024-07
1004238,2024-07-28,Office Supplies,South,Supplier D,WH-East,Express,14,147.11,10,220.74,14,0,57,11,3090.36,2059.54,1030.82,0,0,2024-07
1001113,2024-07-28,Apparel,West,Supplier E,WH-West,Standard,15,25.34,12,36.59,14,1,13,10,512.26,354.76,157.5,1,1,2024-07
1005056,2024-07-29,Electronics,North,Supplier D,WH-North,Express,6,57.26,3,72.7,6,0,45,3,436.2,343.56,92.64,0,1,2024-07
1002535,2024-07-29,Electronics,South,Supplier D,WH-West,Standard,14,312.72,12,432.25,13,1,13,12,5619.25,4065.36,1553.89,1,1,2024-07
1005914,2024-07-29,Home & Kitchen,West,Supplier C,WH-South,Standard,11,94.64,3,130.55,10,1,61,2,1305.5,946.4,359.1,1,1,2024-07
1002729,2024-07-29,Apparel,West,Supplier A,WH-North,Standard,3,271.49,2,373.55,3,0,49,1,1120.65,814.47,306.18,0,1,2024-07
1002691,2024-07-29,Health & Beauty,East,Supplier A,WH-East,Standard,6,13.43,7,19.46,6,0,54,6,116.76,80.58,36.18,0,1,2024-07
1003008,2024-07-29,Electronics,East,Supplier B,WH-East,Express,19,111.08,2,173.27,19,0,11,3,3292.13,2110.52,1181.61,0,1,2024-07
1004713,2024-07-29,Office Supplies,South,Supplier A,WH-West,Express,21,446.62,4,764.21,19,2,17,4,14519.99,8485.78,6034.21,1,1,2024-07
1005280,2024-07-29,Electronics,West,Supplier C,WH-North,Standard,11,428.76,16,703.21,10,1,54,18,7032.1,4287.6,2744.5,1,0,2024-07
1004862,2024-07-29,Apparel,North,Supplier B,WH-East,Standard,14,53.37,3,66.74,14,0,48,5,934.36,747.18,187.18,0,1,2024-07
1005923,2024-07-29,Electronics,North,Supplier D,WH-South,Standard,21,273.53,13,390.51,18,3,59,15,7029.18,4923.54,2105.64,1,0,2024-07
1005510,2024-07-30,Apparel,West,Supplier D,WH-West,Standard,1,357.54,17,614.14,1,0,51,15,614.14,357.54,256.6,0,0,2024-07
1005897,2024-07-30,Apparel,West,Supplier E,WH-West,Standard,18,262.51,14,357.62,15,3,29,15,5364.3,3937.65,1426.65,1,0,2024-07
1004950,2024-07-30,Office Supplies,East,Supplier C,WH-West,Standard,1,306.44,2,517.83,1,0,34,1,517.83,306.44,211.39,0,1,2024-07
1000905,2024-07-30,Home & Kitchen,North,Supplier E,WH-West,Standard,14,315.7,10,364.98,12,2,26,11,4379.76,3788.4,591.36,1,1,2024-07
1004104,2024-07-30,Health & Beauty,East,Supplier E,WH-North,Same Day,8,447.1,7,550.41,8,0,73,8,4403.28,3576.8,826.48,0,0,2024-07
1004396,2024-07-30,Office Supplies,West,Supplier A,WH-West,Express,10,377.65,15,561.39,9,1,50,14,5052.51,3398.85,1653.66,1,0,2024-07
1002622,2024-07-31,Health & Beauty,East,Supplier E,WH-West,Standard,24,133.77,12,219.37,22,2,45,12,4826.14,2942.94,1883.2,1,1,2024-07
1000667,2024-07-31,Apparel,West,Supplier D,WH-South,Standard,7,334.54,14,501.96,6,1,20,13,3011.76,2007.24,1004.52,1,0,2024-07
1004130,2024-07-31,Electronics,North,Supplier E,WH-East,Express,22,366.14,9,488.22,20,2,37,8,9764.4,7322.8,2441.6,1,0,2024-07
1002915,2024-07-31,Home & Kitchen,West,Supplier B,WH-North,Standard,12,65.14,12,79.82,11,1,35,11,878.02,716.54,161.48,1,1,2024-07
1002459,2024-07-31,Apparel,East,Supplier A,WH-West,Standard,21,108.39,17,149.55,20,1,40,17,2991.0,2167.8,823.2,1,0,2024-07
1003319,2024-07-31,Apparel,South,Supplier E,WH-North,Same Day,19,220.44,15,353.45,16,3,73,15,5655.2,3527.04,2128.16,1,0,2024-07
1002456,2024-07-31,Office Supplies,South,Supplier D,WH-North,Same Day,9,300.34,15,474.33,9,0,46,15,4268.97,2703.06,1565.91,0,0,2024-07
1004516,2024-07-31,Home & Kitchen,East,Supplier E,WH-South,Standard,4,425.63,5,719.39,4,0,65,3,2877.56,1702.52,1175.04,0,1,2024-07
1002912,2024-08-01,Health & Beauty,South,Supplier D,WH-East,Standard,21,176.52,15,278.54,20,1,10,15,5570.8,3530.4,2040.4,1,0,2024-08
1000853,2024-08-01,Home & Kitchen,West,Supplier C,WH-West,Standard,3,110.7,17,171.73,3,0,67,16,515.19,332.1,183.09,0,0,2024-08
1003457,2024-08-01,Home & Kitchen,South,Supplier B,WH-East,Standard,12,158.95,12,196.95,12,0,42,11,2363.4,1907.4,456.0,0,1,2024-08
1005573,2024-08-01,Apparel,North,Supplier E,WH-South,Same Day,5,247.36,9,387.76,5,0,56,10,1938.8,1236.8,702.0,0,0,2024-08
1001785,2024-08-01,Electronics,East,Supplier B,WH-West,Standard,19,199.39,8,346.64,19,0,64,10,6586.16,3788.41,2797.75,0,1,2024-08
1003824,2024-08-01,Health & Beauty,East,Supplier B,WH-West,Standard,22,288.73,6,358.86,21,1,52,8,7536.06,6063.33,1472.73,1,1,2024-08
1004470,2024-08-01,Health & Beauty,West,Supplier E,WH-South,Standard,10,233.36,13,355.52,9,1,10,11,3199.68,2100.24,1099.44,1,1,2024-08
1003199,2024-08-01,Electronics,North,Supplier C,WH-East,Standard,3,247.21,14,378.48,3,0,27,14,1135.44,741.63,393.81,0,0,2024-08
1004275,2024-08-02,Apparel,East,Supplier E,WH-West,Standard,8,150.54,15,205.82,7,1,69,13,1440.74,1053.78,386.96,1,0,2024-08
1004273,2024-08-02,Home & Kitchen,North,Supplier B,WH-West,Standard,16,11.32,8,14.9,14,2,16,10,208.6,158.48,50.12,1,1,2024-08
1005974,2024-08-02,Home & Kitchen,West,Supplier E,WH-South,Express,18,343.86,5,536.42,18,0,68,5,9655.56,6189.48,3466.08,0,1,2024-08
1004944,2024-08-02,Health & Beauty,South,Supplier A,WH-East,Express,19,198.67,3,252.45,15,4,53,1,3786.75,2980.05,806.7,1,1,2024-08
1001191,2024-08-02,Electronics,South,Supplier A,WH-East,Express,23,280.54,9,392.27,21,2,37,9,8237.67,5891.34,2346.33,1,0,2024-08
1003607,2024-08-02,Apparel,West,Supplier A,WH-South,Express,15,203.41,12,303.75,13,2,72,14,3948.75,2644.33,1304.42,1,0,2024-08
1000595,2024-08-02,Apparel,East,Supplier D,WH-South,Standard,13,384.65,4,472.95,12,1,78,4,5675.4,4615.8,1059.6,1,1,2024-08
1000011,2024-08-02,Office Supplies,South,Supplier B,WH-North,Standard,19,389.98,4,498.52,18,1,66,4,8973.36,7019.64,1953.72,1,1,2024-08
1000876,2024-08-03,Health & Beauty,North,Supplier E,WH-East,Standard,24,348.27,10,607.0,22,2,49,11,13354.0,7661.94,5692.06,1,1,2024-08
1003877,2024-08-03,Home & Kitchen,North,Supplier C,WH-West,Standard,19,94.53,12,128.25,17,2,11,13,2180.25,1607.01,573.24,1,0,2024-08
1003496,2024-08-03,Electronics,East,Supplier D,WH-West,Express,23,165.82,2,266.34,23,0,43,3,6125.82,3813.86,2311.96,0,1,2024-08
1001550,2024-08-03,Electronics,East,Supplier A,WH-South,Standard,16,32.52,6,45.22,14,2,70,6,633.08,455.28,177.8,1,1,2024-08
1002342,2024-08-03,Home & Kitchen,South,Supplier C,WH-East,Standard,20,70.64,11,105.35,18,2,61,13,1896.3,1271.52,624.78,1,0,2024-08
1001992,2024-08-03,Electronics,East,Supplier B,WH-South,Standard,23,430.2,10,715.93,19,4,30,10,13602.67,8173.8,5428.87,1,1,2024-08
1001082,2024-08-03,Apparel,South,Supplier E,WH-South,Standard,13,389.83,16,468.69,13,0,50,14,6092.97,5067.79,1025.18,0,0,2024-08
1001404,2024-08-03,Apparel,South,Supplier A,WH-West,Standard,16,226.72,4,377.8,16,0,51,3,6044.8,3627.52,2417.28,0,1,2024-08
1001600,2024-08-03,Apparel,North,Supplier C,WH-South,Standard,14,138.85,13,191.79,13,1,21,13,2493.27,1805.05,688.22,1,0,2024-08
1004795,2024-08-04,Home & Kitchen,East,Supplier E,WH-West,Standard,2,235.35,13,363.78,2,0,17,12,727.56,470.7,256.86,0,1,2024-08
1001995,2024-08-04,Health & Beauty,East,Supplier A,WH-North,Same Day,7,305.45,12,466.21,6,1,25,11,2797.26,1832.7,964.56,1,0,2024-08
1001379,2024-08-04,Office Supplies,North,Supplier D,WH-West,Express,13,122.34,11,172.55,13,0,40,12,2243.15,1590.42,652.73,0,0,2024-08
1000092,2024-08-04,Home & Kitchen,West,Supplier E,WH-East,Standard,9,427.74,17,517.45,8,1,25,16,4139.6,3421.92,717.68,1,0,2024-08
1000625,2024-08-04,Electronics,West,Supplier E,WH-South,Express,11,221.88,3,292.24,9,2,37,3,2630.16,1996.92,633.24,1,1,2024-08
1002563,2024-08-04,Office Supplies,North,Supplier B,WH-North,Express,13,211.3,10,305.08,12,1,16,8,3660.96,2535.6,1125.36,1,0,2024-08
1005422,2024-08-04,Home & Kitchen,South,Supplier A,WH-East,Standard,2,387.18,3,608.39,2,0,77,3,1216.78,774.36,442.42,0,1,2024-08
1005996,2024-08-04,Home & Kitchen,West,Supplier C,WH-North,Standard,18,228.1,11,339.32,17,1,20,11,5768.44,3877.7,1890.74,1,1,2024-08
1000732,2024-08-04,Electronics,South,Supplier E,WH-West,Same Day,19,441.11,13,602.2,18,1,47,11,10839.6,7939.98,2899.62,1,0,2024-08
1000552,2024-08-04,Office Supplies,South,Supplier B,WH-North,Standard,9,8.11,3,13.04,9,0,44,4,117.36,72.99,44.37,0,1,2024-08
1000472,2024-08-05,Home & Kitchen,North,Supplier D,WH-North,Standard,2,418.03,7,613.69,2,0,64,7,1227.38,836.06,391.32,0,1,2024-08
1000134,2024-08-05,Health & Beauty,South,Supplier E,WH-North,Express,13,405.17,12,657.18,10,3,11,12,6571.8,4051.7,2520.1,1,0,2024-08
1005048,2024-08-05,Apparel,East,Supplier E,WH-South,Standard,7,95.3,17,154.53,6,1,46,18,927.18,571.8,355.38,1,0,2024-08
1003023,2024-08-05,Health & Beauty,South,Supplier D,WH-West,Express,20,441.4,10,689.86,17,3,35,8,11727.62,7503.8,4223.82,1,0,2024-08
1002229,2024-08-05,Electronics,South,Supplier A,WH-West,Express,18,129.91,10,207.38,18,0,36,9,3732.84,2338.38,1394.46,0,0,2024-08
1005235,2024-08-05,Home & Kitchen,South,Supplier A,WH-North,Standard,3,132.07,9,153.66,3,0,10,9,460.98,396.21,64.77,0,1,2024-08
1001110,2024-08-05,Electronics,West,Supplier C,WH-East,Standard,20,394.09,2,484.45,18,2,52,3,8720.1,7093.62,1626.48,1,1,2024-08
1001533,2024-08-05,Health & Beauty,North,Supplier D,WH-North,Standard,23,43.82,11,57.34,22,1,68,12,1261.48,964.04,297.44,1,1,2024-08
1002025,2024-08-05,Electronics,East,Supplier C,WH-West,Express,16,40.93,10,67.96,16,0,56,10,1087.36,654.88,432.48,0,0,2024-08
1003694,2024-08-05,Health & Beauty,East,Supplier E,WH-South,Standard,2,75.48,11,127.92,2,0,48,11,255.84,150.96,104.88,0,1,2024-08
1003838,2024-08-05,Apparel,South,Supplier A,WH-South,Standard,11,281.8,6,467.87,11,0,35,6,5146.57,3099.8,2046.77,0,1,2024-08
1004286,2024-08-05,Health & Beauty,North,Supplier A,WH-North,Standard,14,281.37,3,488.67,12,2,14,3,5864.04,3376.44,2487.6,1,1,2024-08
1003075,2024-08-06,Health & Beauty,West,Supplier D,WH-East,Express,7,77.37,5,112.52,7,0,17,4,787.64,541.59,246.05,0,1,2024-08
1004318,2024-08-06,Home & Kitchen,North,Supplier E,WH-North,Standard,5,72.44,4,126.73,4,1,78,4,506.92,289.76,217.16,1,1,2024-08
1005937,2024-08-07,Office Supplies,South,Supplier D,WH-West,Standard,5,116.69,6,145.56,5,0,46,8,727.8,583.45,144.35,0,1,2024-08
1002044,2024-08-07,Home & Kitchen,East,Supplier E,WH-West,Standard,4,270.46,7,438.46,3,1,18,9,1315.38,811.38,504.0,1,1,2024-08
1002966,2024-08-07,Office Supplies,South,Supplier D,WH-South,Standard,5,394.28,11,510.53,3,2,77,13,1531.59,1182.84,348.75,1,0,2024-08
1002551,2024-08-07,Office Supplies,East,Supplier A,WH-South,Standard,3,229.03,10,397.59,3,0,32,10,1192.77,687.09,505.68,0,1,2024-08
1000215,2024-08-07,Home & Kitchen,South,Supplier C,WH-South,Express,18,225.11,3,381.12,18,0,12,1,6860.16,4051.98,2808.18,0,1,2024-08
1002167,2024-08-07,Apparel,North,Supplier A,WH-South,Standard,23,57.09,3,78.73,21,2,14,4,1653.33,1198.89,454.44,1,1,2024-08
1000642,2024-08-07,Office Supplies,South,Supplier A,WH-East,Standard,23,207.22,14,261.36,20,3,58,14,5227.2,4144.4,1082.8,1,0,2024-08
1004721,2024-08-07,Home & Kitchen,West,Supplier C,WH-East,Standard,23,145.17,13,239.79,22,1,27,12,5275.38,3193.74,2081.64,1,1,2024-08
1002812,2024-08-07,Electronics,North,Supplier D,WH-West,Same Day,5,253.26,5,360.03,5,0,30,6,1800.15,1266.3,533.85,0,0,2024-08
1000466,2024-08-07,Apparel,North,Supplier A,WH-East,Standard,21,239.53,9,389.49,21,0,78,8,8179.29,5030.13,3149.16,0,1,2024-08
1000343,2024-08-07,Electronics,West,Supplier D,WH-North,Express,18,336.0,9,436.47,16,2,23,8,6983.52,5376.0,1607.52,1,0,2024-08
1005084,2024-08-07,Home & Kitchen,West,Supplier B,WH-East,Standard,6,60.89,6,72.25,6,0,34,5,433.5,365.34,68.16,0,1,2024-08
1002810,2024-08-07,Electronics,North,Supplier B,WH-North,Standard,12,128.26,14,192.51,12,0,65,14,2310.12,1539.12,771.0,0,0,2024-08
1004060,2024-08-08,Apparel,East,Supplier B,WH-East,Same Day,8,207.04,11,355.5,7,1,20,11,2488.5,1449.28,1039.22,1,0,2024-08
1002423,2024-08-08,Home & Kitchen,West,Supplier E,WH-North,Standard,4,236.86,12,408.46,4,0,32,12,1633.84,947.44,686.4,0,1,2024-08
1004671,2024-08-08,Electronics,North,Supplier D,WH-South,Standard,23,123.79,3,156.12,21,2,66,3,3278.52,2599.59,678.93,1,1,2024-08
1005651,2024-08-08,Electronics,East,Supplier E,WH-West,Standard,10,244.35,15,401.68,9,1,45,15,3615.12,2199.15,1415.97,1,0,2024-08
1002713,2024-08-08,Home & Kitchen,North,Supplier D,WH-South,Standard,10,394.47,7,581.31,10,0,75,7,5813.1,3944.7,1868.4,0,1,2024-08
1002096,2024-08-08,Electronics,West,Supplier B,WH-West,Standard,20,442.28,8,670.2,19,1,28,8,12733.8,8403.32,4330.48,1,1,2024-08
1002597,2024-08-09,Electronics,East,Supplier B,WH-North,Standard,14,361.62,2,507.57,14,0,39,2,7105.98,5062.68,2043.3,0,1,2024-08
1004765,2024-08-09,Electronics,South,Supplier B,WH-North,Standard,5,346.05,7,475.69,5,0,67,9,2378.45,1730.25,648.2,0,1,2024-08
1004917,2024-08-09,Electronics,West,Supplier B,WH-East,Standard,14,399.37,9,504.08,13,1,45,11,6553.04,5191.81,1361.23,1,1,2024-08
1001661,2024-08-09,Home & Kitchen,East,Supplier C,WH-West,Standard,1,200.56,17,265.26,1,0,64,15,265.26,200.56,64.7,0,0,2024-08
1003127,2024-08-09,Electronics,South,Supplier D,WH-East,Express,19,412.35,3,609.81,19,0,10,3,11586.39,7834.65,3751.74,0,1,2024-08
1001213,2024-08-09,Electronics,South,Supplier C,WH-South,Standard,13,162.4,14,267.97,13,0,53,16,3483.61,2111.2,1372.41,0,0,2024-08
1005001,2024-08-10,Apparel,West,Supplier E,WH-North,Express,11,312.93,6,490.22,10,1,52,5,4902.2,3129.3,1772.9,1,1,2024-08
1001999,2024-08-10,Electronics,South,Supplier D,WH-South,Standard,8,216.88,10,331.14,8,0,74,11,2649.12,1735.04,914.08,0,1,2024-08
1002553,2024-08-10,Office Supplies,North,Supplier B,WH-South,Standard,2,197.09,10,285.84,2,0,38,9,571.68,394.18,177.5,0,1,2024-08
1001646,2024-08-10,Home & Kitchen,South,Supplier B,WH-South,Standard,19,119.63,2,162.48,17,2,36,2,2762.16,2033.71,728.45,1,1,2024-08
1003909,2024-08-10,Electronics,South,Supplier E,WH-South,Express,2,64.33,8,92.63,2,0,42,8,185.26,128.66,56.6,0,0,2024-08
1000951,2024-08-10,Office Supplies,North,Supplier B,WH-North,Standard,15,194.13,10,224.79,15,0,22,10,3371.85,2911.95,459.9,0,1,2024-08
1000485,2024-08-10,Electronics,South,Supplier E,WH-North,Standard,24,224.87,4,266.07,22,2,16,5,5853.54,4947.14,906.4,1,1,2024-08
1001822,2024-08-10,Home & Kitchen,West,Supplier A,WH-West,Standard,4,220.89,5,314.49,3,1,64,6,943.47,662.67,280.8,1,1,2024-08
1000591,2024-08-10,Office Supplies,South,Supplier C,WH-South,Express,20,268.69,6,349.38,16,4,71,8,5590.08,4299.04,1291.04,1,0,2024-08
1001438,2024-08-10,Electronics,North,Supplier E,WH-East,Standard,18,243.37,5,408.88,17,1,65,3,6950.96,4137.29,2813.67,1,1,2024-08
1003323,2024-08-10,Electronics,East,Supplier A,WH-North,Express,19,17.58,3,21.13,19,0,42,3,401.47,334.02,67.45,0,1,2024-08
1004953,2024-08-10,Home & Kitchen,East,Supplier C,WH-East,Standard,13,444.1,7,673.63,13,0,24,5,8757.19,5773.3,2983.89,0,1,2024-08
1001589,2024-08-11,Apparel,South,Supplier C,WH-South,Standard,5,285.83,9,448.72,5,0,53,11,2243.6,1429.15,814.45,0,1,2024-08
1000727,2024-08-11,Home & Kitchen,South,Supplier D,WH-West,Standard,8,325.52,10,559.01,6,2,38,9,3354.06,1953.12,1400.94,1,1,2024-08
1005066,2024-08-11,Home & Kitchen,East,Supplier C,WH-West,Standard,23,292.24,9,509.8,22,1,72,11,11215.6,6429.28,4786.32,1,1,2024-08
1005643,2024-08-11,Health & Beauty,South,Supplier B,WH-East,Standard,6,311.53,2,514.29,5,1,32,2,2571.45,1557.65,1013.8,1,1,2024-08
1001638,2024-08-11,Health & Beauty,North,Supplier B,WH-East,Express,20,439.98,7,759.02,19,1,65,6,14421.38,8359.62,6061.76,1,0,2024-08
1001657,2024-08-11,Home & Kitchen,South,Supplier C,WH-East,Standard,12,41.47,17,49.49,10,2,12,19,494.9,414.7,80.2,1,0,2024-08
1002663,2024-08-11,Home & Kitchen,East,Supplier A,WH-East,Express,13,11.03,4,17.16,13,0,65,5,223.08,143.39,79.69,0,1,2024-08
1000217,2024-08-12,Apparel,East,Supplier C,WH-North,Standard,5,24.4,8,35.48,3,2,60,9,106.44,73.2,33.24,1,1,2024-08
1003819,2024-08-12,Apparel,North,Supplier D,WH-East,Same Day,14,70.9,5,103.57,14,0,13,6,1449.98,992.6,457.38,0,0,2024-08
1001047,2024-08-12,Office Supplies,East,Supplier B,WH-South,Standard,13,209.0,8,256.06,11,2,50,7,2816.66,2299.0,517.66,1,1,2024-08
1001803,2024-08-12,Office Supplies,South,Supplier A,WH-West,Express,1,339.43,8,562.39,1,0,54,7,562.39,339.43,222.96,0,0,2024-08
1000189,2024-08-12,Office Supplies,South,Supplier D,WH-West,Standard,20,247.37,16,378.16,18,2,59,18,6806.88,4452.66,2354.22,1,0,2024-08
1000975,2024-08-12,Office Supplies,South,Supplier A,WH-North,Standard,23,420.02,3,584.36,21,2,31,5,12271.56,8820.42,3451.14,1,1,2024-08
1005711,2024-08-12,Apparel,East,Supplier D,WH-East,Same Day,4,124.53,7,215.42,4,0,13,7,861.68,498.12,363.56,0,0,2024-08
1005535,2024-08-12,Electronics,West,Supplier A,WH-East,Express,18,11.19,5,16.22,17,1,71,6,275.74,190.23,85.51,1,0,2024-08
1000175,2024-08-12,Home & Kitchen,West,Supplier A,WH-South,Same Day,5,128.37,17,189.48,5,0,51,19,947.4,641.85,305.55,0,0,2024-08
1001532,2024-08-13,Office Supplies,East,Supplier E,WH-West,Standard,9,396.01,14,567.76,9,0,55,14,5109.84,3564.09,1545.75,0,0,2024-08
1003017,2024-08-13,Electronics,South,Supplier C,WH-East,Standard,10,240.93,14,351.15,9,1,36,12,3160.35,2168.37,991.98,1,1,2024-08
1005033,2024-08-13,Electronics,South,Supplier A,WH-East,Standard,15,296.89,2,399.84,14,1,75,1,5597.76,4156.46,1441.3,1,1,2024-08
1003832,2024-08-13,Health & Beauty,West,Supplier B,WH-East,Standard,19,153.89,9,261.3,18,1,13,11,4703.4,2770.02,1933.38,1,1,2024-08
1002198,2024-08-13,Health & Beauty,South,Supplier B,WH-North,Standard,5,289.13,13,438.41,5,0,76,13,2192.05,1445.65,746.4,0,0,2024-08
1001574,2024-08-13,Apparel,North,Supplier A,WH-North,Standard,2,257.14,3,350.53,2,0,21,5,701.06,514.28,186.78,0,1,2024-08
1002578,2024-08-13,Apparel,South,Supplier D,WH-North,Express,7,342.0,6,426.1,7,0,10,6,2982.7,2394.0,588.7,0,0,2024-08
1001275,2024-08-13,Apparel,South,Supplier A,WH-North,Express,20,308.81,2,398.78,19,1,52,2,7576.82,5867.39,1709.43,1,1,2024-08
1000329,2024-08-13,Home & Kitchen,West,Supplier D,WH-North,Standard,16,297.36,17,498.93,14,2,76,19,6985.02,4163.04,2821.98,1,0,2024-08
1001518,2024-08-13,Health & Beauty,West,Supplier E,WH-North,Same Day,11,203.16,2,264.19,10,1,35,4,2641.9,2031.6,610.3,1,0,2024-08
1003754,2024-08-14,Home & Kitchen,South,Supplier D,WH-South,Standard,11,427.62,15,689.36,10,1,11,14,6893.6,4276.2,2617.4,1,0,2024-08
1002999,2024-08-14,Home & Kitchen,West,Supplier B,WH-West,Standard,9,14.05,9,17.52,8,1,16,9,140.16,112.4,27.76,1,1,2024-08
1005059,2024-08-14,Health & Beauty,East,Supplier C,WH-North,Standard,6,347.34,11,577.87,5,1,66,9,2889.35,1736.7,1152.65,1,1,2024-08
1000671,2024-08-14,Electronics,West,Supplier B,WH-West,Standard,5,401.61,13,576.8,4,1,62,14,2307.2,1606.44,700.76,1,0,2024-08
1002930,2024-08-14,Apparel,South,Supplier D,WH-West,Express,3,339.5,10,424.46,3,0,72,9,1273.38,1018.5,254.88,0,0,2024-08
1002479,2024-08-14,Office Supplies,East,Supplier B,WH-East,Same Day,19,57.29,16,75.98,18,1,31,16,1367.64,1031.22,336.42,1,0,2024-08
1002700,2024-08-14,Health & Beauty,East,Supplier A,WH-North,Standard,18,419.37,5,503.28,18,0,75,5,9059.04,7548.66,1510.38,0,1,2024-08
1005214,2024-08-14,Electronics,North,Supplier A,WH-West,Express,7,422.91,13,645.53,6,1,40,13,3873.18,2537.46,1335.72,1,0,2024-08
1003061,2024-08-14,Apparel,North,Supplier C,WH-South,Standard,3,284.13,16,404.76,3,0,69,16,1214.28,852.39,361.89,0,0,2024-08
1001352,2024-08-14,Health & Beauty,South,Supplier C,WH-East,Express,8,263.55,6,402.94,7,1,29,4,2820.58,1844.85,975.73,1,1,2024-08
1001685,2024-08-14,Health & Beauty,East,Supplier E,WH-North,Express,4,30.02,7,46.95,4,0,28,9,187.8,120.08,67.72,0,0,2024-08
1000294,2024-08-14,Apparel,West,Supplier B,WH-East,Express,1,374.33,8,603.15,1,0,17,7,603.15,374.33,228.82,0,0,2024-08
1003722,2024-08-14,Home & Kitchen,East,Supplier E,WH-North,Express,6,209.33,5,257.41,6,0,22,5,1544.46,1255.98,288.48,0,1,2024-08
1005245,2024-08-15,Office Supplies,North,Supplier E,WH-South,Standard,7,202.54,3,321.92,6,1,33,2,1931.52,1215.24,716.28,1,1,2024-08
1003492,2024-08-15,Apparel,East,Supplier B,WH-East,Standard,11,285.04,4,450.17,10,1,42,4,4501.7,2850.4,1651.3,1,1,2024-08
1001081,2024-08-15,Health & Beauty,East,Supplier C,WH-South,Standard,5,197.22,4,226.96,3,2,39,6,680.88,591.66,89.22,1,1,2024-08
1002531,2024-08-15,Home & Kitchen,North,Supplier C,WH-North,Standard,7,366.19,5,510.82,6,1,27,7,3064.92,2197.14,867.78,1,1,2024-08
1002822,2024-08-15,Office Supplies,South,Supplier D,WH-South,Express,23,330.18,14,466.58,20,3,35,14,9331.6,6603.6,2728.0,1,0,2024-08
1005629,2024-08-15,Apparel,West,Supplier D,WH-North,Standard,8,331.98,9,560.94,7,1,76,7,3926.58,2323.86,1602.72,1,1,2024-08
1000914,2024-08-15,Office Supplies,North,Supplier E,WH-West,Standard,10,247.73,8,360.78,10,0,41,10,3607.8,2477.3,1130.5,0,1,2024-08
1003813,2024-08-15,Apparel,East,Supplier A,WH-North,Express,15,317.1,11,534.25,14,1,78,11,7479.5,4439.4,3040.1,1,0,2024-08
1002650,2024-08-16,Office Supplies,West,Supplier C,WH-South,Express,19,46.88,11,81.75,19,0,11,12,1553.25,890.72,662.53,0,0,2024-08
1001234,2024-08-16,Electronics,North,Supplier D,WH-East,Same Day,24,81.36,10,140.86,22,2,78,9,3098.92,1789.92,1309.0,1,0,2024-08
1005068,2024-08-16,Health & Beauty,East,Supplier E,WH-South,Standard,23,287.29,8,386.53,19,4,37,8,7344.07,5458.51,1885.56,1,1,2024-08
1001020,2024-08-16,Home & Kitchen,South,Supplier B,WH-South,Standard,21,131.59,13,191.77,19,2,17,11,3643.63,2500.21,1143.42,1,1,2024-08
1000782,2024-08-16,Electronics,West,Supplier B,WH-West,Standard,13,268.69,17,383.1,13,0,66,15,4980.3,3492.97,1487.33,0,0,2024-08
1005140,2024-08-16,Home & Kitchen,West,Supplier C,WH-South,Standard,23,253.02,7,322.37,22,1,26,5,7092.14,5566.44,1525.7,1,1,2024-08
1001387,2024-08-16,Apparel,South,Supplier C,WH-East,Express,12,209.38,17,325.89,9,3,54,15,2933.01,1884.42,1048.59,1,0,2024-08
1001933,2024-08-16,Health & Beauty,East,Supplier B,WH-South,Express,20,277.85,13,464.6,19,1,45,15,8827.4,5279.15,3548.25,1,0,2024-08
1000949,2024-08-16,Home & Kitchen,North,Supplier A,WH-East,Standard,2,339.28,17,480.73,2,0,52,16,961.46,678.56,282.9,0,0,2024-08
1000669,2024-08-16,Office Supplies,South,Supplier D,WH-West,Express,2,445.42,8,763.09,2,0,25,8,1526.18,890.84,635.34,0,0,2024-08
1000603,2024-08-17,Office Supplies,West,Supplier A,WH-East,Express,23,347.08,4,408.56,21,2,39,4,8579.76,7288.68,1291.08,1,1,2024-08
1004803,2024-08-17,Home & Kitchen,South,Supplier C,WH-North,Same Day,12,166.12,12,285.51,12,0,36,14,3426.12,1993.44,1432.68,0,0,2024-08
1003783,2024-08-17,Home & Kitchen,West,Supplier A,WH-West,Express,13,283.52,12,490.54,13,0,12,11,6377.02,3685.76,2691.26,0,0,2024-08
1000323,2024-08-17,Electronics,North,Supplier A,WH-South,Express,4,168.72,6,218.15,4,0,24,4,872.6,674.88,197.72,0,1,2024-08
1004321,2024-08-17,Apparel,South,Supplier A,WH-South,Standard,17,208.23,15,248.26,17,0,58,17,4220.42,3539.91,680.51,0,0,2024-08
1002251,2024-08-17,Health & Beauty,South,Supplier B,WH-South,Standard,4,392.59,17,464.69,3,1,43,16,1394.07,1177.77,216.3,1,0,2024-08
1005485,2024-08-17,Health & Beauty,East,Supplier E,WH-North,Express,8,403.54,2,679.03,8,0,74,2,5432.24,3228.32,2203.92,0,1,2024-08
1003612,2024-08-18,Electronics,South,Supplier D,WH-South,Standard,5,48.21,6,81.78,5,0,68,6,408.9,241.05,167.85,0,1,2024-08
1002669,2024-08-18,Electronics,South,Supplier A,WH-North,Standard,23,445.66,10,516.32,20,3,40,8,10326.4,8913.2,1413.2,1,1,2024-08
1002427,2024-08-18,Apparel,West,Supplier E,WH-West,Standard,19,115.74,17,194.95,18,1,76,16,3509.1,2083.32,1425.78,1,0,2024-08
1000149,2024-08-18,Electronics,East,Supplier C,WH-South,Express,3,300.52,5,524.63,3,0,44,7,1573.89,901.56,672.33,0,0,2024-08
1000898,2024-08-18,Health & Beauty,South,Supplier D,WH-East,Express,2,44.66,3,76.92,2,0,75,2,153.84,89.32,64.52,0,1,2024-08
1001926,2024-08-18,Electronics,East,Supplier D,WH-North,Express,19,339.18,2,431.56,15,4,71,1,6473.4,5087.7,1385.7,1,1,2024-08
1000173,2024-08-18,Office Supplies,North,Supplier A,WH-South,Standard,12,279.73,14,391.55,12,0,37,13,4698.6,3356.76,1341.84,0,0,2024-08
1000115,2024-08-18,Office Supplies,South,Supplier E,WH-North,Express,5,75.62,3,124.98,5,0,10,5,624.9,378.1,246.8,0,1,2024-08
1001065,2024-08-18,Home & Kitchen,South,Supplier B,WH-East,Same Day,16,348.8,16,500.92,15,1,47,14,7513.8,5232.0,2281.8,1,0,2024-08
1002501,2024-08-19,Office Supplies,South,Supplier E,WH-North,Express,18,136.72,15,237.91,15,3,74,15,3568.65,2050.8,1517.85,1,0,2024-08
1005192,2024-08-19,Apparel,South,Supplier B,WH-East,Standard,18,378.02,4,469.19,17,1,63,4,7976.23,6426.34,1549.89,1,1,2024-08
1003178,2024-08-19,Home & Kitchen,South,Supplier B,WH-South,Standard,10,69.38,5,109.38,10,0,16,6,1093.8,693.8,400.0,0,1,2024-08
1002529,2024-08-19,Electronics,West,Supplier A,WH-North,Standard,20,306.96,16,436.58,18,2,56,15,7858.44,5525.28,2333.16,1,0,2024-08
1005939,2024-08-19,Health & Beauty,East,Supplier B,WH-South,Express,21,25.78,6,34.79,19,2,46,5,661.01,489.82,171.19,1,1,2024-08
1004650,2024-08-19,Electronics,East,Supplier A,WH-West,Standard,18,345.02,3,447.39,17,1,26,5,7605.63,5865.34,1740.29,1,1,2024-08
1003615,2024-08-20,Home & Kitchen,South,Supplier D,WH-North,Express,17,248.67,14,376.54,16,1,78,16,6024.64,3978.72,2045.92,1,0,2024-08
1000910,2024-08-20,Electronics,West,Supplier B,WH-West,Express,16,375.41,15,633.79,13,3,27,15,8239.27,4880.33,3358.94,1,0,2024-08
1002601,2024-08-20,Electronics,East,Supplier C,WH-South,Standard,16,414.77,7,657.17,15,1,12,7,9857.55,6221.55,3636.0,1,1,2024-08
1000277,2024-08-20,Apparel,East,Supplier E,WH-South,Standard,8,54.85,14,88.36,8,0,33,15,706.88,438.8,268.08,0,0,2024-08
1000842,2024-08-20,Health & Beauty,South,Supplier A,WH-North,Standard,15,211.73,14,243.72,13,2,43,16,3168.36,2752.49,415.87,1,0,2024-08
1000677,2024-08-20,Apparel,North,Supplier B,WH-North,Standard,13,316.16,6,452.35,13,0,63,6,5880.55,4110.08,1770.47,0,1,2024-08
1001643,2024-08-20,Electronics,North,Supplier B,WH-North,Standard,24,225.29,10,385.22,23,1,66,11,8860.06,5181.67,3678.39,1,1,2024-08
1000565,2024-08-20,Home & Kitchen,North,Supplier B,WH-West,Standard,6,144.78,12,215.53,5,1,51,12,1077.65,723.9,353.75,1,1,2024-08
1003851,2024-08-20,Home & Kitchen,North,Supplier C,WH-East,Standard,15,68.52,8,106.11,14,1,44,7,1485.54,959.28,526.26,1,1,2024-08
1005539,2024-08-20,Home & Kitchen,North,Supplier E,WH-North,Express,18,270.59,3,345.35,18,0,35,3,6216.3,4870.62,1345.68,0,1,2024-08
1000197,2024-08-20,Office Supplies,East,Supplier A,WH-North,Standard,2,115.34,13,197.58,2,0,38,14,395.16,230.68,164.48,0,0,2024-08
1003234,2024-08-20,Health & Beauty,West,Supplier C,WH-West,Standard,22,221.46,8,327.02,18,4,41,7,5886.36,3986.28,1900.08,1,1,2024-08
1001656,2024-08-20,Apparel,North,Supplier B,WH-East,Standard,1,342.04,9,548.83,0,1,23,10,0.0,0.0,0.0,1,1,2024-08
1005213,2024-08-20,Home & Kitchen,East,Supplier C,WH-East,Standard,9,359.15,2,532.07,8,1,66,3,4256.56,2873.2,1383.36,1,1,2024-08
1003398,2024-08-21,Apparel,West,Supplier A,WH-West,Same Day,11,294.18,10,460.96,10,1,52,11,4609.6,2941.8,1667.8,1,0,2024-08
1000190,2024-08-21,Electronics,West,Supplier C,WH-East,Standard,16,299.49,4,485.33,16,0,30,4,7765.28,4791.84,2973.44,0,1,2024-08
1004951,2024-08-21,Office Supplies,East,Supplier A,WH-South,Standard,12,289.52,15,383.95,11,1,22,16,4223.45,3184.72,1038.73,1,0,2024-08
1002677,2024-08-21,Office Supplies,East,Supplier D,WH-North,Standard,11,358.54,17,595.09,11,0,42,18,6545.99,3943.94,2602.05,0,0,2024-08
1004568,2024-08-21,Apparel,West,Supplier B,WH-West,Express,17,38.23,6,65.58,16,1,75,6,1049.28,611.68,437.6,1,0,2024-08
1002617,2024-08-22,Electronics,East,Supplier E,WH-East,Express,10,61.06,3,102.61,8,2,73,5,820.88,488.48,332.4,1,1,2024-08
1003916,2024-08-22,Health & Beauty,South,Supplier D,WH-North,Same Day,16,86.79,5,108.83,13,3,19,5,1414.79,1128.27,286.52,1,0,2024-08
1000596,2024-08-22,Apparel,South,Supplier C,WH-South,Standard,14,342.14,2,415.59,11,3,38,4,4571.49,3763.54,807.95,1,1,2024-08
1001299,2024-08-22,Apparel,South,Supplier C,WH-West,Standard,14,152.63,9,266.51,13,1,22,8,3464.63,1984.19,1480.44,1,1,2024-08
1003700,2024-08-22,Health & Beauty,North,Supplier E,WH-South,Express,15,115.65,7,188.28,14,1,10,6,2635.92,1619.1,1016.82,1,0,2024-08
1003316,2024-08-22,Apparel,North,Supplier D,WH-South,Express,14,369.95,3,564.34,14,0,63,3,7900.76,5179.3,2721.46,0,1,2024-08
1004688,2024-08-22,Electronics,South,Supplier C,WH-North,Standard,7,53.69,14,88.55,6,1,23,15,531.3,322.14,209.16,1,0,2024-08
1003753,2024-08-22,Apparel,South,Supplier D,WH-North,Standard,18,449.83,7,542.23,15,3,55,5,8133.45,6747.45,1386.0,1,1,2024-08
1004560,2024-08-22,Apparel,South,Supplier B,WH-South,Standard,4,271.49,4,413.89,3,1,13,5,1241.67,814.47,427.2,1,1,2024-08
1004840,2024-08-22,Electronics,East,Supplier B,WH-North,Standard,16,436.82,6,594.38,16,0,15,8,9510.08,6989.12,2520.96,0,1,2024-08
1001008,2024-08-23,Office Supplies,South,Supplier D,WH-East,Standard,17,22.6,2,35.02,16,1,47,4,560.32,361.6,198.72,1,1,2024-08
1003723,2024-08-23,Apparel,West,Supplier C,WH-West,Standard,24,292.2,3,460.23,23,1,28,1,10585.29,6720.6,3864.69,1,1,2024-08
1000776,2024-08-23,Electronics,East,Supplier C,WH-North,Express,3,211.83,2,349.73,2,1,74,1,699.46,423.66,275.8,1,1,2024-08
1004982,2024-08-23,Home & Kitchen,North,Supplier D,WH-East,Express,10,170.27,8,288.65,9,1,77,7,2597.85,1532.43,1065.42,1,0,2024-08
1001757,2024-08-23,Home & Kitchen,South,Supplier B,WH-North,Express,4,369.7,13,532.24,4,0,37,14,2128.96,1478.8,650.16,0,0,2024-08
1002612,2024-08-23,Office Supplies,South,Supplier D,WH-West,Standard,20,201.89,15,282.04,19,1,53,13,5358.76,3835.91,1522.85,1,0,2024-08
1005550,2024-08-24,Home & Kitchen,North,Supplier A,WH-West,Standard,5,104.17,5,149.75,5,0,53,6,748.75,520.85,227.9,0,1,2024-08
1004741,2024-08-24,Office Supplies,North,Supplier B,WH-South,Standard,14,169.98,17,217.67,11,3,68,18,2394.37,1869.78,524.59,1,0,2024-08
1004370,2024-08-24,Health & Beauty,South,Supplier C,WH-North,Express,2,85.61,16,138.66,2,0,14,15,277.32,171.22,106.1,0,0,2024-08
1005089,2024-08-24,Apparel,East,Supplier E,WH-East,Express,16,97.94,9,121.68,16,0,22,7,1946.88,1567.04,379.84,0,0,2024-08
1000452,2024-08-24,Apparel,South,Supplier C,WH-West,Express,3,421.63,5,606.03,2,1,66,6,1212.06,843.26,368.8,1,0,2024-08
1005185,2024-08-24,Electronics,East,Supplier D,WH-North,Standard,21,157.46,17,204.99,17,4,71,18,3484.83,2676.82,808.01,1,0,2024-08
1002289,2024-08-24,Home & Kitchen,North,Supplier B,WH-South,Standard,15,79.18,6,106.9,14,1,38,6,1496.6,1108.52,388.08,1,1,2024-08
1001905,2024-08-24,Office Supplies,West,Supplier E,WH-South,Standard,23,277.67,16,450.72,22,1,15,17,9915.84,6108.74,3807.1,1,0,2024-08
1005749,2024-08-24,Office Supplies,East,Supplier E,WH-South,Standard,14,271.44,10,341.14,14,0,37,9,4775.96,3800.16,975.8,0,1,2024-08
1005346,2024-08-24,Health & Beauty,South,Supplier D,WH-West,Standard,12,371.9,11,440.16,11,1,65,9,4841.76,4090.9,750.86,1,1,2024-08
1005469,2024-08-24,Home & Kitchen,South,Supplier E,WH-North,Express,13,241.15,5,281.35,12,1,41,5,3376.2,2893.8,482.4,1,1,2024-08
1001294,2024-08-24,Health & Beauty,South,Supplier A,WH-West,Standard,18,163.37,11,223.6,16,2,54,13,3577.6,2613.92,963.68,1,0,2024-08
1005352,2024-08-24,Apparel,West,Supplier B,WH-East,Express,5,322.69,11,466.15,5,0,53,10,2330.75,1613.45,717.3,0,0,2024-08
1002952,2024-08-25,Electronics,East,Supplier C,WH-West,Same Day,6,440.34,2,583.29,4,2,13,2,2333.16,1761.36,571.8,1,1,2024-08
1002365,2024-08-25,Apparel,East,Supplier A,WH-East,Standard,16,70.03,16,93.9,14,2,31,17,1314.6,980.42,334.18,1,0,2024-08
1005020,2024-08-25,Health & Beauty,East,Supplier A,WH-East,Standard,22,441.56,14,653.68,20,2,17,12,13073.6,8831.2,4242.4,1,1,2024-08
1005153,2024-08-25,Apparel,North,Supplier C,WH-East,Standard,4,90.68,5,111.15,3,1,39,4,333.45,272.04,61.41,1,1,2024-08
1002609,2024-08-25,Home & Kitchen,East,Supplier A,WH-North,Express,9,183.11,7,305.26,9,0,68,8,2747.34,1647.99,1099.35,0,0,2024-08
1004941,2024-08-26,Home & Kitchen,South,Supplier E,WH-South,Standard,15,243.52,16,386.83,13,2,44,15,5028.79,3165.76,1863.03,1,0,2024-08
1004535,2024-08-26,Electronics,North,Supplier B,WH-South,Standard,19,418.45,7,626.04,18,1,26,7,11268.72,7532.1,3736.62,1,1,2024-08
1001485,2024-08-26,Electronics,East,Supplier D,WH-West,Standard,23,434.56,15,546.39,19,4,74,16,10381.41,8256.64,2124.77,1,0,2024-08
1000728,2024-08-26,Home & Kitchen,West,Supplier C,WH-West,Standard,12,52.04,6,79.07,11,1,12,8,869.77,572.44,297.33,1,1,2024-08
1004762,2024-08-26,Office Supplies,East,Supplier A,WH-North,Standard,17,330.38,11,417.61,17,0,66,13,7099.37,5616.46,1482.91,0,0,2024-08
1005592,2024-08-26,Health & Beauty,West,Supplier D,WH-North,Standard,16,70.54,6,83.86,16,0,61,4,1341.76,1128.64,213.12,0,1,2024-08
1000854,2024-08-26,Electronics,South,Supplier B,WH-West,Express,7,156.04,2,268.54,7,0,47,3,1879.78,1092.28,787.5,0,1,2024-08
1001233,2024-08-26,Apparel,South,Supplier D,WH-South,Standard,22,97.1,11,119.78,20,2,64,13,2395.6,1942.0,453.6,1,0,2024-08
1002335,2024-08-26,Health & Beauty,North,Supplier B,WH-East,Standard,3,61.14,10,92.14,3,0,77,11,276.42,183.42,93.0,0,1,2024-08
1005408,2024-08-26,Apparel,North,Supplier E,WH-North,Express,6,231.13,10,323.21,4,2,11,11,1292.84,924.52,368.32,1,0,2024-08
1004597,2024-08-26,Electronics,North,Supplier C,WH-South,Standard,24,312.68,15,415.27,24,0,38,15,9966.48,7504.32,2462.16,0,0,2024-08
1005658,2024-08-26,Electronics,West,Supplier A,WH-North,Express,8,152.52,12,220.7,8,0,38,10,1765.6,1220.16,545.44,0,0,2024-08
1004214,2024-08-27,Apparel,North,Supplier C,WH-East,Standard,5,343.63,11,565.98,4,1,61,10,2263.92,1374.52,889.4,1,1,2024-08
1003261,2024-08-27,Apparel,North,Supplier D,WH-East,Standard,1,34.63,4,55.69,1,0,61,5,55.69,34.63,21.06,0,1,2024-08
1002151,2024-08-28,Home & Kitchen,West,Supplier C,WH-South,Standard,3,133.82,17,230.02,3,0,28,18,690.06,401.46,288.6,0,0,2024-08
1005583,2024-08-28,Electronics,West,Supplier B,WH-West,Standard,16,79.49,8,118.12,16,0,66,10,1889.92,1271.84,618.08,0,1,2024-08
1000144,2024-08-28,Health & Beauty,South,Supplier B,WH-South,Standard,9,216.21,15,283.91,7,2,62,17,1987.37,1513.47,473.9,1,0,2024-08
1003661,2024-08-28,Home & Kitchen,North,Supplier E,WH-East,Standard,7,127.75,9,160.1,6,1,65,8,960.6,766.5,194.1,1,1,2024-08
1001666,2024-08-29,Electronics,West,Supplier A,WH-South,Express,13,189.66,12,246.52,11,2,64,14,2711.72,2086.26,625.46,1,0,2024-08
1001991,2024-08-29,Home & Kitchen,South,Supplier D,WH-South,Express,21,43.03,13,58.55,19,2,22,13,1112.45,817.57,294.88,1,0,2024-08
1002500,2024-08-29,Health & Beauty,West,Supplier D,WH-South,Same Day,19,205.93,17,354.92,18,1,73,18,6388.56,3706.74,2681.82,1,0,2024-08
1001801,2024-08-29,Health & Beauty,South,Supplier B,WH-North,Express,9,42.09,5,52.47,9,0,20,5,472.23,378.81,93.42,0,1,2024-08
1002192,2024-08-29,Electronics,East,Supplier B,WH-West,Standard,4,224.67,2,366.85,4,0,13,3,1467.4,898.68,568.72,0,1,2024-08
1000720,2024-08-29,Electronics,East,Supplier B,WH-North,Standard,16,153.84,14,187.61,15,1,32,13,2814.15,2307.6,506.55,1,0,2024-08
1004486,2024-08-29,Apparel,North,Supplier A,WH-East,Standard,21,202.84,4,316.98,19,2,34,3,6022.62,3853.96,2168.66,1,1,2024-08
1002457,2024-08-29,Health & Beauty,North,Supplier E,WH-South,Express,22,296.99,14,502.77,21,1,69,16,10558.17,6236.79,4321.38,1,0,2024-08
1000055,2024-08-29,Home & Kitchen,East,Supplier E,WH-West,Standard,1,274.79,17,398.99,1,0,20,17,398.99,274.79,124.2,0,0,2024-08
1003885,2024-08-29,Home & Kitchen,North,Supplier E,WH-East,Express,20,405.48,16,466.61,19,1,17,15,8865.59,7704.12,1161.47,1,0,2024-08
1005336,2024-08-29,Health & Beauty,East,Supplier D,WH-East,Standard,17,97.91,17,119.21,16,1,35,16,1907.36,1566.56,340.8,1,0,2024-08
1000157,2024-08-30,Electronics,North,Supplier D,WH-West,Standard,6,101.64,3,170.8,5,1,68,1,854.0,508.2,345.8,1,1,2024-08
1001852,2024-08-30,Office Supplies,South,Supplier E,WH-South,Standard,2,213.62,7,368.69,2,0,58,5,737.38,427.24,310.14,0,1,2024-08
1000946,2024-08-30,Apparel,East,Supplier E,WH-West,Same Day,20,367.35,4,550.64,19,1,78,4,10462.16,6979.65,3482.51,1,0,2024-08
1005902,2024-08-30,Apparel,South,Supplier C,WH-North,Express,21,37.13,16,45.23,18,3,39,14,814.14,668.34,145.8,1,0,2024-08
1002903,2024-08-30,Electronics,North,Supplier B,WH-East,Standard,19,301.01,6,428.94,17,2,44,5,7291.98,5117.17,2174.81,1,1,2024-08
1001527,2024-08-30,Home & Kitchen,North,Supplier E,WH-East,Standard,9,284.1,13,389.25,9,0,27,13,3503.25,2556.9,946.35,0,0,2024-08
1001365,2024-08-31,Office Supplies,East,Supplier C,WH-East,Standard,14,401.97,9,674.87,14,0,64,9,9448.18,5627.58,3820.6,0,1,2024-08
1002332,2024-08-31,Health & Beauty,West,Supplier E,WH-North,Standard,21,320.46,6,388.46,21,0,40,6,8157.66,6729.66,1428.0,0,1,2024-08
1005232,2024-08-31,Office Supplies,West,Supplier D,WH-South,Express,4,147.62,9,240.0,3,1,14,9,720.0,442.86,277.14,1,0,2024-08
1000043,2024-08-31,Apparel,West,Supplier B,WH-South,Same Day,20,214.36,9,258.8,18,2,69,7,4658.4,3858.48,799.92,1,0,2024-08
1001151,2024-08-31,Apparel,West,Supplier E,WH-South,Express,10,53.96,6,77.49,10,0,75,8,774.9,539.6,235.3,0,0,2024-08
1003402,2024-09-01,Electronics,West,Supplier A,WH-East,Same Day,6,31.78,4,41.84,6,0,32,6,251.04,190.68,60.36,0,0,2024-09
1004601,2024-09-01,Apparel,South,Supplier B,WH-North,Standard,9,288.22,3,340.03,8,1,41,2,2720.24,2305.76,414.48,1,1,2024-09
1005700,2024-09-01,Electronics,West,Supplier D,WH-East,Standard,2,251.59,9,295.18,2,0,58,9,590.36,503.18,87.18,0,1,2024-09
1005415,2024-09-01,Office Supplies,North,Supplier D,WH-West,Standard,10,170.66,10,288.3,8,2,66,10,2306.4,1365.28,941.12,1,1,2024-09
1005846,2024-09-01,Home & Kitchen,East,Supplier A,WH-South,Standard,11,208.08,16,343.05,10,1,20,18,3430.5,2080.8,1349.7,1,0,2024-09
1003952,2024-09-01,Electronics,South,Supplier D,WH-West,Express,15,67.87,3,106.41,14,1,15,2,1489.74,950.18,539.56,1,1,2024-09
1004180,2024-09-01,Home & Kitchen,East,Supplier E,WH-West,Standard,15,182.13,10,268.86,13,2,39,11,3495.18,2367.69,1127.49,1,1,2024-09
1001481,2024-09-01,Electronics,East,Supplier A,WH-East,Standard,11,89.03,10,114.77,10,1,35,8,1147.7,890.3,257.4,1,1,2024-09
1003474,2024-09-02,Apparel,East,Supplier E,WH-South,Express,7,74.37,5,121.51,6,1,46,7,729.06,446.22,282.84,1,0,2024-09
1002448,2024-09-02,Home & Kitchen,North,Supplier C,WH-North,Standard,19,391.2,15,451.05,15,4,34,13,6765.75,5868.0,897.75,1,0,2024-09
1001901,2024-09-02,Electronics,North,Supplier B,WH-West,Standard,20,354.34,12,558.46,19,1,69,11,10610.74,6732.46,3878.28,1,1,2024-09
1005306,2024-09-02,Home & Kitchen,East,Supplier E,WH-North,Express,18,133.0,8,153.61,16,2,62,10,2457.76,2128.0,329.76,1,0,2024-09
1005747,2024-09-02,Apparel,East,Supplier A,WH-West,Express,14,423.84,8,495.79,13,1,45,8,6445.27,5509.92,935.35,1,0,2024-09
1000380,2024-09-02,Health & Beauty,South,Supplier D,WH-East,Standard,16,35.78,6,54.29,15,1,70,7,814.35,536.7,277.65,1,1,2024-09
1005373,2024-09-03,Health & Beauty,South,Supplier B,WH-West,Standard,16,418.97,16,583.08,14,2,38,18,8163.12,5865.58,2297.54,1,0,2024-09
1005095,2024-09-03,Apparel,East,Supplier C,WH-North,Express,17,357.65,2,431.88,16,1,58,2,6910.08,5722.4,1187.68,1,1,2024-09
1004573,2024-09-03,Home & Kitchen,West,Supplier C,WH-South,Standard,24,67.75,16,87.21,23,1,62,14,2005.83,1558.25,447.58,1,0,2024-09
1004546,2024-09-03,Apparel,East,Supplier C,WH-West,Standard,5,116.58,6,135.52,4,1,11,8,542.08,466.32,75.76,1,1,2024-09
1005246,2024-09-03,Electronics,East,Supplier A,WH-North,Standard,22,45.25,13,68.4,22,0,33,13,1504.8,995.5,509.3,0,0,2024-09
1003954,2024-09-03,Health & Beauty,West,Supplier C,WH-South,Standard,13,399.38,6,553.82,11,2,69,6,6092.02,4393.18,1698.84,1,1,2024-09
1000228,2024-09-03,Apparel,South,Supplier A,WH-East,Express,19,119.74,6,154.39,18,1,41,6,2779.02,2155.32,623.7,1,0,2024-09
1002990,2024-09-03,Office Supplies,North,Supplier C,WH-South,Standard,3,9.33,17,11.67,3,0,13,15,35.01,27.99,7.02,0,0,2024-09
1005027,2024-09-03,Health & Beauty,South,Supplier E,WH-North,Standard,19,400.75,12,542.63,16,3,63,12,8682.08,6412.0,2270.08,1,1,2024-09
1000458,2024-09-03,Office Supplies,North,Supplier D,WH-South,Express,4,93.02,11,121.07,4,0,18,10,484.28,372.08,112.2,0,0,2024-09
1003996,2024-09-03,Electronics,South,Supplier B,WH-South,Express,18,159.85,16,255.95,18,0,66,15,4607.1,2877.3,1729.8,0,0,2024-09
1005866,2024-09-03,Home & Kitchen,South,Supplier A,WH-West,Standard,24,176.9,10,259.17,22,2,29,10,5701.74,3891.8,1809.94,1,1,2024-09
1004355,2024-09-04,Office Supplies,West,Supplier C,WH-South,Standard,7,290.04,14,475.47,6,1,17,13,2852.82,1740.24,1112.58,1,0,2024-09
1003890,2024-09-04,Electronics,West,Supplier B,WH-North,Standard,13,15.12,6,25.38,11,2,78,6,279.18,166.32,112.86,1,1,2024-09
1004086,2024-09-04,Home & Kitchen,North,Supplier C,WH-East,Standard,21,364.07,8,435.17,20,1,36,10,8703.4,7281.4,1422.0,1,1,2024-09
1005551,2024-09-04,Health & Beauty,West,Supplier C,WH-North,Standard,12,233.69,3,283.79,9,3,50,3,2554.11,2103.21,450.9,1,1,2024-09
1002296,2024-09-04,Health & Beauty,West,Supplier A,WH-East,Express,8,163.01,11,259.31,8,0,40,11,2074.48,1304.08,770.4,0,0,2024-09
1004391,2024-09-04,Home & Kitchen,North,Supplier A,WH-East,Standard,11,426.09,16,513.7,11,0,63,17,5650.7,4686.99,963.71,0,0,2024-09
1003045,2024-09-04,Home & Kitchen,West,Supplier C,WH-West,Standard,6,62.32,5,89.12,6,0,44,5,534.72,373.92,160.8,0,1,2024-09
1005432,2024-09-05,Health & Beauty,South,Supplier B,WH-South,Standard,14,299.48,12,481.94,13,1,15,10,6265.22,3893.24,2371.98,1,1,2024-09
1000850,2024-09-05,Office Supplies,West,Supplier E,WH-South,Standard,20,258.04,9,389.39,17,3,72,8,6619.63,4386.68,2232.95,1,1,2024-09
1000795,2024-09-05,Electronics,North,Supplier A,WH-South,Express,7,291.01,8,490.24,6,1,41,10,2941.44,1746.06,1195.38,1,0,2024-09
1005320,2024-09-06,Electronics,East,Supplier E,WH-East,Express,3,300.13,17,403.01,2,1,25,17,806.02,600.26,205.76,1,0,2024-09
1004703,2024-09-06,Office Supplies,West,Supplier E,WH-West,Express,10,255.43,17,419.55,7,3,63,18,2936.85,1788.01,1148.84,1,0,2024-09
1001427,2024-09-06,Health & Beauty,West,Supplier C,WH-South,Standard,24,346.49,12,579.3,24,0,30,13,13903.2,8315.76,5587.44,0,0,2024-09
1002826,2024-09-06,Health & Beauty,North,Supplier D,WH-East,Standard,10,46.58,10,73.99,9,1,27,10,665.91,419.22,246.69,1,1,2024-09
1001892,2024-09-06,Electronics,North,Supplier C,WH-East,Express,8,165.24,14,288.14,8,0,65,13,2305.12,1321.92,983.2,0,0,2024-09
1003265,2024-09-06,Home & Kitchen,West,Supplier D,WH-South,Express,23,172.01,15,215.79,19,4,25,16,4100.01,3268.19,831.82,1,0,2024-09
1000769,2024-09-06,Electronics,East,Supplier E,WH-South,Standard,6,87.59,4,131.68,4,2,77,4,526.72,350.36,176.36,1,1,2024-09
1005273,2024-09-06,Apparel,East,Supplier D,WH-East,Standard,10,22.27,7,36.4,8,2,11,7,291.2,178.16,113.04,1,1,2024-09
1001971,2024-09-07,Health & Beauty,South,Supplier E,WH-East,Standard,7,121.83,12,198.83,7,0,75,12,1391.81,852.81,539.0,0,1,2024-09
1005853,2024-09-07,Apparel,East,Supplier C,WH-North,Standard,13,326.49,11,445.11,13,0,33,11,5786.43,4244.37,1542.06,0,1,2024-09
1000721,2024-09-07,Apparel,East,Supplier C,WH-North,Standard,10,436.3,15,738.56,10,0,61,15,7385.6,4363.0,3022.6,0,0,2024-09
1001472,2024-09-07,Electronics,East,Supplier C,WH-West,Standard,8,33.13,17,54.63,8,0,58,15,437.04,265.04,172.0,0,0,2024-09
1003074,2024-09-07,Electronics,South,Supplier D,WH-West,Same Day,11,94.78,8,115.88,11,0,47,7,1274.68,1042.58,232.1,0,0,2024-09
1001578,2024-09-07,Office Supplies,South,Supplier E,WH-South,Standard,1,74.33,7,91.03,1,0,36,7,91.03,74.33,16.7,0,1,2024-09
1005538,2024-09-07,Health & Beauty,North,Supplier B,WH-East,Standard,21,243.91,8,339.21,19,2,41,8,6444.99,4634.29,1810.7,1,1,2024-09
1001833,2024-09-07,Home & Kitchen,East,Supplier C,WH-East,Express,5,437.69,8,557.33,5,0,19,10,2786.65,2188.45,598.2,0,0,2024-09
1004620,2024-09-07,Office Supplies,East,Supplier E,WH-West,Standard,2,222.37,12,353.15,2,0,40,10,706.3,444.74,261.56,0,1,2024-09
1001993,2024-09-07,Health & Beauty,West,Supplier D,WH-South,Standard,21,276.54,11,413.93,18,3,11,9,7450.74,4977.72,2473.02,1,1,2024-09
1004457,2024-09-08,Apparel,South,Supplier A,WH-South,Standard,2,142.35,6,248.93,2,0,10,5,497.86,284.7,213.16,0,1,2024-09
1005251,2024-09-08,Electronics,North,Supplier B,WH-North,Standard,8,262.28,14,424.06,7,1,79,13,2968.42,1835.96,1132.46,1,0,2024-09
1003752,2024-09-08,Home & Kitchen,North,Supplier E,WH-West,Express,4,235.68,4,320.05,2,2,58,4,640.1,471.36,168.74,1,1,2024-09
1003930,2024-09-08,Electronics,South,Supplier B,WH-East,Standard,14,274.8,15,343.63,13,1,58,16,4467.19,3572.4,894.79,1,0,2024-09
1000085,2024-09-08,Health & Beauty,East,Supplier C,WH-West,Standard,10,82.78,14,105.23,9,1,72,16,947.07,745.02,202.05,1,0,2024-09
1000629,2024-09-08,Home & Kitchen,South,Supplier A,WH-West,Standard,7,448.96,16,680.79,7,0,57,17,4765.53,3142.72,1622.81,0,0,2024-09
1000516,2024-09-09,Office Supplies,South,Supplier C,WH-North,Standard,6,157.45,16,199.14,5,1,27,18,995.7,787.25,208.45,1,0,2024-09
1000031,2024-09-09,Electronics,West,Supplier A,WH-East,Standard,18,350.27,4,595.81,17,1,38,4,10128.77,5954.59,4174.18,1,1,2024-09
1002359,2024-09-09,Apparel,North,Supplier B,WH-South,Standard,17,17.92,10,25.13,16,1,76,8,402.08,286.72,115.36,1,1,2024-09
1002402,2024-09-09,Electronics,North,Supplier B,WH-South,Standard,2,370.69,9,501.26,2,0,39,9,1002.52,741.38,261.14,0,1,2024-09
1000865,2024-09-09,Electronics,West,Supplier C,WH-North,Standard,13,316.62,4,525.27,13,0,16,2,6828.51,4116.06,2712.45,0,1,2024-09
1000602,2024-09-09,Health & Beauty,North,Supplier E,WH-East,Standard,19,328.64,17,414.55,16,3,73,15,6632.8,5258.24,1374.56,1,0,2024-09
1000713,2024-09-09,Office Supplies,South,Supplier D,WH-North,Standard,21,355.13,12,480.49,21,0,50,14,10090.29,7457.73,2632.56,0,0,2024-09
1004824,2024-09-09,Apparel,South,Supplier A,WH-West,Standard,1,378.32,16,450.62,0,1,72,18,0.0,0.0,0.0,1,0,2024-09
1000361,2024-09-09,Health & Beauty,South,Supplier C,WH-East,Express,1,293.55,2,407.05,1,0,16,1,407.05,293.55,113.5,0,1,2024-09
1005611,2024-09-09,Home & Kitchen,North,Supplier A,WH-West,Standard,7,20.65,16,32.14,7,0,33,14,224.98,144.55,80.43,0,0,2024-09
1002214,2024-09-10,Office Supplies,South,Supplier A,WH-North,Standard,21,39.61,2,51.56,19,2,24,1,979.64,752.59,227.05,1,1,2024-09
1000271,2024-09-10,Office Supplies,West,Supplier C,WH-North,Standard,2,407.24,9,697.97,2,0,78,8,1395.94,814.48,581.46,0,1,2024-09
1002926,2024-09-10,Health & Beauty,East,Supplier E,WH-East,Standard,22,302.96,2,523.12,20,2,39,1,10462.4,6059.2,4403.2,1,1,2024-09
1000479,2024-09-10,Health & Beauty,East,Supplier B,WH-West,Standard,12,401.75,7,600.0,12,0,24,5,7200.0,4821.0,2379.0,0,1,2024-09
1001101,2024-09-10,Electronics,East,Supplier E,WH-South,Express,6,391.2,8,479.54,5,1,59,10,2397.7,1956.0,441.7,1,0,2024-09
1004090,2024-09-10,Apparel,North,Supplier B,WH-North,Express,11,370.67,7,441.52,11,0,73,9,4856.72,4077.37,779.35,0,0,2024-09
1002774,2024-09-10,Electronics,South,Supplier A,WH-North,Express,2,421.32,12,727.77,2,0,61,14,1455.54,842.64,612.9,0,0,2024-09
1004139,2024-09-10,Apparel,North,Supplier B,WH-North,Standard,24,149.67,7,223.23,22,2,33,7,4911.06,3292.74,1618.32,1,1,2024-09
1000293,2024-09-10,Health & Beauty,East,Supplier E,WH-West,Standard,10,372.77,13,582.88,9,1,68,11,5245.92,3354.93,1890.99,1,1,2024-09
1001073,2024-09-10,Home & Kitchen,North,Supplier D,WH-North,Standard,21,104.38,5,152.07,19,2,66,3,2889.33,1983.22,906.11,1,1,2024-09
1002390,2024-09-10,Home & Kitchen,East,Supplier D,WH-North,Standard,23,434.0,4,757.27,22,1,37,6,16659.94,9548.0,7111.94,1,1,2024-09
1003137,2024-09-11,Office Supplies,South,Supplier A,WH-West,Standard,24,65.43,14,77.11,20,4,57,14,1542.2,1308.6,233.6,1,0,2024-09
1003979,2024-09-11,Apparel,South,Supplier D,WH-West,Standard,2,32.92,16,46.78,2,0,74,16,93.56,65.84,27.72,0,0,2024-09
1005107,2024-09-11,Office Supplies,West,Supplier B,WH-East,Standard,4,354.26,12,591.63,4,0,75,11,2366.52,1417.04,949.48,0,1,2024-09
1005546,2024-09-12,Home & Kitchen,West,Supplier E,WH-West,Standard,1,295.72,6,445.31,1,0,25,8,445.31,295.72,149.59,0,1,2024-09
1004690,2024-09-12,Apparel,West,Supplier A,WH-West,Standard,20,218.85,4,309.6,18,2,18,3,5572.8,3939.3,1633.5,1,1,2024-09
1004038,2024-09-12,Office Supplies,South,Supplier E,WH-North,Express,19,350.57,13,404.86,18,1,11,15,7287.48,6310.26,977.22,1,0,2024-09
1004946,2024-09-12,Electronics,West,Supplier B,WH-East,Standard,19,436.1,15,535.22,19,0,21,15,10169.18,8285.9,1883.28,0,0,2024-09
1000716,2024-09-12,Electronics,West,Supplier A,WH-East,Express,12,38.86,3,52.96,10,2,78,2,529.6,388.6,141.0,1,1,2024-09
1002614,2024-09-12,Office Supplies,East,Supplier E,WH-North,Standard,13,325.78,16,381.45,13,0,57,16,4958.85,4235.14,723.71,0,0,2024-09
1000363,2024-09-12,Electronics,East,Supplier A,WH-West,Express,21,107.81,4,173.13,21,0,63,3,3635.73,2264.01,1371.72,0,1,2024-09
1001274,2024-09-12,Office Supplies,North,Supplier D,WH-South,Express,9,81.95,8,115.31,9,0,16,7,1037.79,737.55,300.24,0,0,2024-09
1004471,2024-09-12,Home & Kitchen,East,Supplier B,WH-South,Express,12,85.15,3,103.09,11,1,78,4,1133.99,936.65,197.34,1,1,2024-09
1001950,2024-09-13,Health & Beauty,East,Supplier E,WH-North,Standard,3,73.64,4,91.14,3,0,39,2,273.42,220.92,52.5,0,1,2024-09
1003565,2024-09-13,Home & Kitchen,North,Supplier C,WH-East,Standard,24,383.76,5,629.02,19,5,55,4,11951.38,7291.44,4659.94,1,1,2024-09
1000862,2024-09-13,Electronics,North,Supplier D,WH-North,Standard,21,52.45,15,78.24,20,1,30,16,1564.8,1049.0,515.8,1,0,2024-09
1001724,2024-09-13,Electronics,South,Supplier D,WH-South,Standard,6,341.61,17,583.79,5,1,79,15,2918.95,1708.05,1210.9,1,0,2024-09
1000493,2024-09-14,Electronics,North,Supplier D,WH-East,Same Day,20,24.35,4,36.7,19,1,78,6,697.3,462.65,234.65,1,0,2024-09
1004804,2024-09-14,Health & Beauty,North,Supplier C,WH-West,Standard,2,172.58,16,263.15,2,0,79,18,526.3,345.16,181.14,0,0,2024-09
1001633,2024-09-14,Apparel,East,Supplier C,WH-North,Standard,15,80.38,17,122.49,13,2,62,17,1592.37,1044.94,547.43,1,0,2024-09
1003312,2024-09-14,Electronics,North,Supplier C,WH-East,Express,7,351.54,9,424.21,6,1,48,9,2545.26,2109.24,436.02,1,0,2024-09
1005579,2024-09-14,Apparel,South,Supplier E,WH-North,Express,3,36.72,5,46.45,3,0,32,3,139.35,110.16,29.19,0,1,2024-09
1004344,2024-09-14,Office Supplies,East,Supplier A,WH-South,Standard,3,249.71,5,326.52,3,0,72,4,979.56,749.13,230.43,0,1,2024-09
1001535,2024-09-15,Electronics,East,Supplier C,WH-East,Standard,10,290.93,14,381.36,8,2,71,13,3050.88,2327.44,723.44,1,0,2024-09
1002257,2024-09-15,Office Supplies,North,Supplier C,WH-North,Express,9,395.93,11,649.71,8,1,69,9,5197.68,3167.44,2030.24,1,0,2024-09
1000181,2024-09-15,Apparel,North,Supplier D,WH-South,Same Day,14,30.38,10,34.96,14,0,57,10,489.44,425.32,64.12,0,0,2024-09
1000987,2024-09-15,Office Supplies,East,Supplier A,WH-South,Express,20,360.85,11,492.26,19,1,65,10,9352.94,6856.15,2496.79,1,0,2024-09
1002961,2024-09-15,Home & Kitchen,West,Supplier E,WH-South,Standard,20,340.75,11,595.31,20,0,12,13,11906.2,6815.0,5091.2,0,0,2024-09
1000685,2024-09-15,Electronics,East,Supplier B,WH-South,Express,19,270.3,17,429.34,19,0,39,16,8157.46,5135.7,3021.76,0,0,2024-09
1002973,2024-09-16,Apparel,West,Supplier C,WH-West,Express,22,248.39,12,369.22,19,3,22,12,7015.18,4719.41,2295.77,1,0,2024-09
1002790,2024-09-16,Home & Kitchen,East,Supplier E,WH-West,Express,6,119.53,2,184.53,5,1,58,1,922.65,597.65,325.0,1,1,2024-09
1005964,2024-09-16,Office Supplies,South,Supplier B,WH-North,Standard,11,268.45,15,341.53,10,1,16,13,3415.3,2684.5,730.8,1,0,2024-09
1002986,2024-09-16,Home & Kitchen,East,Supplier C,WH-West,Standard,6,44.23,9,62.77,5,1,78,9,313.85,221.15,92.7,1,1,2024-09
1002755,2024-09-16,Health & Beauty,West,Supplier B,WH-North,Express,15,147.22,12,182.93,12,3,38,11,2195.16,1766.64,428.52,1,0,2024-09
1003945,2024-09-16,Health & Beauty,South,Supplier B,WH-North,Standard,21,415.59,17,611.59,19,2,72,17,11620.21,7896.21,3724.0,1,0,2024-09
1003574,2024-09-16,Apparel,South,Supplier D,WH-East,Same Day,14,167.13,16,280.94,11,3,55,17,3090.34,1838.43,1251.91,1,0,2024-09
1004896,2024-09-16,Office Supplies,South,Supplier A,WH-East,Same Day,21,299.18,4,394.04,21,0,13,3,8274.84,6282.78,1992.06,0,0,2024-09
1002417,2024-09-16,Health & Beauty,North,Supplier D,WH-East,Standard,11,237.69,16,398.15,9,2,75,18,3583.35,2139.21,1444.14,1,0,2024-09
1003646,2024-09-16,Apparel,North,Supplier B,WH-West,Standard,17,106.62,11,158.94,16,1,46,13,2543.04,1705.92,837.12,1,0,2024-09
1001273,2024-09-17,Office Supplies,East,Supplier E,WH-East,Standard,9,411.61,13,554.62,7,2,64,12,3882.34,2881.27,1001.07,1,1,2024-09
1004525,2024-09-17,Electronics,East,Supplier C,WH-South,Standard,24,338.54,10,587.63,22,2,62,11,12927.86,7447.88,5479.98,1,1,2024-09
1002542,2024-09-17,Apparel,South,Supplier D,WH-North,Standard,4,129.31,11,190.93,3,1,57,10,572.79,387.93,184.86,1,1,2024-09
1002786,2024-09-17,Home & Kitchen,South,Supplier D,WH-North,Standard,7,176.64,5,251.41,6,1,18,7,1508.46,1059.84,448.62,1,1,2024-09
1000991,2024-09-17,Health & Beauty,South,Supplier D,WH-North,Express,4,43.14,10,50.76,4,0,30,11,203.04,172.56,30.48,0,0,2024-09
1001934,2024-09-17,Electronics,North,Supplier B,WH-North,Standard,22,71.77,4,124.06,20,2,12,4,2481.2,1435.4,1045.8,1,1,2024-09
1002658,2024-09-17,Electronics,North,Supplier D,WH-South,Standard,23,159.26,3,255.57,23,0,55,4,5878.11,3662.98,2215.13,0,1,2024-09
1001087,2024-09-17,Electronics,West,Supplier E,WH-North,Express,6,111.84,17,148.85,5,1,37,17,744.25,559.2,185.05,1,0,2024-09
1001572,2024-09-17,Health & Beauty,South,Supplier C,WH-East,Standard,16,91.76,16,157.24,14,2,58,17,2201.36,1284.64,916.72,1,0,2024-09
1004373,2024-09-18,Health & Beauty,West,Supplier C,WH-South,Express,15,300.55,7,354.93,15,0,66,6,5323.95,4508.25,815.7,0,0,2024-09
1005588,2024-09-18,Office Supplies,West,Supplier D,WH-South,Standard,4,319.82,4,490.74,3,1,49,4,1472.22,959.46,512.76,1,1,2024-09
1004177,2024-09-18,Apparel,North,Supplier A,WH-East,Express,11,149.9,14,249.6,11,0,47,15,2745.6,1648.9,1096.7,0,0,2024-09
1003203,2024-09-18,Apparel,East,Supplier D,WH-East,Express,20,210.21,3,266.76,20,0,58,3,5335.2,4204.2,1131.0,0,1,2024-09
1002325,2024-09-18,Electronics,North,Supplier A,WH-North,Express,11,422.51,16,730.41,8,3,64,18,5843.28,3380.08,2463.2,1,0,2024-09
1003198,2024-09-18,Office Supplies,North,Supplier B,WH-West,Standard,9,342.83,6,424.43,8,1,12,4,3395.44,2742.64,652.8,1,1,2024-09
1001599,2024-09-18,Apparel,East,Supplier B,WH-South,Standard,1,252.71,12,294.25,1,0,51,12,294.25,252.71,41.54,0,1,2024-09
1003400,2024-09-18,Home & Kitchen,West,Supplier E,WH-West,Express,24,252.36,13,389.57,22,2,57,13,8570.54,5551.92,3018.62,1,0,2024-09
1000264,2024-09-19,Home & Kitchen,North,Supplier B,WH-East,Express,7,36.37,12,48.58,7,0,16,11,340.06,254.59,85.47,0,0,2024-09
1003740,2024-09-19,Electronics,East,Supplier E,WH-North,Standard,6,387.7,6,653.38,6,0,47,6,3920.28,2326.2,1594.08,0,1,2024-09
1005944,2024-09-19,Apparel,North,Supplier E,WH-West,Standard,7,306.63,2,371.33,7,0,36,2,2599.31,2146.41,452.9,0,1,2024-09
1002143,2024-09-19,Electronics,South,Supplier A,WH-South,Standard,1,357.77,13,441.65,1,0,15,12,441.65,357.77,83.88,0,1,2024-09
1005603,2024-09-19,Home & Kitchen,East,Supplier A,WH-South,Standard,8,45.68,5,53.7,8,0,32,5,429.6,365.44,64.16,0,1,2024-09
1002216,2024-09-19,Apparel,South,Supplier A,WH-South,Same Day,8,255.12,17,358.7,8,0,29,17,2869.6,2040.96,828.64,0,0,2024-09
1002413,2024-09-19,Office Supplies,West,Supplier C,WH-East,Express,13,439.11,16,764.85,12,1,22,16,9178.2,5269.32,3908.88,1,0,2024-09
1002267,2024-09-20,Electronics,East,Supplier D,WH-South,Standard,22,167.66,2,283.85,20,2,57,1,5677.0,3353.2,2323.8,1,1,2024-09
1001216,2024-09-20,Electronics,North,Supplier B,WH-East,Express,15,101.49,8,141.28,14,1,53,9,1977.92,1420.86,557.06,1,0,2024-09
1001239,2024-09-20,Home & Kitchen,West,Supplier E,WH-North,Standard,20,90.75,6,136.28,18,2,79,5,2453.04,1633.5,819.54,1,1,2024-09
1001827,2024-09-20,Office Supplies,West,Supplier B,WH-South,Express,12,357.59,12,549.73,9,3,18,14,4947.57,3218.31,1729.26,1,0,2024-09
1004955,2024-09-20,Apparel,South,Supplier A,WH-East,Standard,9,287.34,13,355.22,8,1,37,11,2841.76,2298.72,543.04,1,1,2024-09
1000417,2024-09-20,Apparel,North,Supplier A,WH-East,Express,23,104.15,15,169.44,20,3,53,13,3388.8,2083.0,1305.8,1,0,2024-09
1004805,2024-09-20,Home & Kitchen,East,Supplier D,WH-West,Standard,10,257.93,17,354.17,10,0,29,17,3541.7,2579.3,962.4,0,0,2024-09
1003546,2024-09-20,Electronics,East,Supplier A,WH-East,Standard,21,429.8,12,629.21,20,1,24,12,12584.2,8596.0,3988.2,1,1,2024-09
1003572,2024-09-21,Electronics,East,Supplier B,WH-East,Standard,5,336.91,6,448.71,5,0,53,7,2243.55,1684.55,559.0,0,1,2024-09
1003994,2024-09-21,Electronics,North,Supplier E,WH-East,Same Day,24,252.39,12,296.97,22,2,67,11,6533.34,5552.58,980.76,1,0,2024-09
1004720,2024-09-21,Office Supplies,South,Supplier B,WH-West,Standard,9,287.51,12,420.36,8,1,28,12,3362.88,2300.08,1062.8,1,1,2024-09
1000567,2024-09-21,Apparel,North,Supplier C,WH-West,Express,10,175.08,13,236.18,9,1,55,12,2125.62,1575.72,549.9,1,0,2024-09
1003119,2024-09-21,Apparel,East,Supplier E,WH-South,Standard,13,132.58,12,195.92,13,0,15,14,2546.96,1723.54,823.42,0,0,2024-09
1003003,2024-09-21,Electronics,East,Supplier C,WH-South,Standard,20,231.99,8,355.25,20,0,73,8,7105.0,4639.8,2465.2,0,1,2024-09
1005182,2024-09-21,Office Supplies,East,Supplier D,WH-North,Express,24,167.75,17,246.92,22,2,77,17,5432.24,3690.5,1741.74,1,0,2024-09
1004350,2024-09-22,Health & Beauty,South,Supplier A,WH-East,Standard,9,356.12,13,482.91,7,2,41,15,3380.37,2492.84,887.53,1,0,2024-09
1003294,2024-09-22,Electronics,North,Supplier B,WH-West,Express,24,269.51,7,382.34,23,1,21,8,8793.82,6198.73,2595.09,1,0,2024-09
1002357,2024-09-22,Office Supplies,East,Supplier C,WH-South,Express,4,250.93,6,392.83,4,0,70,6,1571.32,1003.72,567.6,0,0,2024-09
1004027,2024-09-22,Home & Kitchen,North,Supplier B,WH-East,Standard,10,141.43,3,242.89,10,0,23,5,2428.9,1414.3,1014.6,0,1,2024-09
1005017,2024-09-22,Office Supplies,South,Supplier B,WH-East,Standard,5,436.19,13,671.95,5,0,74,13,3359.75,2180.95,1178.8,0,0,2024-09
1001487,2024-09-22,Health & Beauty,South,Supplier D,WH-North,Standard,12,251.99,9,414.64,12,0,59,7,4975.68,3023.88,1951.8,0,1,2024-09
1005945,2024-09-23,Office Supplies,North,Supplier B,WH-West,Standard,17,364.29,12,431.04,16,1,70,11,6896.64,5828.64,1068.0,1,1,2024-09
1001559,2024-09-23,Office Supplies,North,Supplier D,WH-West,Same Day,5,176.56,9,291.84,5,0,22,10,1459.2,882.8,576.4,0,0,2024-09
1003470,2024-09-23,Home & Kitchen,North,Supplier B,WH-North,Standard,13,386.13,3,652.95,12,1,30,2,7835.4,4633.56,3201.84,1,1,2024-09
1004734,2024-09-23,Home & Kitchen,East,Supplier D,WH-North,Standard,10,23.37,2,36.42,9,1,13,2,327.78,210.33,117.45,1,1,2024-09
1003865,2024-09-23,Electronics,North,Supplier B,WH-West,Standard,2,294.54,8,369.2,2,0,24,8,738.4,589.08,149.32,0,1,2024-09
1002088,2024-09-23,Electronics,East,Supplier D,WH-West,Standard,4,262.03,16,390.92,4,0,38,15,1563.68,1048.12,515.56,0,0,2024-09
1002958,2024-09-24,Home & Kitchen,East,Supplier D,WH-South,Standard,5,208.56,10,293.8,5,0,42,12,1469.0,1042.8,426.2,0,1,2024-09
1004963,2024-09-24,Office Supplies,South,Supplier C,WH-West,Standard,20,9.83,10,15.63,20,0,49,10,312.6,196.6,116.0,0,1,2024-09
1000774,2024-09-24,Office Supplies,East,Supplier B,WH-East,Standard,12,41.3,2,60.35,8,4,53,2,482.8,330.4,152.4,1,1,2024-09
1002940,2024-09-24,Health & Beauty,North,Supplier A,WH-East,Standard,17,304.35,4,438.61,16,1,22,5,7017.76,4869.6,2148.16,1,1,2024-09
1001329,2024-09-24,Home & Kitchen,East,Supplier B,WH-East,Same Day,14,42.56,15,65.67,13,1,68,13,853.71,553.28,300.43,1,0,2024-09
1001903,2024-09-24,Electronics,North,Supplier A,WH-North,Standard,2,188.88,15,287.9,2,0,79,14,575.8,377.76,198.04,0,0,2024-09
1003259,2024-09-24,Health & Beauty,North,Supplier B,WH-East,Same Day,3,190.37,5,252.56,3,0,55,3,757.68,571.11,186.57,0,0,2024-09
1005189,2024-09-24,Home & Kitchen,North,Supplier D,WH-West,Express,14,236.85,11,403.44,13,1,12,11,5244.72,3079.05,2165.67,1,0,2024-09
1003314,2024-09-24,Office Supplies,East,Supplier B,WH-West,Standard,7,277.44,13,448.85,5,2,22,14,2244.25,1387.2,857.05,1,0,2024-09
1000203,2024-09-24,Electronics,South,Supplier E,WH-East,Same Day,7,307.36,3,370.03,7,0,59,5,2590.21,2151.52,438.69,0,0,2024-09
1003144,2024-09-24,Home & Kitchen,East,Supplier A,WH-West,Standard,19,369.59,15,463.35,18,1,16,17,8340.3,6652.62,1687.68,1,0,2024-09
1000505,2024-09-24,Office Supplies,North,Supplier D,WH-North,Standard,17,29.66,9,42.24,17,0,12,9,718.08,504.22,213.86,0,1,2024-09
1001416,2024-09-24,Electronics,East,Supplier E,WH-South,Express,18,144.6,11,235.77,17,1,72,11,4008.09,2458.2,1549.89,1,0,2024-09
1005957,2024-09-25,Home & Kitchen,South,Supplier E,WH-West,Express,10,176.31,4,262.17,8,2,16,3,2097.36,1410.48,686.88,1,1,2024-09
1004608,2024-09-25,Electronics,East,Supplier C,WH-West,Standard,5,445.1,2,633.48,5,0,55,2,3167.4,2225.5,941.9,0,1,2024-09
1005240,2024-09-25,Office Supplies,South,Supplier C,WH-East,Standard,12,57.09,12,89.65,12,0,15,14,1075.8,685.08,390.72,0,0,2024-09
1005413,2024-09-25,Office Supplies,North,Supplier C,WH-West,Standard,11,247.74,4,306.04,10,1,29,4,3060.4,2477.4,583.0,1,1,2024-09
1002984,2024-09-25,Office Supplies,South,Supplier B,WH-South,Standard,23,131.08,16,168.89,22,1,71,17,3715.58,2883.76,831.82,1,0,2024-09
1000427,2024-09-25,Home & Kitchen,East,Supplier A,WH-South,Standard,12,353.32,3,505.94,11,1,46,3,5565.34,3886.52,1678.82,1,1,2024-09
1004733,2024-09-25,Apparel,South,Supplier C,WH-East,Standard,22,180.5,3,297.53,20,2,12,5,5950.6,3610.0,2340.6,1,1,2024-09
1005072,2024-09-26,Apparel,North,Supplier A,WH-South,Standard,24,194.3,13,287.3,24,0,63,12,6895.2,4663.2,2232.0,0,1,2024-09
1004201,2024-09-26,Health & Beauty,West,Supplier A,WH-North,Standard,24,122.69,12,145.02,23,1,47,10,3335.46,2821.87,513.59,1,1,2024-09
1001679,2024-09-26,Home & Kitchen,East,Supplier D,WH-East,Standard,21,376.46,17,534.55,19,2,33,18,10156.45,7152.74,3003.71,1,0,2024-09
1003093,2024-09-26,Electronics,East,Supplier B,WH-North,Standard,18,52.59,4,84.95,16,2,19,4,1359.2,841.44,517.76,1,1,2024-09
1000080,2024-09-26,Electronics,South,Supplier C,WH-North,Standard,14,307.38,14,502.43,11,3,54,14,5526.73,3381.18,2145.55,1,0,2024-09
1005534,2024-09-26,Home & Kitchen,North,Supplier D,WH-South,Standard,17,30.61,6,39.49,16,1,39,6,631.84,489.76,142.08,1,1,2024-09
1002813,2024-09-26,Health & Beauty,North,Supplier D,WH-North,Express,22,259.73,9,306.84,20,2,67,11,6136.8,5194.6,942.2,1,0,2024-09
1001021,2024-09-26,Home & Kitchen,West,Supplier E,WH-East,Standard,17,148.43,13,241.34,17,0,19,14,4102.78,2523.31,1579.47,0,0,2024-09
1001946,2024-09-26,Apparel,East,Supplier D,WH-South,Standard,22,279.99,12,404.61,22,0,45,14,8901.42,6159.78,2741.64,0,0,2024-09
1004386,2024-09-27,Apparel,East,Supplier B,WH-North,Standard,14,232.27,11,364.88,12,2,34,12,4378.56,2787.24,1591.32,1,1,2024-09
1005040,2024-09-27,Electronics,North,Supplier E,WH-South,Standard,7,445.98,5,715.62,6,1,51,3,4293.72,2675.88,1617.84,1,1,2024-09
1000081,2024-09-27,Home & Kitchen,North,Supplier A,WH-West,Express,4,104.55,9,156.03,3,1,42,9,468.09,313.65,154.44,1,0,2024-09
1001704,2024-09-27,Home & Kitchen,West,Supplier C,WH-East,Express,20,128.44,11,214.08,16,4,14,13,3425.28,2055.04,1370.24,1,0,2024-09
1005287,2024-09-27,Apparel,South,Supplier D,WH-South,Standard,8,333.61,4,579.19,8,0,69,3,4633.52,2668.88,1964.64,0,1,2024-09
1004070,2024-09-27,Office Supplies,West,Supplier A,WH-West,Standard,13,47.75,15,56.84,12,1,78,16,682.08,573.0,109.08,1,0,2024-09
1001730,2024-09-27,Apparel,South,Supplier D,WH-North,Standard,22,443.04,15,770.65,20,2,45,17,15413.0,8860.8,6552.2,1,0,2024-09
1000003,2024-09-27,Home & Kitchen,West,Supplier C,WH-West,Standard,10,184.3,14,260.68,10,0,40,15,2606.8,1843.0,763.8,0,0,2024-09
1001483,2024-09-28,Home & Kitchen,South,Supplier A,WH-North,Standard,19,391.23,9,619.71,18,1,41,9,11154.78,7042.14,4112.64,1,1,2024-09
1005145,2024-09-28,Office Supplies,South,Supplier D,WH-North,Express,6,394.21,9,563.47,6,0,32,11,3380.82,2365.26,1015.56,0,0,2024-09
1003928,2024-09-28,Apparel,North,Supplier A,WH-West,Standard,6,157.05,11,191.63,5,1,15,9,958.15,785.25,172.9,1,1,2024-09
1000453,2024-09-28,Home & Kitchen,East,Supplier B,WH-West,Express,4,330.61,13,570.35,3,1,71,12,1711.05,991.83,719.22,1,0,2024-09
1004133,2024-09-28,Home & Kitchen,North,Supplier A,WH-North,Same Day,4,259.48,15,350.74,4,0,17,13,1402.96,1037.92,365.04,0,0,2024-09
1003042,2024-09-28,Home & Kitchen,West,Supplier B,WH-East,Same Day,23,106.13,10,176.45,23,0,55,10,4058.35,2440.99,1617.36,0,0,2024-09
1005223,2024-09-29,Electronics,North,Supplier C,WH-East,Standard,10,440.87,8,566.67,9,1,11,10,5100.03,3967.83,1132.2,1,1,2024-09
1002709,2024-09-29,Office Supplies,West,Supplier D,WH-South,Standard,24,447.75,4,524.08,24,0,70,5,12577.92,10746.0,1831.92,0,1,2024-09
1003950,2024-09-29,Apparel,West,Supplier D,WH-East,Standard,9,58.05,13,95.53,7,2,60,15,668.71,406.35,262.36,1,0,2024-09
1005128,2024-09-29,Apparel,South,Supplier A,WH-North,Standard,7,65.68,6,96.36,6,1,10,8,578.16,394.08,184.08,1,1,2024-09
1000553,2024-09-29,Electronics,West,Supplier B,WH-West,Same Day,2,52.99,13,76.29,2,0,53,11,152.58,105.98,46.6,0,0,2024-09
1003454,2024-09-29,Electronics,North,Supplier A,WH-West,Express,8,355.18,10,450.48,8,0,16,9,3603.84,2841.44,762.4,0,0,2024-09
1003037,2024-09-29,Office Supplies,West,Supplier A,WH-North,Standard,2,288.8,7,430.6,2,0,34,5,861.2,577.6,283.6,0,1,2024-09
1005198,2024-09-29,Home & Kitchen,East,Supplier B,WH-West,Express,6,296.75,9,494.05,6,0,36,10,2964.3,1780.5,1183.8,0,0,2024-09
1000897,2024-09-29,Health & Beauty,South,Supplier B,WH-West,Standard,23,29.81,10,42.55,19,4,58,11,808.45,566.39,242.06,1,1,2024-09
1002581,2024-09-29,Home & Kitchen,North,Supplier A,WH-North,Standard,2,160.38,8,259.34,2,0,47,8,518.68,320.76,197.92,0,1,2024-09
1005988,2024-09-29,Health & Beauty,West,Supplier A,WH-East,Standard,10,192.28,3,242.96,9,1,60,2,2186.64,1730.52,456.12,1,1,2024-09
1001444,2024-09-29,Health & Beauty,West,Supplier C,WH-South,Standard,4,53.62,10,61.77,4,0,19,10,247.08,214.48,32.6,0,1,2024-09
1001756,2024-09-29,Home & Kitchen,North,Supplier B,WH-North,Express,15,61.17,9,73.35,14,1,41,9,1026.9,856.38,170.52,1,0,2024-09
1000888,2024-09-30,Office Supplies,North,Supplier D,WH-North,Express,18,278.98,16,422.27,15,3,16,17,6334.05,4184.7,2149.35,1,0,2024-09
1001771,2024-09-30,Home & Kitchen,North,Supplier E,WH-East,Standard,18,382.29,10,556.19,17,1,70,10,9455.23,6498.93,2956.3,1,1,2024-09
1003940,2024-09-30,Home & Kitchen,North,Supplier E,WH-North,Express,6,167.67,7,277.18,4,2,33,7,1108.72,670.68,438.04,1,0,2024-09
1003741,2024-09-30,Home & Kitchen,South,Supplier B,WH-West,Same Day,19,57.4,10,80.86,18,1,16,8,1455.48,1033.2,422.28,1,0,2024-09
1004015,2024-09-30,Office Supplies,North,Supplier A,WH-East,Standard,19,170.24,10,297.5,17,2,68,9,5057.5,2894.08,2163.42,1,1,2024-09
1001474,2024-09-30,Electronics,West,Supplier D,WH-East,Standard,9,408.26,17,609.12,6,3,64,18,3654.72,2449.56,1205.16,1,0,2024-09
1000050,2024-09-30,Health & Beauty,South,Supplier B,WH-South,Standard,17,396.63,13,497.84,14,3,61,15,6969.76,5552.82,1416.94,1,0,2024-09
1001394,2024-10-01,Office Supplies,East,Supplier C,WH-South,Standard,24,300.97,17,500.43,24,0,44,18,12010.32,7223.28,4787.04,0,0,2024-10
1003101,2024-10-01,Apparel,East,Supplier D,WH-North,Express,17,110.02,14,186.19,15,2,14,13,2792.85,1650.3,1142.55,1,0,2024-10
1005934,2024-10-01,Apparel,South,Supplier C,WH-North,Express,20,250.58,17,377.22,19,1,45,17,7167.18,4761.02,2406.16,1,0,2024-10
1004425,2024-10-01,Office Supplies,East,Supplier D,WH-West,Standard,23,232.0,7,398.82,20,3,11,7,7976.4,4640.0,3336.4,1,1,2024-10
1003153,2024-10-02,Home & Kitchen,South,Supplier E,WH-West,Standard,11,31.06,10,46.0,9,2,33,10,414.0,279.54,134.46,1,1,2024-10
1004959,2024-10-02,Home & Kitchen,North,Supplier B,WH-North,Standard,24,95.95,16,125.53,23,1,44,14,2887.19,2206.85,680.34,1,0,2024-10
1004860,2024-10-02,Health & Beauty,South,Supplier B,WH-West,Express,13,176.89,15,246.42,10,3,64,15,2464.2,1768.9,695.3,1,0,2024-10
1005899,2024-10-02,Home & Kitchen,South,Supplier A,WH-North,Standard,3,136.99,8,234.31,2,1,76,8,468.62,273.98,194.64,1,1,2024-10
1001989,2024-10-02,Home & Kitchen,West,Supplier E,WH-South,Standard,4,216.08,4,283.89,3,1,73,4,851.67,648.24,203.43,1,1,2024-10
1004972,2024-10-02,Electronics,East,Supplier C,WH-North,Standard,3,79.9,4,121.58,3,0,11,2,364.74,239.7,125.04,0,1,2024-10
1005123,2024-10-02,Apparel,South,Supplier D,WH-East,Express,24,122.19,8,201.15,22,2,68,9,4425.3,2688.18,1737.12,1,0,2024-10
1004811,2024-10-02,Apparel,East,Supplier D,WH-North,Standard,5,371.02,16,504.61,5,0,65,16,2523.05,1855.1,667.95,0,0,2024-10
1001952,2024-10-02,Home & Kitchen,East,Supplier E,WH-West,Express,3,210.18,8,282.34,3,0,44,6,847.02,630.54,216.48,0,0,2024-10
1002165,2024-10-03,Office Supplies,West,Supplier B,WH-South,Express,12,325.01,4,390.18,9,3,29,3,3511.62,2925.09,586.53,1,1,2024-10
1002907,2024-10-03,Apparel,North,Supplier B,WH-West,Standard,16,84.42,11,122.99,15,1,53,9,1844.85,1266.3,578.55,1,1,2024-10
1002528,2024-10-03,Electronics,East,Supplier C,WH-East,Express,12,352.42,17,572.19,12,0,65,16,6866.28,4229.04,2637.24,0,0,2024-10
1004501,2024-10-03,Office Supplies,East,Supplier D,WH-East,Standard,5,16.84,14,27.79,5,0,57,14,138.95,84.2,54.75,0,0,2024-10
1004887,2024-10-03,Electronics,East,Supplier B,WH-North,Standard,13,256.9,13,413.52,11,2,31,14,4548.72,2825.9,1722.82,1,0,2024-10
1003533,2024-10-03,Health & Beauty,North,Supplier A,WH-East,Standard,23,433.28,5,696.22,22,1,12,7,15316.84,9532.16,5784.68,1,1,2024-10
1000535,2024-10-03,Apparel,West,Supplier B,WH-South,Express,6,122.74,17,180.62,6,0,33,17,1083.72,736.44,347.28,0,0,2024-10
1003328,2024-10-03,Electronics,West,Supplier B,WH-South,Standard,21,389.29,3,450.43,19,2,51,3,8558.17,7396.51,1161.66,1,1,2024-10
1000330,2024-10-03,Electronics,North,Supplier D,WH-East,Same Day,14,311.25,17,447.83,14,0,73,17,6269.62,4357.5,1912.12,0,0,2024-10
1003897,2024-10-03,Office Supplies,East,Supplier E,WH-West,Standard,12,384.54,2,665.83,11,1,78,1,7324.13,4229.94,3094.19,1,1,2024-10
1000934,2024-10-03,Home & Kitchen,North,Supplier B,WH-North,Standard,14,52.7,12,76.33,13,1,71,14,992.29,685.1,307.19,1,0,2024-10
1000026,2024-10-03,Home & Kitchen,South,Supplier E,WH-West,Standard,10,190.26,9,224.61,10,0,66,7,2246.1,1902.6,343.5,0,1,2024-10
1000308,2024-10-03,Home & Kitchen,East,Supplier D,WH-East,Standard,20,253.32,2,432.39,19,1,77,1,8215.41,4813.08,3402.33,1,1,2024-10
1003021,2024-10-03,Apparel,East,Supplier E,WH-South,Standard,2,341.97,8,483.06,2,0,66,8,966.12,683.94,282.18,0,1,2024-10
1003850,2024-10-04,Office Supplies,East,Supplier D,WH-East,Express,11,140.41,10,198.11,9,2,21,10,1782.99,1263.69,519.3,1,0,2024-10
1005378,2024-10-04,Apparel,West,Supplier C,WH-West,Standard,20,23.56,4,29.95,18,2,62,6,539.1,424.08,115.02,1,1,2024-10
1002633,2024-10-04,Electronics,South,Supplier B,WH-North,Standard,11,162.2,8,260.94,11,0,70,8,2870.34,1784.2,1086.14,0,1,2024-10
1005670,2024-10-04,Health & Beauty,East,Supplier A,WH-North,Express,4,197.38,4,245.2,4,0,66,2,980.8,789.52,191.28,0,1,2024-10
1001663,2024-10-04,Health & Beauty,West,Supplier D,WH-East,Express,11,384.32,10,584.41,10,1,29,11,5844.1,3843.2,2000.9,1,0,2024-10
1003422,2024-10-04,Home & Kitchen,West,Supplier D,WH-North,Standard,10,431.26,5,619.92,10,0,36,3,6199.2,4312.6,1886.6,0,1,2024-10
1004034,2024-10-04,Apparel,East,Supplier B,WH-West,Express,23,433.18,16,596.11,20,3,11,18,11922.2,8663.6,3258.6,1,0,2024-10
1001298,2024-10-04,Home & Kitchen,East,Supplier A,WH-South,Standard,24,154.0,6,180.49,21,3,77,4,3790.29,3234.0,556.29,1,1,2024-10
1005133,2024-10-05,Office Supplies,West,Supplier B,WH-North,Express,15,439.83,13,520.42,12,3,23,14,6245.04,5277.96,967.08,1,0,2024-10
1004088,2024-10-05,Apparel,West,Supplier C,WH-North,Express,22,358.9,15,448.21,20,2,23,17,8964.2,7178.0,1786.2,1,0,2024-10
1003324,2024-10-05,Apparel,North,Supplier D,WH-North,Standard,18,89.61,2,110.36,18,0,24,2,1986.48,1612.98,373.5,0,1,2024-10
1002290,2024-10-05,Home & Kitchen,West,Supplier A,WH-West,Express,4,122.09,4,186.72,4,0,74,4,746.88,488.36,258.52,0,1,2024-10
1000551,2024-10-05,Apparel,West,Supplier A,WH-North,Express,17,55.89,3,67.3,16,1,74,2,1076.8,894.24,182.56,1,1,2024-10
1003034,2024-10-05,Home & Kitchen,North,Supplier A,WH-North,Standard,2,181.25,6,240.31,2,0,64,4,480.62,362.5,118.12,0,1,2024-10
1002068,2024-10-05,Home & Kitchen,North,Supplier D,WH-South,Express,1,56.08,15,92.46,1,0,45,14,92.46,56.08,36.38,0,0,2024-10
1001280,2024-10-06,Apparel,South,Supplier B,WH-North,Standard,5,422.92,2,695.27,4,1,21,2,2781.08,1691.68,1089.4,1,1,2024-10
1004074,2024-10-06,Home & Kitchen,West,Supplier A,WH-West,Express,6,255.77,14,412.15,6,0,53,14,2472.9,1534.62,938.28,0,0,2024-10
1003447,2024-10-06,Home & Kitchen,North,Supplier A,WH-West,Standard,23,73.03,4,97.2,23,0,58,4,2235.6,1679.69,555.91,0,1,2024-10
1000351,2024-10-06,Electronics,North,Supplier E,WH-North,Standard,13,343.04,14,490.42,13,0,68,16,6375.46,4459.52,1915.94,0,0,2024-10
1002224,2024-10-06,Apparel,South,Supplier A,WH-East,Express,22,105.16,15,145.17,21,1,35,15,3048.57,2208.36,840.21,1,0,2024-10
1000235,2024-10-06,Health & Beauty,South,Supplier B,WH-East,Standard,10,446.93,17,661.77,9,1,53,17,5955.93,4022.37,1933.56,1,0,2024-10
1005790,2024-10-06,Office Supplies,West,Supplier A,WH-North,Standard,10,154.76,3,200.19,9,1,72,4,1801.71,1392.84,408.87,1,1,2024-10
1005641,2024-10-07,Home & Kitchen,North,Supplier A,WH-East,Standard,3,441.46,3,532.2,3,0,32,4,1596.6,1324.38,272.22,0,1,2024-10
1005549,2024-10-07,Electronics,East,Supplier E,WH-West,Standard,10,83.37,5,129.08,10,0,48,5,1290.8,833.7,457.1,0,1,2024-10
1000824,2024-10-07,Health & Beauty,East,Supplier D,WH-West,Standard,18,395.65,15,514.13,18,0,33,13,9254.34,7121.7,2132.64,0,0,2024-10
1001295,2024-10-07,Health & Beauty,West,Supplier D,WH-West,Standard,15,154.62,8,254.34,14,1,62,6,3560.76,2164.68,1396.08,1,1,2024-10
1003622,2024-10-07,Apparel,West,Supplier B,WH-North,Express,22,256.1,7,390.37,21,1,20,9,8197.77,5378.1,2819.67,1,0,2024-10
1002648,2024-10-07,Electronics,West,Supplier B,WH-South,Express,2,145.7,4,201.31,1,1,54,3,201.31,145.7,55.61,1,1,2024-10
1003091,2024-10-07,Electronics,South,Supplier A,WH-East,Express,10,28.99,8,50.16,8,2,20,8,401.28,231.92,169.36,1,0,2024-10
1000730,2024-10-08,Office Supplies,South,Supplier B,WH-East,Standard,16,258.1,10,397.59,14,2,18,10,5566.26,3613.4,1952.86,1,1,2024-10
1004605,2024-10-08,Apparel,South,Supplier C,WH-West,Same Day,3,439.56,13,647.94,3,0,33,15,1943.82,1318.68,625.14,0,0,2024-10
1005293,2024-10-08,Home & Kitchen,West,Supplier A,WH-West,Standard,14,102.32,3,133.32,13,1,55,3,1733.16,1330.16,403.0,1,1,2024-10
1001977,2024-10-08,Electronics,North,Supplier B,WH-West,Standard,12,313.16,3,365.78,12,0,22,2,4389.36,3757.92,631.44,0,1,2024-10
1000926,2024-10-08,Office Supplies,West,Supplier B,WH-East,Standard,23,444.17,15,773.47,20,3,17,15,15469.4,8883.4,6586.0,1,0,2024-10
1004043,2024-10-08,Health & Beauty,West,Supplier D,WH-South,Standard,18,408.24,4,698.01,17,1,64,6,11866.17,6940.08,4926.09,1,1,2024-10
1005277,2024-10-08,Electronics,South,Supplier A,WH-West,Standard,18,10.58,16,17.75,18,0,61,15,319.5,190.44,129.06,0,0,2024-10
1002625,2024-10-09,Office Supplies,North,Supplier A,WH-East,Standard,10,94.51,5,128.7,10,0,68,5,1287.0,945.1,341.9,0,1,2024-10
1003205,2024-10-09,Apparel,West,Supplier D,WH-North,Standard,18,239.54,2,409.7,17,1,14,3,6964.9,4072.18,2892.72,1,1,2024-10
1005284,2024-10-09,Home & Kitchen,West,Supplier D,WH-East,Standard,18,112.4,15,188.52,16,2,46,13,3016.32,1798.4,1217.92,1,0,2024-10
1000178,2024-10-09,Apparel,West,Supplier B,WH-North,Express,13,347.24,12,455.83,11,2,14,13,5014.13,3819.64,1194.49,1,0,2024-10
1004334,2024-10-09,Home & Kitchen,South,Supplier C,WH-West,Same Day,6,347.11,9,494.12,5,1,44,10,2470.6,1735.55,735.05,1,0,2024-10
1002962,2024-10-09,Health & Beauty,North,Supplier A,WH-South,Standard,5,167.65,5,281.66,5,0,11,7,1408.3,838.25,570.05,0,1,2024-10
1004210,2024-10-09,Health & Beauty,West,Supplier D,WH-East,Standard,19,304.96,11,506.72,18,1,38,11,9120.96,5489.28,3631.68,1,1,2024-10
1005754,2024-10-09,Home & Kitchen,North,Supplier C,WH-South,Standard,9,185.58,6,216.66,9,0,47,6,1949.94,1670.22,279.72,0,1,2024-10
1000327,2024-10-09,Office Supplies,East,Supplier A,WH-West,Standard,2,395.28,3,615.82,2,0,72,5,1231.64,790.56,441.08,0,1,2024-10
1004497,2024-10-09,Electronics,East,Supplier D,WH-North,Standard,14,186.77,7,286.89,14,0,10,9,4016.46,2614.78,1401.68,0,1,2024-10
1005600,2024-10-09,Health & Beauty,South,Supplier B,WH-West,Standard,2,446.42,10,648.01,2,0,11,8,1296.02,892.84,403.18,0,1,2024-10
1004075,2024-10-09,Office Supplies,South,Supplier C,WH-North,Standard,9,152.78,9,237.71,9,0,22,11,2139.39,1375.02,764.37,0,1,2024-10
1001097,2024-10-09,Electronics,East,Supplier A,WH-East,Express,3,379.79,5,540.13,3,0,26,5,1620.39,1139.37,481.02,0,1,2024-10
1004247,2024-10-09,Health & Beauty,West,Supplier C,WH-West,Standard,6,244.75,9,299.17,5,1,45,11,1495.85,1223.75,272.1,1,1,2024-10
1001957,2024-10-10,Home & Kitchen,West,Supplier A,WH-East,Standard,24,293.92,10,463.08,24,0,53,12,11113.92,7054.08,4059.84,0,1,2024-10
1000332,2024-10-10,Home & Kitchen,West,Supplier B,WH-South,Standard,2,171.72,15,261.58,2,0,78,16,523.16,343.44,179.72,0,0,2024-10
1003461,2024-10-10,Health & Beauty,East,Supplier A,WH-South,Same Day,17,406.51,11,669.8,17,0,32,9,11386.6,6910.67,4475.93,0,0,2024-10
1004359,2024-10-10,Health & Beauty,East,Supplier A,WH-North,Express,6,420.03,6,658.56,6,0,28,8,3951.36,2520.18,1431.18,0,0,2024-10
1003103,2024-10-10,Health & Beauty,North,Supplier C,WH-West,Standard,5,106.08,8,127.56,5,0,58,7,637.8,530.4,107.4,0,1,2024-10
1005468,2024-10-10,Apparel,North,Supplier C,WH-West,Standard,6,188.51,10,219.31,5,1,57,9,1096.55,942.55,154.0,1,1,2024-10
1002502,2024-10-10,Office Supplies,West,Supplier E,WH-West,Standard,17,346.74,10,531.71,17,0,37,11,9039.07,5894.58,3144.49,0,1,2024-10
1001197,2024-10-11,Home & Kitchen,West,Supplier C,WH-West,Express,11,254.29,2,329.53,10,1,68,4,3295.3,2542.9,752.4,1,1,2024-10
1001698,2024-10-11,Electronics,North,Supplier D,WH-South,Standard,20,310.99,5,531.75,20,0,20,7,10635.0,6219.8,4415.2,0,1,2024-10
1004534,2024-10-11,Office Supplies,North,Supplier C,WH-South,Standard,10,223.68,7,265.59,10,0,32,8,2655.9,2236.8,419.1,0,1,2024-10
1001171,2024-10-11,Health & Beauty,East,Supplier C,WH-East,Standard,1,227.56,2,389.04,1,0,61,1,389.04,227.56,161.48,0,1,2024-10
1005783,2024-10-11,Home & Kitchen,East,Supplier C,WH-North,Standard,22,236.04,5,408.85,21,1,54,6,8585.85,4956.84,3629.01,1,1,2024-10
1001261,2024-10-11,Home & Kitchen,West,Supplier A,WH-South,Standard,20,441.28,9,519.25,18,2,52,9,9346.5,7943.04,1403.46,1,1,2024-10
1001682,2024-10-11,Home & Kitchen,East,Supplier E,WH-East,Standard,1,350.49,4,517.44,1,0,64,2,517.44,350.49,166.95,0,1,2024-10
1000465,2024-10-11,Apparel,South,Supplier A,WH-South,Standard,11,53.87,9,83.07,8,3,39,10,664.56,430.96,233.6,1,1,2024-10
1005639,2024-10-11,Home & Kitchen,South,Supplier B,WH-South,Standard,1,100.08,11,152.33,1,0,48,12,152.33,100.08,52.25,0,1,2024-10
1000511,2024-10-11,Health & Beauty,West,Supplier E,WH-East,Same Day,11,424.58,9,496.34,10,1,66,10,4963.4,4245.8,717.6,1,0,2024-10
1003118,2024-10-12,Apparel,East,Supplier A,WH-West,Standard,7,19.35,9,24.72,5,2,52,9,123.6,96.75,26.85,1,1,2024-10
1001201,2024-10-12,Home & Kitchen,East,Supplier D,WH-North,Express,6,60.0,7,91.96,4,2,47,9,367.84,240.0,127.84,1,0,2024-10
1003540,2024-10-12,Home & Kitchen,East,Supplier A,WH-East,Standard,13,137.19,13,212.37,11,2,32,13,2336.07,1509.09,826.98,1,0,2024-10
1005149,2024-10-12,Electronics,North,Supplier C,WH-South,Standard,19,105.98,4,139.73,17,2,55,4,2375.41,1801.66,573.75,1,1,2024-10
1002300,2024-10-12,Apparel,North,Supplier E,WH-North,Same Day,1,68.48,2,96.41,1,0,76,2,96.41,68.48,27.93,0,1,2024-10
1003522,2024-10-13,Home & Kitchen,East,Supplier D,WH-North,Same Day,10,170.99,2,223.44,9,1,44,2,2010.96,1538.91,472.05,1,1,2024-10
1002273,2024-10-13,Office Supplies,East,Supplier C,WH-West,Express,6,61.36,13,100.07,5,1,19,15,500.35,306.8,193.55,1,0,2024-10
1002037,2024-10-13,Apparel,West,Supplier D,WH-South,Standard,10,201.87,2,274.41,9,1,77,4,2469.69,1816.83,652.86,1,1,2024-10
1002395,2024-10-13,Apparel,West,Supplier A,WH-North,Standard,22,45.49,16,60.63,20,2,54,15,1212.6,909.8,302.8,1,0,2024-10
1001324,2024-10-13,Apparel,East,Supplier D,WH-South,Standard,22,65.42,9,83.12,19,3,61,7,1579.28,1242.98,336.3,1,1,2024-10
1005112,2024-10-13,Office Supplies,South,Supplier D,WH-West,Standard,10,307.62,2,355.37,9,1,12,3,3198.33,2768.58,429.75,1,1,2024-10
1001941,2024-10-13,Apparel,East,Supplier C,WH-South,Standard,21,151.83,15,191.96,21,0,17,17,4031.16,3188.43,842.73,0,0,2024-10
1005266,2024-10-13,Apparel,West,Supplier C,WH-North,Standard,11,334.77,10,562.0,10,1,29,11,5620.0,3347.7,2272.3,1,1,2024-10
1005471,2024-10-13,Home & Kitchen,North,Supplier D,WH-East,Standard,9,29.04,14,50.02,7,2,66,14,350.14,203.28,146.86,1,0,2024-10
1005847,2024-10-13,Office Supplies,West,Supplier B,WH-West,Standard,21,84.44,5,134.47,20,1,34,6,2689.4,1688.8,1000.6,1,1,2024-10
1005243,2024-10-14,Electronics,East,Supplier C,WH-North,Standard,6,230.02,14,300.43,5,1,68,14,1502.15,1150.1,352.05,1,0,2024-10
1002577,2024-10-14,Office Supplies,West,Supplier A,WH-South,Standard,20,357.9,10,562.34,18,2,27,11,10122.12,6442.2,3679.92,1,1,2024-10
1002232,2024-10-14,Health & Beauty,South,Supplier E,WH-South,Standard,22,85.21,6,123.58,18,4,59,4,2224.44,1533.78,690.66,1,1,2024-10
1000372,2024-10-14,Electronics,South,Supplier E,WH-East,Express,13,350.77,5,422.62,13,0,22,3,5494.06,4560.01,934.05,0,1,2024-10
1004879,2024-10-14,Electronics,South,Supplier B,WH-North,Standard,10,141.23,9,177.97,9,1,30,11,1601.73,1271.07,330.66,1,1,2024-10
1005690,2024-10-14,Apparel,North,Supplier C,WH-East,Express,20,183.15,6,296.62,19,1,23,4,5635.78,3479.85,2155.93,1,1,2024-10
1001861,2024-10-14,Health & Beauty,West,Supplier D,WH-East,Standard,9,145.53,8,226.13,9,0,45,10,2035.17,1309.77,725.4,0,1,2024-10
1005503,2024-10-14,Electronics,South,Supplier B,WH-North,Express,23,308.87,14,397.01,22,1,56,16,8734.22,6795.14,1939.08,1,0,2024-10
1002591,2024-10-14,Electronics,North,Supplier E,WH-West,Express,8,289.97,5,497.38,6,2,44,6,2984.28,1739.82,1244.46,1,0,2024-10
1001244,2024-10-14,Electronics,East,Supplier B,WH-East,Standard,18,207.2,17,303.46,16,2,62,17,4855.36,3315.2,1540.16,1,0,2024-10
1002576,2024-10-14,Office Supplies,North,Supplier B,WH-South,Same Day,7,445.75,5,557.69,7,0,77,5,3903.83,3120.25,783.58,0,0,2024-10
1001422,2024-10-14,Health & Beauty,West,Supplier A,WH-West,Standard,22,391.41,17,593.95,21,1,61,19,12472.95,8219.61,4253.34,1,0,2024-10
1005663,2024-10-14,Office Supplies,South,Supplier D,WH-South,Standard,15,335.98,3,501.99,13,2,38,2,6525.87,4367.74,2158.13,1,1,2024-10
1004556,2024-10-15,Electronics,South,Supplier D,WH-South,Standard,6,433.76,7,635.24,6,0,53,6,3811.44,2602.56,1208.88,0,1,2024-10
1001063,2024-10-15,Home & Kitchen,South,Supplier D,WH-West,Standard,11,229.46,8,379.17,9,2,53,9,3412.53,2065.14,1347.39,1,1,2024-10
1004267,2024-10-15,Electronics,North,Supplier E,WH-North,Standard,11,267.65,16,397.21,10,1,47,16,3972.1,2676.5,1295.6,1,0,2024-10
1001598,2024-10-15,Electronics,South,Supplier E,WH-North,Express,8,297.98,14,478.66,6,2,53,14,2871.96,1787.88,1084.08,1,0,2024-10
1000478,2024-10-15,Apparel,East,Supplier E,WH-West,Standard,17,352.23,17,479.29,17,0,75,16,8147.93,5987.91,2160.02,0,0,2024-10
1004586,2024-10-15,Electronics,North,Supplier C,WH-West,Standard,2,212.5,8,256.38,2,0,31,9,512.76,425.0,87.76,0,1,2024-10
1002360,2024-10-15,Apparel,South,Supplier A,WH-East,Standard,17,390.41,12,634.62,17,0,39,12,10788.54,6636.97,4151.57,0,1,2024-10
1001072,2024-10-15,Home & Kitchen,South,Supplier C,WH-North,Express,5,153.29,8,191.59,5,0,55,7,957.95,766.45,191.5,0,0,2024-10
1003040,2024-10-15,Apparel,North,Supplier C,WH-West,Standard,3,140.91,2,189.51,3,0,31,1,568.53,422.73,145.8,0,1,2024-10
1000931,2024-10-15,Electronics,East,Supplier C,WH-South,Same Day,8,236.9,5,313.25,8,0,10,7,2506.0,1895.2,610.8,0,0,2024-10
1000112,2024-10-15,Health & Beauty,South,Supplier E,WH-North,Standard,12,345.25,3,453.64,12,0,48,3,5443.68,4143.0,1300.68,0,1,2024-10
1002866,2024-10-15,Apparel,West,Supplier A,WH-North,Standard,16,422.08,12,590.44,13,3,40,12,7675.72,5487.04,2188.68,1,1,2024-10
1001361,2024-10-15,Office Supplies,South,Supplier E,WH-East,Same Day,7,191.41,16,254.93,7,0,33,14,1784.51,1339.87,444.64,0,0,2024-10
1003653,2024-10-16,Home & Kitchen,South,Supplier D,WH-West,Standard,23,249.44,16,389.13,22,1,56,17,8560.86,5487.68,3073.18,1,0,2024-10
1003356,2024-10-16,Electronics,North,Supplier E,WH-East,Standard,10,256.72,5,300.89,10,0,10,6,3008.9,2567.2,441.7,0,1,2024-10
1003582,2024-10-16,Electronics,East,Supplier D,WH-North,Express,6,275.92,5,455.37,6,0,66,5,2732.22,1655.52,1076.7,0,1,2024-10
1003604,2024-10-16,Health & Beauty,West,Supplier D,WH-East,Standard,14,45.34,17,77.28,14,0,16,19,1081.92,634.76,447.16,0,0,2024-10
1004082,2024-10-16,Electronics,South,Supplier A,WH-West,Standard,23,11.23,14,14.32,19,4,53,16,272.08,213.37,58.71,1,0,2024-10
1002129,2024-10-17,Office Supplies,South,Supplier C,WH-East,Standard,24,54.75,6,73.6,22,2,67,6,1619.2,1204.5,414.7,1,1,2024-10
1001022,2024-10-17,Home & Kitchen,South,Supplier B,WH-West,Standard,17,24.8,3,38.04,14,3,63,3,532.56,347.2,185.36,1,1,2024-10
1005525,2024-10-17,Electronics,South,Supplier D,WH-East,Standard,17,323.81,12,453.38,14,3,70,12,6347.32,4533.34,1813.98,1,1,2024-10
1003216,2024-10-17,Electronics,North,Supplier D,WH-North,Standard,2,418.55,10,676.1,1,1,36,10,676.1,418.55,257.55,1,1,2024-10
1002086,2024-10-17,Health & Beauty,West,Supplier D,WH-East,Express,20,145.8,12,193.13,19,1,50,12,3669.47,2770.2,899.27,1,0,2024-10
1005855,2024-10-17,Health & Beauty,South,Supplier A,WH-South,Standard,24,99.67,16,152.54,24,0,42,18,3660.96,2392.08,1268.88,0,0,2024-10
1003554,2024-10-18,Apparel,North,Supplier A,WH-East,Standard,24,105.87,17,140.18,20,4,12,19,2803.6,2117.4,686.2,1,0,2024-10
1001342,2024-10-18,Electronics,East,Supplier B,WH-North,Standard,9,157.35,15,261.28,8,1,30,13,2090.24,1258.8,831.44,1,0,2024-10
1001096,2024-10-18,Apparel,East,Supplier A,WH-South,Express,15,16.13,11,23.86,14,1,24,11,334.04,225.82,108.22,1,0,2024-10
1004661,2024-10-18,Apparel,South,Supplier D,WH-East,Same Day,4,252.03,15,324.49,4,0,13,16,1297.96,1008.12,289.84,0,0,2024-10
1002102,2024-10-19,Apparel,South,Supplier B,WH-North,Standard,22,86.91,2,132.58,20,2,63,2,2651.6,1738.2,913.4,1,1,2024-10
1005230,2024-10-19,Apparel,South,Supplier C,WH-North,Standard,24,257.49,5,316.91,23,1,45,5,7288.93,5922.27,1366.66,1,1,2024-10
1001975,2024-10-19,Home & Kitchen,North,Supplier C,WH-South,Standard,2,216.7,3,344.94,2,0,21,3,689.88,433.4,256.48,0,1,2024-10
1002180,2024-10-19,Electronics,West,Supplier B,WH-North,Standard,5,345.18,11,501.22,4,1,49,11,2004.88,1380.72,624.16,1,1,2024-10
1001918,2024-10-19,Office Supplies,South,Supplier D,WH-West,Standard,9,230.38,9,272.02,7,2,27,7,1904.14,1612.66,291.48,1,1,2024-10
1001500,2024-10-19,Health & Beauty,South,Supplier E,WH-West,Standard,16,239.83,2,307.47,16,0,60,1,4919.52,3837.28,1082.24,0,1,2024-10
1003712,2024-10-19,Home & Kitchen,South,Supplier E,WH-West,Express,5,238.59,7,410.95,4,1,64,5,1643.8,954.36,689.44,1,1,2024-10
1005627,2024-10-19,Electronics,East,Supplier A,WH-West,Standard,7,82.42,12,112.12,7,0,23,11,784.84,576.94,207.9,0,1,2024-10
1000234,2024-10-20,Home & Kitchen,West,Supplier C,WH-North,Standard,1,301.05,15,509.68,0,1,58,14,0.0,0.0,0.0,1,0,2024-10
1002898,2024-10-20,Health & Beauty,West,Supplier E,WH-North,Standard,17,269.06,6,329.01,15,2,71,8,4935.15,4035.9,899.25,1,1,2024-10
1005318,2024-10-20,Home & Kitchen,South,Supplier C,WH-South,Express,10,337.32,15,501.68,9,1,72,15,4515.12,3035.88,1479.24,1,0,2024-10
1002005,2024-10-20,Health & Beauty,North,Supplier C,WH-North,Standard,23,119.88,6,209.7,21,2,61,6,4403.7,2517.48,1886.22,1,1,2024-10
1005813,2024-10-20,Office Supplies,East,Supplier C,WH-West,Express,13,205.71,7,246.95,12,1,41,7,2963.4,2468.52,494.88,1,0,2024-10
1003327,2024-10-20,Health & Beauty,East,Supplier B,WH-North,Express,3,77.02,11,91.03,3,0,47,13,273.09,231.06,42.03,0,0,2024-10
1003901,2024-10-20,Electronics,South,Supplier E,WH-South,Express,1,232.64,14,299.68,1,0,35,12,299.68,232.64,67.04,0,0,2024-10
1003665,2024-10-20,Electronics,East,Supplier A,WH-West,Standard,5,113.69,7,196.89,5,0,45,7,984.45,568.45,416.0,0,1,2024-10
1001898,2024-10-21,Electronics,North,Supplier A,WH-North,Express,20,372.06,15,440.74,18,2,27,16,7933.32,6697.08,1236.24,1,0,2024-10
1004442,2024-10-21,Health & Beauty,West,Supplier D,WH-North,Standard,20,315.45,9,429.67,18,2,25,7,7734.06,5678.1,2055.96,1,1,2024-10
1004603,2024-10-21,Electronics,South,Supplier C,WH-North,Express,12,85.5,11,136.49,11,1,46,9,1501.39,940.5,560.89,1,0,2024-10
1001637,2024-10-21,Office Supplies,West,Supplier C,WH-East,Express,6,395.5,4,510.98,6,0,30,2,3065.88,2373.0,692.88,0,1,2024-10
1004317,2024-10-21,Electronics,West,Supplier C,WH-West,Express,19,445.54,8,673.33,19,0,47,7,12793.27,8465.26,4328.01,0,0,2024-10
1002792,2024-10-21,Health & Beauty,West,Supplier B,WH-West,Standard,15,179.3,9,269.84,14,1,70,9,3777.76,2510.2,1267.56,1,1,2024-10
1003605,2024-10-21,Home & Kitchen,East,Supplier B,WH-North,Standard,9,337.04,4,402.83,9,0,26,4,3625.47,3033.36,592.11,0,1,2024-10
1001036,2024-10-21,Home & Kitchen,East,Supplier D,WH-West,Express,1,383.45,8,612.71,1,0,46,7,612.71,383.45,229.26,0,0,2024-10
1001376,2024-10-22,Electronics,North,Supplier A,WH-East,Standard,6,305.44,11,400.95,6,0,39,12,2405.7,1832.64,573.06,0,1,2024-10
1004981,2024-10-22,Electronics,West,Supplier D,WH-North,Standard,21,47.79,15,61.95,18,3,52,15,1115.1,860.22,254.88,1,0,2024-10
1004410,2024-10-22,Electronics,West,Supplier E,WH-South,Standard,13,66.05,15,91.66,12,1,71,15,1099.92,792.6,307.32,1,0,2024-10
1001128,2024-10-22,Electronics,North,Supplier C,WH-North,Same Day,9,186.41,9,301.78,9,0,17,8,2716.02,1677.69,1038.33,0,0,2024-10
1004932,2024-10-22,Apparel,East,Supplier B,WH-South,Standard,9,180.23,17,269.81,7,2,54,15,1888.67,1261.61,627.06,1,0,2024-10
1001035,2024-10-22,Home & Kitchen,North,Supplier B,WH-North,Same Day,15,430.08,14,646.81,13,2,32,14,8408.53,5591.04,2817.49,1,0,2024-10
1001346,2024-10-22,Office Supplies,West,Supplier A,WH-North,Standard,4,136.81,8,171.0,4,0,53,10,684.0,547.24,136.76,0,1,2024-10
1003311,2024-10-22,Home & Kitchen,South,Supplier E,WH-North,Standard,24,220.46,14,313.38,21,3,71,13,6580.98,4629.66,1951.32,1,0,2024-10
1001016,2024-10-22,Electronics,North,Supplier A,WH-West,Express,14,369.59,8,427.84,13,1,50,6,5561.92,4804.67,757.25,1,0,2024-10
1005723,2024-10-22,Office Supplies,West,Supplier A,WH-North,Standard,1,227.57,17,339.62,1,0,34,15,339.62,227.57,112.05,0,0,2024-10
1000087,2024-10-22,Home & Kitchen,East,Supplier A,WH-East,Same Day,19,333.86,5,578.16,18,1,15,7,10406.88,6009.48,4397.4,1,0,2024-10
1004914,2024-10-22,Health & Beauty,North,Supplier B,WH-West,Standard,20,436.79,3,658.92,20,0,34,3,13178.4,8735.8,4442.6,0,1,2024-10
1001129,2024-10-23,Home & Kitchen,South,Supplier A,WH-North,Standard,11,414.53,7,569.07,11,0,66,6,6259.77,4559.83,1699.94,0,1,2024-10
1002945,2024-10-23,Home & Kitchen,West,Supplier E,WH-East,Standard,4,358.11,12,431.58,4,0,62,10,1726.32,1432.44,293.88,0,1,2024-10
1001913,2024-10-24,Health & Beauty,North,Supplier D,WH-East,Standard,11,258.5,10,426.88,9,2,14,12,3841.92,2326.5,1515.42,1,1,2024-10
1002153,2024-10-24,Apparel,South,Supplier D,WH-East,Standard,16,414.14,9,645.02,15,1,48,9,9675.3,6212.1,3463.2,1,1,2024-10
1005594,2024-10-24,Home & Kitchen,East,Supplier E,WH-East,Standard,3,40.05,17,61.23,3,0,56,16,183.69,120.15,63.54,0,0,2024-10
1000262,2024-10-24,Office Supplies,South,Supplier E,WH-North,Standard,13,124.49,5,155.83,11,2,10,5,1714.13,1369.39,344.74,1,1,2024-10
1005741,2024-10-24,Health & Beauty,North,Supplier B,WH-North,Same Day,5,437.51,4,506.42,5,0,25,3,2532.1,2187.55,344.55,0,0,2024-10
1005237,2024-10-25,Electronics,East,Supplier B,WH-West,Express,8,269.2,10,379.97,8,0,52,10,3039.76,2153.6,886.16,0,0,2024-10
1005918,2024-10-25,Office Supplies,South,Supplier B,WH-West,Standard,23,390.77,9,640.49,21,2,56,9,13450.29,8206.17,5244.12,1,1,2024-10
1004813,2024-10-25,Office Supplies,South,Supplier B,WH-East,Standard,6,119.12,8,196.94,6,0,63,8,1181.64,714.72,466.92,0,1,2024-10
1004409,2024-10-25,Office Supplies,West,Supplier D,WH-West,Standard,5,290.54,8,377.38,5,0,31,10,1886.9,1452.7,434.2,0,1,2024-10
1005671,2024-10-26,Home & Kitchen,North,Supplier B,WH-West,Express,6,365.0,8,520.93,6,0,71,9,3125.58,2190.0,935.58,0,0,2024-10
1004746,2024-10-26,Apparel,North,Supplier D,WH-West,Standard,19,157.11,14,253.62,14,5,34,14,3550.68,2199.54,1351.14,1,0,2024-10
1000969,2024-10-26,Home & Kitchen,North,Supplier A,WH-West,Standard,12,103.69,14,136.62,11,1,24,14,1502.82,1140.59,362.23,1,0,2024-10
1002103,2024-10-26,Office Supplies,East,Supplier D,WH-South,Express,20,169.66,9,215.05,20,0,17,9,4301.0,3393.2,907.8,0,0,2024-10
1003441,2024-10-26,Apparel,North,Supplier A,WH-North,Standard,5,91.13,4,146.01,4,1,53,4,584.04,364.52,219.52,1,1,2024-10
1003164,2024-10-27,Electronics,West,Supplier A,WH-South,Same Day,12,150.53,12,228.98,11,1,58,11,2518.78,1655.83,862.95,1,0,2024-10
1004361,2024-10-27,Apparel,North,Supplier D,WH-South,Standard,2,251.65,12,311.25,2,0,54,13,622.5,503.3,119.2,0,0,2024-10
1003863,2024-10-27,Home & Kitchen,West,Supplier E,WH-East,Standard,6,334.24,7,427.1,5,1,44,6,2135.5,1671.2,464.3,1,1,2024-10
1001939,2024-10-27,Office Supplies,North,Supplier C,WH-North,Express,22,440.21,15,530.95,20,2,38,15,10619.0,8804.2,1814.8,1,0,2024-10
1001780,2024-10-27,Electronics,West,Supplier A,WH-West,Standard,10,304.36,10,491.15,9,1,58,8,4420.35,2739.24,1681.11,1,1,2024-10
1001588,2024-10-27,Electronics,North,Supplier A,WH-East,Standard,17,322.81,15,445.18,14,3,25,15,6232.52,4519.34,1713.18,1,0,2024-10
1001851,2024-10-27,Health & Beauty,South,Supplier E,WH-East,Standard,9,442.54,3,698.22,9,0,37,4,6283.98,3982.86,2301.12,0,1,2024-10
1003262,2024-10-27,Apparel,West,Supplier A,WH-South,Standard,3,85.52,5,127.62,2,1,24,5,255.24,171.04,84.2,1,1,2024-10
1000626,2024-10-27,Office Supplies,South,Supplier A,WH-West,Standard,18,54.7,10,93.37,16,2,30,9,1493.92,875.2,618.72,1,1,2024-10
1005011,2024-10-28,Apparel,East,Supplier B,WH-South,Standard,14,162.65,2,206.65,13,1,55,4,2686.45,2114.45,572.0,1,1,2024-10
1001107,2024-10-28,Health & Beauty,North,Supplier E,WH-North,Standard,3,46.67,16,59.43,3,0,62,17,178.29,140.01,38.28,0,0,2024-10
1005698,2024-10-28,Apparel,West,Supplier B,WH-West,Standard,20,156.63,10,247.18,19,1,36,10,4696.42,2975.97,1720.45,1,1,2024-10
1002668,2024-10-28,Office Supplies,East,Supplier E,WH-East,Standard,21,415.2,10,519.83,19,2,24,10,9876.77,7888.8,1987.97,1,1,2024-10
1000515,2024-10-28,Electronics,East,Supplier B,WH-North,Express,17,277.99,13,432.18,16,1,15,12,6914.88,4447.84,2467.04,1,0,2024-10
1000354,2024-10-28,Office Supplies,South,Supplier C,WH-North,Standard,22,97.69,13,137.18,22,0,26,13,3017.96,2149.18,868.78,0,0,2024-10
1003908,2024-10-28,Electronics,North,Supplier B,WH-South,Standard,23,97.12,7,115.99,23,0,52,7,2667.77,2233.76,434.01,0,1,2024-10
1003064,2024-10-28,Electronics,East,Supplier A,WH-West,Standard,1,422.35,15,567.48,1,0,42,14,567.48,422.35,145.13,0,0,2024-10
1001514,2024-10-28,Electronics,East,Supplier B,WH-North,Same Day,5,271.27,2,377.53,5,0,58,2,1887.65,1356.35,531.3,0,1,2024-10
1002607,2024-10-28,Home & Kitchen,East,Supplier C,WH-North,Express,22,95.63,14,156.46,22,0,56,12,3442.12,2103.86,1338.26,0,0,2024-10
1003222,2024-10-28,Health & Beauty,West,Supplier A,WH-East,Standard,9,249.98,9,391.23,9,0,36,11,3521.07,2249.82,1271.25,0,1,2024-10
1002780,2024-10-28,Health & Beauty,West,Supplier A,WH-North,Standard,16,164.95,13,258.78,15,1,63,13,3881.7,2474.25,1407.45,1,0,2024-10
1005321,2024-10-28,Home & Kitchen,West,Supplier B,WH-South,Standard,16,430.65,8,643.21,14,2,39,8,9004.94,6029.1,2975.84,1,1,2024-10
1002226,2024-10-28,Home & Kitchen,North,Supplier A,WH-West,Standard,23,287.22,13,353.58,21,2,25,15,7425.18,6031.62,1393.56,1,0,2024-10
1001940,2024-10-29,Home & Kitchen,East,Supplier B,WH-East,Standard,20,14.51,7,21.03,19,1,35,9,399.57,275.69,123.88,1,1,2024-10
1001718,2024-10-29,Health & Beauty,West,Supplier D,WH-East,Standard,3,237.63,12,317.72,3,0,10,11,953.16,712.89,240.27,0,1,2024-10
1002032,2024-10-29,Home & Kitchen,South,Supplier D,WH-West,Standard,6,230.22,4,365.42,5,1,66,6,1827.1,1151.1,676.0,1,1,2024-10
1004489,2024-10-29,Apparel,South,Supplier D,WH-East,Standard,20,420.37,16,578.35,17,3,26,14,9831.95,7146.29,2685.66,1,0,2024-10
1000868,2024-10-29,Apparel,West,Supplier A,WH-South,Standard,23,397.96,10,571.15,18,5,78,11,10280.7,7163.28,3117.42,1,1,2024-10
1000780,2024-10-29,Office Supplies,North,Supplier D,WH-East,Standard,20,10.63,4,15.26,17,3,61,6,259.42,180.71,78.71,1,1,2024-10
1005745,2024-10-29,Electronics,East,Supplier D,WH-West,Standard,21,185.28,10,237.02,20,1,40,8,4740.4,3705.6,1034.8,1,1,2024-10
1002750,2024-10-29,Apparel,North,Supplier C,WH-East,Express,22,20.98,4,26.02,20,2,10,6,520.4,419.6,100.8,1,0,2024-10
1004048,2024-10-29,Office Supplies,South,Supplier C,WH-West,Standard,8,416.97,15,726.56,6,2,61,15,4359.36,2501.82,1857.54,1,0,2024-10
1005327,2024-10-29,Home & Kitchen,East,Supplier E,WH-East,Standard,14,382.82,3,538.41,13,1,14,2,6999.33,4976.66,2022.67,1,1,2024-10
1003542,2024-10-29,Health & Beauty,West,Supplier B,WH-West,Standard,19,223.07,9,273.53,17,2,36,9,4650.01,3792.19,857.82,1,1,2024-10
1002274,2024-10-29,Electronics,West,Supplier D,WH-West,Standard,14,415.74,16,549.45,12,2,26,18,6593.4,4988.88,1604.52,1,0,2024-10
1003719,2024-10-29,Home & Kitchen,East,Supplier A,WH-West,Standard,17,429.08,7,673.91,14,3,21,7,9434.74,6007.12,3427.62,1,1,2024-10
1002101,2024-10-30,Home & Kitchen,North,Supplier E,WH-North,Standard,5,51.54,3,74.55,5,0,68,4,372.75,257.7,115.05,0,1,2024-10
1004419,2024-10-30,Health & Beauty,North,Supplier A,WH-West,Express,18,35.13,17,51.77,17,1,30,17,880.09,597.21,282.88,1,0,2024-10
1003715,2024-10-30,Home & Kitchen,North,Supplier C,WH-West,Express,21,339.59,13,477.82,18,3,28,15,8600.76,6112.62,2488.14,1,0,2024-10
1005593,2024-10-30,Office Supplies,South,Supplier C,WH-West,Standard,4,234.79,13,391.6,4,0,46,11,1566.4,939.16,627.24,0,1,2024-10
1003488,2024-10-30,Apparel,North,Supplier E,WH-South,Express,8,109.97,13,160.88,8,0,22,11,1287.04,879.76,407.28,0,0,2024-10
1002040,2024-10-30,Electronics,West,Supplier A,WH-South,Standard,19,107.49,10,165.34,14,5,74,12,2314.76,1504.86,809.9,1,1,2024-10
1000270,2024-10-30,Home & Kitchen,West,Supplier D,WH-West,Standard,13,267.03,13,444.26,13,0,10,13,5775.38,3471.39,2303.99,0,0,2024-10
1003152,2024-10-30,Health & Beauty,West,Supplier E,WH-West,Standard,4,122.85,5,176.05,2,2,13,5,352.1,245.7,106.4,1,1,2024-10
1004829,2024-10-30,Office Supplies,North,Supplier B,WH-West,Standard,2,135.34,6,172.14,2,0,72,8,344.28,270.68,73.6,0,1,2024-10
1003427,2024-10-31,Apparel,West,Supplier D,WH-North,Standard,3,364.01,2,558.91,3,0,38,2,1676.73,1092.03,584.7,0,1,2024-10
1005967,2024-10-31,Home & Kitchen,West,Supplier D,WH-West,Express,17,409.91,6,518.05,15,2,51,7,7770.75,6148.65,1622.1,1,0,2024-10
1000411,2024-10-31,Home & Kitchen,South,Supplier E,WH-East,Standard,17,310.36,13,492.97,13,4,58,15,6408.61,4034.68,2373.93,1,0,2024-10
1004610,2024-10-31,Health & Beauty,South,Supplier B,WH-South,Standard,21,81.67,6,122.47,19,2,30,6,2326.93,1551.73,775.2,1,1,2024-10
1001816,2024-10-31,Home & Kitchen,East,Supplier A,WH-South,Same Day,8,269.31,10,350.7,7,1,37,12,2454.9,1885.17,569.73,1,0,2024-10
1001198,2024-10-31,Home & Kitchen,North,Supplier C,WH-West,Express,1,296.33,15,506.34,1,0,78,15,506.34,296.33,210.01,0,0,2024-10
1000678,2024-10-31,Apparel,North,Supplier B,WH-North,Same Day,6,342.16,3,587.68,6,0,52,2,3526.08,2052.96,1473.12,0,1,2024-10
1002854,2024-10-31,Electronics,West,Supplier A,WH-North,Same Day,1,31.84,14,52.96,1,0,22,12,52.96,31.84,21.12,0,0,2024-10
1001963,2024-10-31,Health & Beauty,South,Supplier E,WH-East,Express,8,18.91,12,31.56,8,0,29,10,252.48,151.28,101.2,0,0,2024-10
1002084,2024-10-31,Apparel,South,Supplier B,WH-East,Standard,9,313.72,15,362.32,8,1,52,17,2898.56,2509.76,388.8,1,0,2024-10
1004114,2024-11-01,Office Supplies,East,Supplier D,WH-South,Standard,2,367.98,6,440.38,1,1,67,7,440.38,367.98,72.4,1,1,2024-11
1005708,2024-11-01,Apparel,West,Supplier D,WH-East,Standard,15,98.09,8,143.35,14,1,30,6,2006.9,1373.26,633.64,1,1,2024-11
1001996,2024-11-01,Health & Beauty,West,Supplier A,WH-West,Standard,23,245.27,13,385.94,21,2,22,14,8104.74,5150.67,2954.07,1,0,2024-11
1000789,2024-11-01,Apparel,North,Supplier E,WH-East,Express,18,329.21,4,477.06,15,3,48,5,7155.9,4938.15,2217.75,1,1,2024-11
1001678,2024-11-01,Health & Beauty,North,Supplier B,WH-North,Standard,1,187.24,4,267.45,1,0,57,3,267.45,187.24,80.21,0,1,2024-11
1000773,2024-11-01,Health & Beauty,East,Supplier C,WH-South,Standard,2,253.34,6,305.78,1,1,24,5,305.78,253.34,52.44,1,1,2024-11
1001862,2024-11-02,Office Supplies,South,Supplier B,WH-West,Express,13,103.63,13,156.85,11,2,39,11,1725.35,1139.93,585.42,1,0,2024-11
1003815,2024-11-02,Health & Beauty,East,Supplier B,WH-South,Standard,16,424.49,7,572.34,16,0,72,7,9157.44,6791.84,2365.6,0,1,2024-11
1003030,2024-11-02,Office Supplies,West,Supplier B,WH-West,Standard,22,403.89,12,601.36,21,1,61,10,12628.56,8481.69,4146.87,1,1,2024-11
1002938,2024-11-02,Health & Beauty,North,Supplier B,WH-South,Standard,12,121.75,16,160.54,10,2,39,16,1605.4,1217.5,387.9,1,0,2024-11
1005109,2024-11-03,Electronics,South,Supplier E,WH-North,Standard,22,155.46,5,201.91,18,4,67,4,3634.38,2798.28,836.1,1,1,2024-11
1002009,2024-11-03,Home & Kitchen,West,Supplier D,WH-South,Standard,8,45.09,2,64.95,6,2,11,2,389.7,270.54,119.16,1,1,2024-11
1004179,2024-11-03,Office Supplies,South,Supplier C,WH-South,Standard,3,183.12,5,234.45,3,0,57,7,703.35,549.36,153.99,0,1,2024-11
1002470,2024-11-03,Electronics,West,Supplier A,WH-East,Standard,7,123.66,17,197.75,7,0,15,17,1384.25,865.62,518.63,0,0,2024-11
1005241,2024-11-03,Health & Beauty,North,Supplier A,WH-East,Standard,4,29.02,14,37.68,4,0,34,12,150.72,116.08,34.64,0,1,2024-11
1000794,2024-11-03,Apparel,South,Supplier B,WH-South,Standard,17,124.3,6,164.77,17,0,56,8,2801.09,2113.1,687.99,0,1,2024-11
1005174,2024-11-03,Electronics,East,Supplier C,WH-West,Express,6,377.66,3,607.91,6,0,11,2,3647.46,2265.96,1381.5,0,1,2024-11
1001859,2024-11-04,Home & Kitchen,West,Supplier A,WH-West,Standard,22,315.38,7,396.46,19,3,20,8,7532.74,5992.22,1540.52,1,1,2024-11
1004331,2024-11-04,Electronics,West,Supplier C,WH-West,Standard,13,206.44,13,295.85,13,0,40,11,3846.05,2683.72,1162.33,0,1,2024-11
1001739,2024-11-04,Electronics,South,Supplier B,WH-West,Standard,10,422.97,6,499.36,10,0,30,6,4993.6,4229.7,763.9,0,1,2024-11
1004961,2024-11-04,Home & Kitchen,South,Supplier B,WH-East,Standard,4,362.13,5,588.83,3,1,44,4,1766.49,1086.39,680.1,1,1,2024-11
1000020,2024-11-04,Electronics,East,Supplier C,WH-West,Standard,23,69.54,15,92.42,18,5,11,15,1663.56,1251.72,411.84,1,0,2024-11
1001143,2024-11-04,Home & Kitchen,North,Supplier E,WH-West,Standard,12,84.85,12,105.08,11,1,71,14,1155.88,933.35,222.53,1,0,2024-11
1001795,2024-11-05,Electronics,South,Supplier E,WH-North,Standard,12,271.77,10,345.84,10,2,46,12,3458.4,2717.7,740.7,1,1,2024-11
1004131,2024-11-05,Electronics,North,Supplier C,WH-South,Standard,17,87.08,7,140.19,17,0,73,9,2383.23,1480.36,902.87,0,1,2024-11
1001353,2024-11-05,Home & Kitchen,North,Supplier C,WH-North,Standard,22,172.28,16,226.53,22,0,17,18,4983.66,3790.16,1193.5,0,0,2024-11
1001526,2024-11-05,Electronics,North,Supplier A,WH-West,Standard,12,266.17,16,336.65,11,1,41,16,3703.15,2927.87,775.28,1,0,2024-11
1005837,2024-11-05,Office Supplies,West,Supplier B,WH-North,Standard,22,73.07,8,98.92,20,2,20,7,1978.4,1461.4,517.0,1,1,2024-11
1005074,2024-11-05,Office Supplies,West,Supplier B,WH-North,Standard,24,388.08,17,536.62,23,1,42,17,12342.26,8925.84,3416.42,1,0,2024-11
1003942,2024-11-06,Home & Kitchen,West,Supplier D,WH-West,Standard,12,448.11,5,639.59,12,0,46,5,7675.08,5377.32,2297.76,0,1,2024-11
1004506,2024-11-06,Health & Beauty,South,Supplier A,WH-West,Standard,19,44.4,15,62.92,16,3,75,14,1006.72,710.4,296.32,1,0,2024-11
1003317,2024-11-06,Home & Kitchen,South,Supplier E,WH-East,Express,18,294.08,9,427.7,17,1,39,8,7270.9,4999.36,2271.54,1,0,2024-11
1002275,2024-11-06,Apparel,West,Supplier B,WH-North,Standard,11,373.86,4,497.13,10,1,17,5,4971.3,3738.6,1232.7,1,1,2024-11
1002324,2024-11-06,Home & Kitchen,North,Supplier D,WH-North,Standard,15,23.33,12,32.25,13,2,51,13,419.25,303.29,115.96,1,0,2024-11
1001468,2024-11-06,Electronics,East,Supplier C,WH-North,Express,21,222.17,4,377.06,20,1,32,2,7541.2,4443.4,3097.8,1,1,2024-11
1005638,2024-11-06,Office Supplies,East,Supplier B,WH-South,Standard,12,358.33,7,445.39,11,1,63,6,4899.29,3941.63,957.66,1,1,2024-11
1005348,2024-11-06,Home & Kitchen,South,Supplier B,WH-South,Standard,18,143.71,10,215.69,15,3,46,9,3235.35,2155.65,1079.7,1,1,2024-11
1002023,2024-11-06,Electronics,North,Supplier D,WH-West,Standard,7,350.67,5,430.32,7,0,78,4,3012.24,2454.69,557.55,0,1,2024-11
1000882,2024-11-07,Office Supplies,North,Supplier A,WH-East,Express,18,93.8,6,120.67,17,1,51,6,2051.39,1594.6,456.79,1,0,2024-11
1001868,2024-11-07,Health & Beauty,South,Supplier B,WH-West,Standard,16,349.73,9,423.17,15,1,39,9,6347.55,5245.95,1101.6,1,1,2024-11
1004498,2024-11-07,Apparel,North,Supplier B,WH-East,Express,3,359.6,13,587.67,3,0,61,15,1763.01,1078.8,684.21,0,0,2024-11
1002150,2024-11-07,Electronics,East,Supplier D,WH-North,Express,2,103.4,14,177.36,2,0,53,12,354.72,206.8,147.92,0,0,2024-11
1001360,2024-11-07,Apparel,North,Supplier D,WH-North,Express,19,323.61,17,497.19,17,2,69,16,8452.23,5501.37,2950.86,1,0,2024-11
1001147,2024-11-08,Home & Kitchen,South,Supplier C,WH-South,Standard,14,163.13,8,247.36,14,0,40,7,3463.04,2283.82,1179.22,0,1,2024-11
1005979,2024-11-08,Home & Kitchen,South,Supplier C,WH-North,Standard,18,209.12,5,304.34,17,1,33,7,5173.78,3555.04,1618.74,1,1,2024-11
1001955,2024-11-08,Electronics,North,Supplier C,WH-West,Express,14,297.28,11,347.21,14,0,71,9,4860.94,4161.92,699.02,0,0,2024-11
1004230,2024-11-08,Health & Beauty,West,Supplier B,WH-West,Standard,23,177.85,12,284.25,22,1,46,11,6253.5,3912.7,2340.8,1,1,2024-11
1003621,2024-11-08,Office Supplies,East,Supplier A,WH-North,Standard,9,77.17,11,122.09,9,0,57,11,1098.81,694.53,404.28,0,1,2024-11
1004169,2024-11-08,Home & Kitchen,West,Supplier A,WH-North,Standard,6,287.79,12,389.55,6,0,33,14,2337.3,1726.74,610.56,0,0,2024-11
1002845,2024-11-08,Health & Beauty,West,Supplier B,WH-West,Standard,3,58.72,2,78.11,3,0,66,4,234.33,176.16,58.17,0,1,2024-11
1003756,2024-11-08,Electronics,South,Supplier A,WH-East,Standard,8,113.94,8,166.19,7,1,13,8,1163.33,797.58,365.75,1,1,2024-11
1005483,2024-11-08,Apparel,South,Supplier B,WH-East,Standard,11,24.61,12,28.69,11,0,40,10,315.59,270.71,44.88,0,1,2024-11
1002794,2024-11-08,Office Supplies,North,Supplier E,WH-West,Express,2,327.94,16,417.89,2,0,19,15,835.78,655.88,179.9,0,0,2024-11
1001229,2024-11-08,Office Supplies,South,Supplier B,WH-South,Express,21,153.61,11,218.99,19,2,30,11,4160.81,2918.59,1242.22,1,0,2024-11
1003062,2024-11-08,Apparel,West,Supplier B,WH-West,Standard,16,39.74,6,47.7,14,2,68,8,667.8,556.36,111.44,1,1,2024-11
1004704,2024-11-09,Electronics,South,Supplier A,WH-East,Standard,12,237.57,6,326.75,12,0,43,8,3921.0,2850.84,1070.16,0,1,2024-11
1001840,2024-11-09,Home & Kitchen,West,Supplier B,WH-North,Standard,10,314.05,8,383.86,10,0,24,8,3838.6,3140.5,698.1,0,1,2024-11
1004708,2024-11-09,Office Supplies,East,Supplier A,WH-West,Standard,13,288.05,15,335.77,13,0,74,15,4365.01,3744.65,620.36,0,0,2024-11
1004514,2024-11-09,Home & Kitchen,East,Supplier E,WH-East,Standard,24,262.83,17,353.3,20,4,17,17,7066.0,5256.6,1809.4,1,0,2024-11
1005559,2024-11-09,Office Supplies,West,Supplier A,WH-North,Express,5,251.38,10,439.01,4,1,63,8,1756.04,1005.52,750.52,1,0,2024-11
1004613,2024-11-09,Apparel,East,Supplier B,WH-South,Express,7,415.47,7,644.37,7,0,78,9,4510.59,2908.29,1602.3,0,0,2024-11
1000408,2024-11-09,Home & Kitchen,East,Supplier B,WH-North,Express,11,39.5,2,52.63,11,0,69,2,578.93,434.5,144.43,0,1,2024-11
1002679,2024-11-09,Electronics,East,Supplier A,WH-South,Express,18,363.94,11,491.26,14,4,57,9,6877.64,5095.16,1782.48,1,0,2024-11
1000029,2024-11-09,Office Supplies,South,Supplier E,WH-East,Standard,8,129.53,15,152.05,7,1,77,16,1064.35,906.71,157.64,1,0,2024-11
1002847,2024-11-09,Electronics,North,Supplier A,WH-East,Standard,3,188.03,10,281.93,3,0,56,11,845.79,564.09,281.7,0,1,2024-11
1004413,2024-11-09,Office Supplies,South,Supplier E,WH-East,Standard,11,185.64,10,306.75,9,2,61,10,2760.75,1670.76,1089.99,1,1,2024-11
1002735,2024-11-09,Apparel,West,Supplier C,WH-West,Express,2,144.77,2,206.63,2,0,10,2,413.26,289.54,123.72,0,1,2024-11
1003032,2024-11-09,Health & Beauty,South,Supplier B,WH-West,Standard,5,345.37,6,573.51,4,1,30,7,2294.04,1381.48,912.56,1,1,2024-11
1005796,2024-11-09,Office Supplies,East,Supplier B,WH-South,Standard,11,50.49,10,79.52,10,1,64,9,795.2,504.9,290.3,1,1,2024-11
1004869,2024-11-10,Apparel,West,Supplier A,WH-East,Standard,23,61.92,4,92.75,22,1,23,4,2040.5,1362.24,678.26,1,1,2024-11
1000929,2024-11-10,Health & Beauty,North,Supplier D,WH-East,Express,9,244.94,13,320.44,9,0,33,15,2883.96,2204.46,679.5,0,0,2024-11
1005136,2024-11-10,Home & Kitchen,South,Supplier C,WH-North,Express,7,362.67,11,614.22,6,1,10,12,3685.32,2176.02,1509.3,1,0,2024-11
1004352,2024-11-10,Health & Beauty,South,Supplier B,WH-East,Standard,18,307.84,8,453.03,18,0,66,7,8154.54,5541.12,2613.42,0,1,2024-11
1004205,2024-11-10,Health & Beauty,North,Supplier E,WH-East,Express,23,428.59,11,572.45,23,0,65,10,13166.35,9857.57,3308.78,0,0,2024-11
1004028,2024-11-10,Apparel,East,Supplier A,WH-East,Express,20,398.82,14,490.34,20,0,14,14,9806.8,7976.4,1830.4,0,0,2024-11
1000053,2024-11-11,Office Supplies,East,Supplier D,WH-South,Express,22,52.89,14,79.91,20,2,55,16,1598.2,1057.8,540.4,1,0,2024-11
1000701,2024-11-11,Home & Kitchen,West,Supplier B,WH-West,Express,18,305.52,17,494.82,17,1,43,15,8411.94,5193.84,3218.1,1,0,2024-11
1002330,2024-11-11,Office Supplies,North,Supplier E,WH-West,Same Day,15,436.11,8,548.89,13,2,74,9,7135.57,5669.43,1466.14,1,0,2024-11
1005733,2024-11-11,Apparel,West,Supplier C,WH-West,Standard,16,137.5,9,229.1,14,2,63,7,3207.4,1925.0,1282.4,1,1,2024-11
1005695,2024-11-11,Apparel,South,Supplier A,WH-South,Express,22,129.56,3,210.01,20,2,46,4,4200.2,2591.2,1609.0,1,1,2024-11
1001583,2024-11-11,Home & Kitchen,South,Supplier C,WH-South,Same Day,21,253.29,3,304.78,19,2,25,4,5790.82,4812.51,978.31,1,0,2024-11
1005531,2024-11-11,Apparel,East,Supplier C,WH-North,Express,13,367.05,8,566.03,13,0,14,10,7358.39,4771.65,2586.74,0,0,2024-11
1001817,2024-11-12,Apparel,West,Supplier B,WH-North,Standard,18,162.06,6,264.59,15,3,29,6,3968.85,2430.9,1537.95,1,1,2024-11
1004602,2024-11-12,Apparel,West,Supplier E,WH-East,Standard,15,39.4,8,54.32,13,2,18,7,706.16,512.2,193.96,1,1,2024-11
1005947,2024-11-12,Health & Beauty,West,Supplier D,WH-South,Standard,15,235.74,4,397.98,14,1,54,5,5571.72,3300.36,2271.36,1,1,2024-11
1005830,2024-11-12,Health & Beauty,West,Supplier A,WH-West,Standard,3,321.25,11,558.68,3,0,21,10,1676.04,963.75,712.29,0,1,2024-11
1004696,2024-11-12,Apparel,West,Supplier D,WH-West,Same Day,7,292.5,9,432.39,7,0,17,11,3026.73,2047.5,979.23,0,0,2024-11
1004103,2024-11-12,Health & Beauty,North,Supplier C,WH-East,Express,7,129.34,6,206.85,7,0,47,5,1447.95,905.38,542.57,0,1,2024-11
1005450,2024-11-12,Electronics,West,Supplier A,WH-South,Same Day,19,205.27,7,301.07,17,2,60,6,5118.19,3489.59,1628.6,1,0,2024-11
1004757,2024-11-13,Apparel,West,Supplier A,WH-North,Standard,21,438.33,9,706.21,20,1,11,11,14124.2,8766.6,5357.6,1,1,2024-11
1001590,2024-11-13,Apparel,West,Supplier E,WH-North,Standard,19,228.02,3,370.4,18,1,56,5,6667.2,4104.36,2562.84,1,1,2024-11
1004257,2024-11-13,Office Supplies,South,Supplier C,WH-West,Standard,10,118.2,5,154.98,8,2,17,7,1239.84,945.6,294.24,1,1,2024-11
1001480,2024-11-13,Home & Kitchen,East,Supplier C,WH-North,Standard,12,65.18,10,105.36,10,2,32,10,1053.6,651.8,401.8,1,1,2024-11
1004296,2024-11-13,Apparel,West,Supplier D,WH-West,Standard,15,44.95,2,75.76,14,1,11,1,1060.64,629.3,431.34,1,1,2024-11
1001920,2024-11-13,Home & Kitchen,West,Supplier A,WH-North,Express,10,52.31,16,77.83,9,1,57,16,700.47,470.79,229.68,1,0,2024-11
1001194,2024-11-13,Health & Beauty,North,Supplier D,WH-East,Standard,11,87.67,13,121.48,11,0,26,11,1336.28,964.37,371.91,0,1,2024-11
1003230,2024-11-13,Home & Kitchen,North,Supplier A,WH-East,Standard,9,83.25,9,125.39,9,0,55,11,1128.51,749.25,379.26,0,1,2024-11
1000187,2024-11-13,Apparel,West,Supplier B,WH-South,Standard,9,81.07,16,95.22,8,1,27,15,761.76,648.56,113.2,1,0,2024-11
1001007,2024-11-13,Electronics,South,Supplier B,WH-West,Express,2,192.06,4,232.19,2,0,65,5,464.38,384.12,80.26,0,1,2024-11
1001829,2024-11-13,Apparel,North,Supplier D,WH-East,Same Day,18,211.12,3,312.42,12,6,60,3,3749.04,2533.44,1215.6,1,0,2024-11
1001402,2024-11-13,Electronics,West,Supplier A,WH-South,Express,2,47.39,16,66.18,2,0,71,15,132.36,94.78,37.58,0,0,2024-11
1001831,2024-11-13,Health & Beauty,South,Supplier E,WH-North,Standard,4,318.27,13,371.17,4,0,28,13,1484.68,1273.08,211.6,0,0,2024-11
1001513,2024-11-14,Home & Kitchen,East,Supplier E,WH-North,Standard,1,126.47,14,210.62,1,0,14,15,210.62,126.47,84.15,0,0,2024-11
1004428,2024-11-14,Apparel,West,Supplier E,WH-South,Standard,5,192.61,8,251.24,4,1,28,10,1004.96,770.44,234.52,1,1,2024-11
1002728,2024-11-14,Home & Kitchen,West,Supplier A,WH-South,Same Day,8,293.09,16,484.14,8,0,51,16,3873.12,2344.72,1528.4,0,0,2024-11
1000999,2024-11-14,Electronics,North,Supplier A,WH-East,Standard,5,216.04,3,263.98,5,0,15,1,1319.9,1080.2,239.7,0,1,2024-11
1004503,2024-11-14,Electronics,East,Supplier E,WH-North,Express,17,57.37,13,91.22,17,0,66,13,1550.74,975.29,575.45,0,0,2024-11
1003531,2024-11-15,Electronics,South,Supplier A,WH-East,Standard,2,358.9,8,540.72,2,0,57,9,1081.44,717.8,363.64,0,1,2024-11
1000927,2024-11-15,Electronics,North,Supplier A,WH-North,Standard,22,145.31,13,167.69,20,2,19,14,3353.8,2906.2,447.6,1,0,2024-11
1000983,2024-11-15,Apparel,South,Supplier A,WH-North,Standard,16,360.38,13,600.84,14,2,34,12,8411.76,5045.32,3366.44,1,1,2024-11
1001017,2024-11-15,Home & Kitchen,East,Supplier A,WH-North,Standard,7,292.35,7,393.85,6,1,73,7,2363.1,1754.1,609.0,1,1,2024-11
1003120,2024-11-15,Office Supplies,North,Supplier D,WH-West,Standard,1,366.85,5,529.46,1,0,54,3,529.46,366.85,162.61,0,1,2024-11
1002546,2024-11-15,Electronics,South,Supplier B,WH-West,Standard,13,70.91,4,104.87,10,3,23,2,1048.7,709.1,339.6,1,1,2024-11
1001772,2024-11-15,Home & Kitchen,North,Supplier D,WH-East,Standard,7,159.93,11,209.55,7,0,47,10,1466.85,1119.51,347.34,0,1,2024-11
1002215,2024-11-15,Apparel,South,Supplier B,WH-East,Standard,12,54.65,6,66.9,11,1,51,6,735.9,601.15,134.75,1,1,2024-11
1002298,2024-11-16,Office Supplies,North,Supplier C,WH-West,Standard,17,247.02,8,417.64,16,1,78,6,6682.24,3952.32,2729.92,1,1,2024-11
1005190,2024-11-16,Home & Kitchen,East,Supplier A,WH-West,Same Day,10,153.19,3,266.45,9,1,38,3,2398.05,1378.71,1019.34,1,0,2024-11
1000392,2024-11-16,Apparel,North,Supplier C,WH-South,Standard,3,296.46,13,398.42,3,0,61,13,1195.26,889.38,305.88,0,0,2024-11
1000998,2024-11-16,Electronics,North,Supplier E,WH-West,Standard,6,187.82,9,253.61,6,0,35,8,1521.66,1126.92,394.74,0,1,2024-11
1005713,2024-11-16,Home & Kitchen,East,Supplier E,WH-East,Express,6,16.11,16,27.62,2,4,62,18,55.24,32.22,23.02,1,0,2024-11
1005773,2024-11-16,Home & Kitchen,East,Supplier E,WH-South,Express,9,204.76,16,322.99,9,0,60,16,2906.91,1842.84,1064.07,0,0,2024-11
1003614,2024-11-16,Electronics,East,Supplier A,WH-West,Same Day,24,441.07,9,640.03,23,1,69,11,14720.69,10144.61,4576.08,1,0,2024-11
1003983,2024-11-17,Apparel,South,Supplier D,WH-East,Standard,1,108.24,14,181.6,1,0,59,16,181.6,108.24,73.36,0,0,2024-11
1005761,2024-11-17,Electronics,West,Supplier C,WH-East,Standard,8,65.01,3,100.45,8,0,53,3,803.6,520.08,283.52,0,1,2024-11
1000953,2024-11-17,Electronics,East,Supplier E,WH-North,Express,3,378.84,8,621.12,3,0,28,7,1863.36,1136.52,726.84,0,0,2024-11
1004291,2024-11-17,Health & Beauty,West,Supplier E,WH-East,Express,1,217.54,15,272.67,1,0,63,15,272.67,217.54,55.13,0,0,2024-11
1003597,2024-11-17,Home & Kitchen,East,Supplier E,WH-North,Standard,8,87.79,15,111.0,8,0,28,17,888.0,702.32,185.68,0,0,2024-11
1001594,2024-11-18,Health & Beauty,North,Supplier E,WH-West,Standard,23,140.28,11,187.06,20,3,54,9,3741.2,2805.6,935.6,1,1,2024-11
1000369,2024-11-18,Electronics,East,Supplier C,WH-North,Standard,17,142.45,13,194.53,16,1,40,13,3112.48,2279.2,833.28,1,0,2024-11
1001561,2024-11-18,Home & Kitchen,East,Supplier D,WH-North,Standard,5,379.21,4,615.64,5,0,68,6,3078.2,1896.05,1182.15,0,1,2024-11
1003517,2024-11-18,Office Supplies,North,Supplier C,WH-South,Express,2,216.7,10,358.71,2,0,54,10,717.42,433.4,284.02,0,0,2024-11
1004673,2024-11-18,Electronics,East,Supplier D,WH-West,Express,21,9.01,11,14.35,18,3,59,11,258.3,162.18,96.12,1,0,2024-11
1000364,2024-11-18,Apparel,East,Supplier B,WH-South,Express,13,320.89,7,453.2,13,0,67,9,5891.6,4171.57,1720.03,0,0,2024-11
1002119,2024-11-19,Office Supplies,North,Supplier A,WH-East,Standard,14,304.61,5,470.71,14,0,28,5,6589.94,4264.54,2325.4,0,1,2024-11
1003277,2024-11-19,Health & Beauty,North,Supplier E,WH-North,Standard,15,315.66,17,514.5,15,0,59,15,7717.5,4734.9,2982.6,0,0,2024-11
1001498,2024-11-19,Home & Kitchen,East,Supplier C,WH-North,Standard,19,305.44,14,395.2,16,3,44,15,6323.2,4887.04,1436.16,1,0,2024-11
1001090,2024-11-19,Electronics,South,Supplier B,WH-South,Standard,5,382.12,4,568.24,5,0,75,4,2841.2,1910.6,930.6,0,1,2024-11
1003157,2024-11-19,Home & Kitchen,East,Supplier B,WH-West,Standard,21,425.4,11,723.51,18,3,37,12,13023.18,7657.2,5365.98,1,1,2024-11
1001119,2024-11-19,Electronics,North,Supplier B,WH-East,Standard,9,109.94,17,128.82,9,0,12,18,1159.38,989.46,169.92,0,0,2024-11
1001667,2024-11-19,Office Supplies,North,Supplier C,WH-West,Same Day,21,426.78,14,680.34,18,3,68,14,12246.12,7682.04,4564.08,1,0,2024-11
1005948,2024-11-19,Apparel,South,Supplier D,WH-North,Standard,12,402.16,3,502.55,11,1,12,3,5528.05,4423.76,1104.29,1,1,2024-11
1004021,2024-11-19,Apparel,South,Supplier E,WH-North,Express,20,123.91,16,201.46,20,0,43,14,4029.2,2478.2,1551.0,0,0,2024-11
1002056,2024-11-19,Apparel,West,Supplier B,WH-South,Express,7,88.17,11,107.76,7,0,78,13,754.32,617.19,137.13,0,0,2024-11
1004609,2024-11-20,Electronics,South,Supplier C,WH-West,Express,4,124.7,3,153.39,4,0,26,3,613.56,498.8,114.76,0,1,2024-11
1004294,2024-11-20,Home & Kitchen,East,Supplier E,WH-South,Express,14,366.31,17,606.4,14,0,50,19,8489.6,5128.34,3361.26,0,0,2024-11
1003151,2024-11-20,Apparel,West,Supplier D,WH-North,Same Day,10,218.03,5,297.1,10,0,53,5,2971.0,2180.3,790.7,0,0,2024-11
1003670,2024-11-20,Electronics,East,Supplier C,WH-East,Standard,21,19.36,5,28.23,20,1,16,3,564.6,387.2,177.4,1,1,2024-11
1000489,2024-11-20,Apparel,East,Supplier B,WH-North,Standard,3,288.77,5,341.78,2,1,51,3,683.56,577.54,106.02,1,1,2024-11
1003376,2024-11-20,Health & Beauty,West,Supplier C,WH-South,Standard,21,424.17,15,736.12,20,1,42,15,14722.4,8483.4,6239.0,1,0,2024-11
1002106,2024-11-21,Health & Beauty,East,Supplier E,WH-North,Standard,16,417.67,7,707.29,15,1,44,7,10609.35,6265.05,4344.3,1,1,2024-11
1001651,2024-11-21,Home & Kitchen,North,Supplier B,WH-South,Standard,2,217.52,2,276.8,2,0,65,3,553.6,435.04,118.56,0,1,2024-11
1005885,2024-11-21,Apparel,South,Supplier A,WH-East,Standard,23,99.09,8,120.03,23,0,60,8,2760.69,2279.07,481.62,0,1,2024-11
1003744,2024-11-21,Electronics,South,Supplier B,WH-East,Standard,2,148.05,13,226.93,2,0,10,13,453.86,296.1,157.76,0,0,2024-11
1000244,2024-11-21,Home & Kitchen,South,Supplier E,WH-West,Standard,9,89.59,9,107.52,9,0,73,7,967.68,806.31,161.37,0,1,2024-11
1004096,2024-11-21,Health & Beauty,South,Supplier B,WH-South,Standard,23,57.71,9,79.63,22,1,69,7,1751.86,1269.62,482.24,1,1,2024-11
1005858,2024-11-21,Apparel,West,Supplier A,WH-North,Standard,19,164.0,3,204.3,18,1,62,3,3677.4,2952.0,725.4,1,1,2024-11
1000971,2024-11-21,Home & Kitchen,West,Supplier B,WH-North,Standard,3,291.46,17,401.04,3,0,53,17,1203.12,874.38,328.74,0,0,2024-11
1004339,2024-11-21,Apparel,North,Supplier E,WH-East,Standard,4,356.81,14,465.89,2,2,77,14,931.78,713.62,218.16,1,0,2024-11
1001189,2024-11-22,Apparel,East,Supplier E,WH-East,Standard,5,323.59,3,417.7,4,1,20,2,1670.8,1294.36,376.44,1,1,2024-11
1000624,2024-11-22,Home & Kitchen,West,Supplier A,WH-West,Standard,16,56.56,9,66.87,14,2,51,8,936.18,791.84,144.34,1,1,2024-11
1005453,2024-11-22,Apparel,South,Supplier A,WH-South,Express,19,417.69,17,685.21,17,2,31,15,11648.57,7100.73,4547.84,1,0,2024-11
1003105,2024-11-22,Electronics,North,Supplier C,WH-South,Standard,15,244.52,4,356.51,12,3,75,5,4278.12,2934.24,1343.88,1,1,2024-11
1004049,2024-11-22,Health & Beauty,South,Supplier C,WH-East,Standard,12,62.83,11,94.27,10,2,71,9,942.7,628.3,314.4,1,1,2024-11
1004004,2024-11-22,Office Supplies,North,Supplier C,WH-East,Express,14,322.67,5,558.72,13,1,48,5,7263.36,4194.71,3068.65,1,1,2024-11
1005706,2024-11-22,Home & Kitchen,West,Supplier C,WH-North,Standard,6,253.84,15,346.81,6,0,27,14,2080.86,1523.04,557.82,0,0,2024-11
1002864,2024-11-22,Office Supplies,East,Supplier A,WH-South,Express,24,84.49,16,139.79,22,2,42,17,3075.38,1858.78,1216.6,1,0,2024-11
1005058,2024-11-22,Office Supplies,North,Supplier A,WH-West,Standard,17,230.1,2,331.48,16,1,12,1,5303.68,3681.6,1622.08,1,1,2024-11
1003549,2024-11-22,Office Supplies,East,Supplier B,WH-East,Standard,15,102.71,8,159.44,14,1,23,6,2232.16,1437.94,794.22,1,1,2024-11
1005135,2024-11-23,Office Supplies,East,Supplier B,WH-South,Standard,18,348.63,15,498.37,15,3,61,16,7475.55,5229.45,2246.1,1,0,2024-11
1002092,2024-11-23,Home & Kitchen,West,Supplier C,WH-West,Standard,5,211.06,5,252.01,5,0,23,3,1260.05,1055.3,204.75,0,1,2024-11
1005130,2024-11-23,Office Supplies,East,Supplier D,WH-North,Standard,23,385.05,10,551.44,21,2,71,12,11580.24,8086.05,3494.19,1,1,2024-11
1005940,2024-11-23,Home & Kitchen,South,Supplier A,WH-West,Standard,16,377.6,14,630.74,12,4,34,14,7568.88,4531.2,3037.68,1,0,2024-11
1001231,2024-11-23,Home & Kitchen,North,Supplier E,WH-North,Standard,18,18.23,12,31.25,17,1,74,12,531.25,309.91,221.34,1,1,2024-11
1001577,2024-11-23,Electronics,North,Supplier D,WH-East,Express,8,255.41,14,433.74,8,0,71,16,3469.92,2043.28,1426.64,0,0,2024-11
1003732,2024-11-24,Office Supplies,South,Supplier B,WH-South,Standard,2,89.83,16,118.82,2,0,79,16,237.64,179.66,57.98,0,0,2024-11
1002409,2024-11-24,Electronics,South,Supplier D,WH-South,Express,22,324.16,2,400.64,20,2,28,4,8012.8,6483.2,1529.6,1,1,2024-11
1002556,2024-11-24,Apparel,South,Supplier A,WH-East,Standard,1,97.08,14,149.06,1,0,13,13,149.06,97.08,51.98,0,0,2024-11
1001555,2024-11-24,Electronics,West,Supplier A,WH-West,Standard,3,328.14,7,454.94,3,0,39,5,1364.82,984.42,380.4,0,1,2024-11
1001001,2024-11-24,Home & Kitchen,West,Supplier E,WH-West,Standard,15,47.36,9,77.12,13,2,12,10,1002.56,615.68,386.88,1,1,2024-11
1003512,2024-11-24,Apparel,West,Supplier A,WH-West,Standard,16,262.99,7,374.99,15,1,12,9,5624.85,3944.85,1680.0,1,1,2024-11
1001398,2024-11-25,Home & Kitchen,East,Supplier A,WH-West,Standard,21,65.0,13,83.25,20,1,60,11,1665.0,1300.0,365.0,1,1,2024-11
1004590,2024-11-25,Health & Beauty,South,Supplier E,WH-West,Standard,13,419.01,4,692.65,11,2,39,2,7619.15,4609.11,3010.04,1,1,2024-11
1000807,2024-11-25,Office Supplies,South,Supplier E,WH-West,Standard,17,274.78,6,391.66,15,2,43,8,5874.9,4121.7,1753.2,1,1,2024-11
1001253,2024-11-25,Health & Beauty,North,Supplier D,WH-West,Standard,3,10.39,11,12.25,3,0,32,12,36.75,31.17,5.58,0,1,2024-11
1001530,2024-11-25,Electronics,East,Supplier A,WH-South,Standard,10,390.75,15,674.05,7,3,69,13,4718.35,2735.25,1983.1,1,0,2024-11
1000689,2024-11-25,Electronics,South,Supplier B,WH-East,Same Day,5,152.02,14,210.54,5,0,55,15,1052.7,760.1,292.6,0,0,2024-11
1000168,2024-11-26,Electronics,South,Supplier A,WH-East,Standard,21,307.75,7,376.88,20,1,66,5,7537.6,6155.0,1382.6,1,1,2024-11
1003847,2024-11-26,Electronics,East,Supplier D,WH-East,Standard,15,307.08,17,467.05,13,2,54,19,6071.65,3992.04,2079.61,1,0,2024-11
1004806,2024-11-26,Health & Beauty,North,Supplier D,WH-South,Express,3,365.77,13,445.45,1,2,74,12,445.45,365.77,79.68,1,0,2024-11
1003920,2024-11-26,Home & Kitchen,East,Supplier C,WH-North,Standard,20,98.02,3,134.77,19,1,57,2,2560.63,1862.38,698.25,1,1,2024-11
1005725,2024-11-26,Home & Kitchen,East,Supplier D,WH-North,Express,1,24.93,17,32.37,1,0,49,15,32.37,24.93,7.44,0,0,2024-11
1005582,2024-11-26,Apparel,West,Supplier D,WH-North,Standard,5,86.82,7,114.49,4,1,68,6,457.96,347.28,110.68,1,1,2024-11
1002070,2024-11-26,Home & Kitchen,North,Supplier A,WH-North,Standard,15,50.85,2,77.02,13,2,20,3,1001.26,661.05,340.21,1,1,2024-11
1003818,2024-11-26,Apparel,West,Supplier E,WH-East,Express,16,17.57,6,29.25,15,1,56,6,438.75,263.55,175.2,1,0,2024-11
1004246,2024-11-26,Health & Beauty,West,Supplier C,WH-North,Same Day,4,76.14,8,113.82,3,1,70,7,341.46,228.42,113.04,1,0,2024-11
1004415,2024-11-26,Home & Kitchen,North,Supplier A,WH-North,Same Day,17,264.67,4,354.06,14,3,37,5,4956.84,3705.38,1251.46,1,0,2024-11
1000012,2024-11-26,Electronics,West,Supplier C,WH-West,Standard,6,361.19,15,461.38,4,2,56,13,1845.52,1444.76,400.76,1,0,2024-11
1003936,2024-11-27,Apparel,West,Supplier C,WH-South,Standard,21,114.81,17,188.05,19,2,75,16,3572.95,2181.39,1391.56,1,0,2024-11
1001566,2024-11-27,Home & Kitchen,North,Supplier C,WH-East,Express,20,121.9,17,204.14,18,2,53,19,3674.52,2194.2,1480.32,1,0,2024-11
1003168,2024-11-27,Electronics,South,Supplier C,WH-West,Standard,10,324.59,2,415.51,8,2,56,1,3324.08,2596.72,727.36,1,1,2024-11
1003255,2024-11-27,Apparel,East,Supplier B,WH-North,Express,22,293.49,8,499.31,20,2,45,8,9986.2,5869.8,4116.4,1,0,2024-11
1001877,2024-11-27,Office Supplies,North,Supplier D,WH-North,Standard,13,339.08,7,429.99,10,3,39,9,4299.9,3390.8,909.1,1,1,2024-11
1005797,2024-11-27,Apparel,East,Supplier E,WH-South,Standard,2,354.92,12,439.9,2,0,38,14,879.8,709.84,169.96,0,0,2024-11
1003287,2024-11-27,Office Supplies,East,Supplier A,WH-North,Express,12,208.83,3,336.8,11,1,15,4,3704.8,2297.13,1407.67,1,1,2024-11
1003921,2024-11-28,Health & Beauty,North,Supplier A,WH-North,Standard,24,278.81,14,392.78,21,3,58,16,8248.38,5855.01,2393.37,1,0,2024-11
1005597,2024-11-28,Home & Kitchen,West,Supplier A,WH-North,Standard,2,335.27,17,556.1,2,0,56,18,1112.2,670.54,441.66,0,0,2024-11
1004667,2024-11-28,Home & Kitchen,West,Supplier E,WH-East,Express,9,246.84,15,388.96,8,1,42,17,3111.68,1974.72,1136.96,1,0,2024-11
1003247,2024-11-28,Electronics,North,Supplier C,WH-East,Standard,4,367.93,11,532.93,4,0,32,11,2131.72,1471.72,660.0,0,1,2024-11
1001972,2024-11-29,Electronics,North,Supplier E,WH-West,Standard,20,272.43,14,319.72,18,2,10,12,5754.96,4903.74,851.22,1,1,2024-11
1005564,2024-11-29,Home & Kitchen,East,Supplier A,WH-North,Standard,19,330.25,8,440.8,18,1,44,7,7934.4,5944.5,1989.9,1,1,2024-11
1005985,2024-11-29,Apparel,East,Supplier B,WH-East,Standard,11,299.91,17,451.24,11,0,39,19,4963.64,3299.01,1664.63,0,0,2024-11
1003126,2024-11-29,Apparel,East,Supplier B,WH-West,Standard,24,391.52,11,569.35,21,3,73,9,11956.35,8221.92,3734.43,1,1,2024-11
1001009,2024-11-29,Apparel,South,Supplier E,WH-West,Standard,24,120.7,11,171.21,22,2,16,9,3766.62,2655.4,1111.22,1,1,2024-11
1001915,2024-11-29,Home & Kitchen,South,Supplier B,WH-North,Standard,3,94.28,7,116.38,3,0,68,6,349.14,282.84,66.3,0,1,2024-11
1002122,2024-11-29,Office Supplies,South,Supplier C,WH-West,Standard,6,370.36,5,594.04,6,0,78,5,3564.24,2222.16,1342.08,0,1,2024-11
1000798,2024-11-30,Home & Kitchen,South,Supplier B,WH-North,Standard,5,301.27,14,419.15,5,0,45,16,2095.75,1506.35,589.4,0,0,2024-11
1004460,2024-11-30,Health & Beauty,East,Supplier A,WH-East,Express,23,441.93,7,669.18,23,0,24,5,15391.14,10164.39,5226.75,0,1,2024-11
1005388,2024-11-30,Health & Beauty,West,Supplier A,WH-East,Standard,13,367.13,8,428.87,13,0,15,8,5575.31,4772.69,802.62,0,1,2024-11
1001429,2024-11-30,Home & Kitchen,South,Supplier C,WH-South,Standard,21,348.56,4,495.72,20,1,27,4,9914.4,6971.2,2943.2,1,1,2024-11
1004662,2024-11-30,Electronics,North,Supplier A,WH-East,Standard,21,200.02,15,336.63,16,5,27,15,5386.08,3200.32,2185.76,1,0,2024-11
1000791,2024-11-30,Office Supplies,South,Supplier C,WH-North,Same Day,7,302.41,3,358.48,6,1,25,5,2150.88,1814.46,336.42,1,0,2024-11
1001896,2024-11-30,Office Supplies,South,Supplier E,WH-West,Standard,19,271.79,15,467.51,18,1,17,17,8415.18,4892.22,3522.96,1,0,2024-11
1001660,2024-11-30,Health & Beauty,East,Supplier E,WH-East,Standard,10,148.94,16,252.51,9,1,21,17,2272.59,1340.46,932.13,1,0,2024-11
1004669,2024-11-30,Electronics,West,Supplier B,WH-North,Express,11,218.05,4,301.81,9,2,41,5,2716.29,1962.45,753.84,1,1,2024-11
1005659,2024-11-30,Office Supplies,East,Supplier A,WH-North,Standard,23,89.8,8,123.57,21,2,17,8,2594.97,1885.8,709.17,1,1,2024-11
1001602,2024-12-01,Health & Beauty,South,Supplier D,WH-South,Standard,7,281.16,6,329.42,7,0,22,7,2305.94,1968.12,337.82,0,1,2024-12
1000492,2024-12-01,Apparel,East,Supplier B,WH-North,Standard,18,141.31,7,247.12,18,0,13,8,4448.16,2543.58,1904.58,0,1,2024-12
1004211,2024-12-01,Apparel,East,Supplier C,WH-South,Standard,2,305.77,11,360.06,2,0,54,11,720.12,611.54,108.58,0,1,2024-12
1005756,2024-12-01,Office Supplies,East,Supplier D,WH-South,Standard,14,127.21,9,171.14,14,0,41,10,2395.96,1780.94,615.02,0,1,2024-12
1004749,2024-12-01,Apparel,North,Supplier E,WH-North,Express,12,443.01,6,566.13,11,1,19,6,6227.43,4873.11,1354.32,1,0,2024-12
1002364,2024-12-01,Home & Kitchen,North,Supplier B,WH-East,Same Day,15,134.34,9,200.17,13,2,24,9,2602.21,1746.42,855.79,1,0,2024-12
1002717,2024-12-01,Office Supplies,West,Supplier C,WH-East,Standard,2,25.91,12,31.66,2,0,57,11,63.32,51.82,11.5,0,1,2024-12
1002010,2024-12-01,Apparel,South,Supplier D,WH-North,Express,6,429.43,10,516.57,5,1,16,10,2582.85,2147.15,435.7,1,0,2024-12
1002113,2024-12-01,Office Supplies,North,Supplier D,WH-South,Standard,20,101.13,12,173.09,18,2,15,13,3115.62,1820.34,1295.28,1,0,2024-12
1004635,2024-12-01,Office Supplies,East,Supplier C,WH-South,Standard,14,362.4,10,464.89,13,1,65,8,6043.57,4711.2,1332.37,1,1,2024-12
1005827,2024-12-02,Home & Kitchen,East,Supplier D,WH-East,Standard,12,30.65,3,50.62,11,1,51,5,556.82,337.15,219.67,1,1,2024-12
1005443,2024-12-02,Health & Beauty,East,Supplier D,WH-South,Standard,15,440.34,11,703.2,14,1,39,11,9844.8,6164.76,3680.04,1,1,2024-12
1005126,2024-12-02,Electronics,South,Supplier A,WH-West,Standard,12,447.67,3,622.72,11,1,43,1,6849.92,4924.37,1925.55,1,1,2024-12
1003625,2024-12-02,Office Supplies,South,Supplier A,WH-South,Standard,13,417.5,9,523.81,12,1,42,9,6285.72,5010.0,1275.72,1,1,2024-12
1004182,2024-12-02,Home & Kitchen,West,Supplier D,WH-West,Standard,11,186.4,11,311.31,11,0,34,11,3424.41,2050.4,1374.01,0,1,2024-12
1000860,2024-12-02,Electronics,East,Supplier E,WH-West,Standard,19,195.81,2,306.09,17,2,12,1,5203.53,3328.77,1874.76,1,1,2024-12
1003514,2024-12-02,Apparel,South,Supplier E,WH-East,Standard,11,9.09,2,12.21,11,0,61,1,134.31,99.99,34.32,0,1,2024-12
1002552,2024-12-02,Electronics,South,Supplier A,WH-West,Standard,17,147.68,12,226.78,17,0,15,11,3855.26,2510.56,1344.7,0,1,2024-12
1004417,2024-12-03,Health & Beauty,East,Supplier A,WH-East,Standard,13,28.17,8,33.34,12,1,55,8,400.08,338.04,62.04,1,1,2024-12
1000300,2024-12-03,Home & Kitchen,West,Supplier A,WH-West,Standard,19,124.02,13,178.43,16,3,61,13,2854.88,1984.32,870.56,1,0,2024-12
1003031,2024-12-03,Office Supplies,East,Supplier C,WH-West,Same Day,14,114.37,9,178.48,14,0,48,9,2498.72,1601.18,897.54,0,0,2024-12
1000090,2024-12-03,Health & Beauty,South,Supplier E,WH-South,Express,11,278.01,11,457.69,10,1,29,13,4576.9,2780.1,1796.8,1,0,2024-12
1000257,2024-12-03,Electronics,North,Supplier A,WH-North,Standard,19,174.99,13,202.19,17,2,36,15,3437.23,2974.83,462.4,1,0,2024-12
1004281,2024-12-03,Home & Kitchen,East,Supplier A,WH-East,Standard,5,336.62,8,486.9,5,0,23,8,2434.5,1683.1,751.4,0,1,2024-12
1005002,2024-12-03,Apparel,West,Supplier A,WH-East,Standard,5,423.2,14,606.53,5,0,60,14,3032.65,2116.0,916.65,0,0,2024-12
1004422,2024-12-03,Home & Kitchen,West,Supplier A,WH-South,Express,23,77.88,10,128.27,21,2,78,9,2693.67,1635.48,1058.19,1,0,2024-12
1002461,2024-12-03,Office Supplies,North,Supplier A,WH-East,Same Day,4,59.71,12,90.29,4,0,75,11,361.16,238.84,122.32,0,0,2024-12
1005155,2024-12-03,Apparel,East,Supplier E,WH-North,Standard,15,255.65,10,412.85,15,0,74,10,6192.75,3834.75,2358.0,0,1,2024-12
1001773,2024-12-03,Apparel,West,Supplier B,WH-North,Standard,2,392.14,3,475.11,2,0,41,3,950.22,784.28,165.94,0,1,2024-12
1003864,2024-12-04,Apparel,West,Supplier B,WH-North,Same Day,22,434.62,16,708.19,21,1,74,16,14871.99,9127.02,5744.97,1,0,2024-12
1004207,2024-12-04,Electronics,North,Supplier B,WH-North,Standard,11,105.66,7,130.08,11,0,76,7,1430.88,1162.26,268.62,0,1,2024-12
1000616,2024-12-04,Apparel,South,Supplier B,WH-West,Standard,14,166.42,17,258.07,14,0,63,16,3612.98,2329.88,1283.1,0,0,2024-12
1005687,2024-12-04,Health & Beauty,East,Supplier B,WH-North,Standard,3,424.11,14,587.15,2,1,35,15,1174.3,848.22,326.08,1,0,2024-12
1001405,2024-12-04,Apparel,South,Supplier A,WH-South,Express,24,147.47,6,254.43,21,3,60,6,5343.03,3096.87,2246.16,1,0,2024-12
1004643,2024-12-04,Apparel,North,Supplier B,WH-East,Standard,17,182.96,8,245.28,16,1,37,8,3924.48,2927.36,997.12,1,1,2024-12
1004848,2024-12-04,Apparel,South,Supplier B,WH-North,Standard,21,381.91,12,505.97,20,1,76,13,10119.4,7638.2,2481.2,1,0,2024-12
1005788,2024-12-05,Apparel,West,Supplier C,WH-East,Standard,8,187.36,16,263.94,8,0,53,14,2111.52,1498.88,612.64,0,0,2024-12
1004777,2024-12-05,Electronics,North,Supplier C,WH-West,Standard,21,39.61,2,69.19,20,1,20,1,1383.8,792.2,591.6,1,1,2024-12
1004178,2024-12-05,Electronics,South,Supplier B,WH-South,Standard,16,114.73,10,190.15,16,0,24,11,3042.4,1835.68,1206.72,0,1,2024-12
1001489,2024-12-05,Electronics,South,Supplier E,WH-East,Standard,24,317.26,3,436.02,22,2,17,5,9592.44,6979.72,2612.72,1,1,2024-12
1004778,2024-12-05,Home & Kitchen,North,Supplier D,WH-East,Standard,16,22.19,13,31.84,14,2,34,11,445.76,310.66,135.1,1,1,2024-12
1000058,2024-12-05,Electronics,West,Supplier E,WH-East,Express,6,307.53,16,517.96,6,0,37,15,3107.76,1845.18,1262.58,0,0,2024-12
1000167,2024-12-05,Office Supplies,West,Supplier B,WH-North,Standard,21,285.41,15,330.72,18,3,34,13,5952.96,5137.38,815.58,1,0,2024-12
1004935,2024-12-05,Office Supplies,East,Supplier E,WH-East,Standard,24,169.69,9,199.96,23,1,64,7,4599.08,3902.87,696.21,1,1,2024-12
1005704,2024-12-06,Electronics,North,Supplier B,WH-West,Standard,21,197.5,15,236.78,21,0,63,17,4972.38,4147.5,824.88,0,0,2024-12
1003438,2024-12-06,Electronics,West,Supplier A,WH-North,Express,16,97.47,16,148.96,16,0,71,14,2383.36,1559.52,823.84,0,0,2024-12
1003228,2024-12-06,Apparel,North,Supplier D,WH-South,Standard,13,410.12,14,599.1,10,3,35,13,5991.0,4101.2,1889.8,1,0,2024-12
1000475,2024-12-06,Apparel,South,Supplier E,WH-East,Standard,19,237.54,13,386.61,15,4,48,13,5799.15,3563.1,2236.05,1,0,2024-12
1002013,2024-12-06,Office Supplies,North,Supplier D,WH-North,Standard,4,129.76,11,149.25,3,1,36,11,447.75,389.28,58.47,1,1,2024-12
1002316,2024-12-06,Office Supplies,South,Supplier B,WH-West,Express,7,263.82,8,445.27,7,0,56,8,3116.89,1846.74,1270.15,0,0,2024-12
1004382,2024-12-06,Home & Kitchen,West,Supplier D,WH-East,Express,7,220.27,15,351.13,7,0,16,17,2457.91,1541.89,916.02,0,0,2024-12
1004482,2024-12-06,Office Supplies,East,Supplier C,WH-North,Express,19,297.48,2,474.93,17,2,57,1,8073.81,5057.16,3016.65,1,1,2024-12
1002329,2024-12-07,Office Supplies,North,Supplier E,WH-North,Express,1,312.65,2,447.26,1,0,27,2,447.26,312.65,134.61,0,1,2024-12
1000557,2024-12-07,Office Supplies,North,Supplier E,WH-South,Standard,11,359.34,10,502.5,11,0,74,8,5527.5,3952.74,1574.76,0,1,2024-12
1000620,2024-12-07,Home & Kitchen,North,Supplier A,WH-West,Standard,18,386.98,2,638.58,15,3,27,1,9578.7,5804.7,3774.0,1,1,2024-12
1001322,2024-12-07,Health & Beauty,North,Supplier B,WH-East,Standard,16,234.65,10,286.77,15,1,47,9,4301.55,3519.75,781.8,1,1,2024-12
1002809,2024-12-07,Health & Beauty,East,Supplier A,WH-West,Standard,5,416.46,6,568.64,5,0,13,7,2843.2,2082.3,760.9,0,1,2024-12
1002258,2024-12-07,Office Supplies,North,Supplier E,WH-West,Standard,6,272.68,6,343.08,6,0,56,5,2058.48,1636.08,422.4,0,1,2024-12
1005207,2024-12-07,Apparel,North,Supplier C,WH-West,Standard,22,294.79,10,384.95,22,0,70,9,8468.9,6485.38,1983.52,0,1,2024-12
1004108,2024-12-07,Apparel,North,Supplier B,WH-North,Standard,18,42.91,9,50.57,18,0,70,11,910.26,772.38,137.88,0,1,2024-12
1000410,2024-12-07,Office Supplies,South,Supplier D,WH-West,Express,20,283.67,13,429.25,18,2,58,15,7726.5,5106.06,2620.44,1,0,2024-12
1001183,2024-12-07,Electronics,North,Supplier B,WH-North,Same Day,5,133.25,9,168.33,5,0,48,8,841.65,666.25,175.4,0,0,2024-12
1004889,2024-12-08,Apparel,West,Supplier E,WH-South,Standard,12,264.76,6,342.05,10,2,38,4,3420.5,2647.6,772.9,1,1,2024-12
1003270,2024-12-08,Home & Kitchen,South,Supplier D,WH-West,Standard,20,13.0,14,16.1,19,1,65,14,305.9,247.0,58.9,1,0,2024-12
1005024,2024-12-08,Home & Kitchen,South,Supplier C,WH-South,Express,8,135.59,9,220.77,7,1,25,7,1545.39,949.13,596.26,1,0,2024-12
1003431,2024-12-08,Electronics,West,Supplier C,WH-East,Express,10,117.13,7,177.39,8,2,21,9,1419.12,937.04,482.08,1,0,2024-12
1004113,2024-12-08,Home & Kitchen,West,Supplier C,WH-West,Standard,6,197.01,7,318.21,6,0,51,7,1909.26,1182.06,727.2,0,1,2024-12
1003165,2024-12-08,Health & Beauty,East,Supplier E,WH-East,Standard,1,375.85,12,588.49,1,0,27,12,588.49,375.85,212.64,0,1,2024-12
1003667,2024-12-08,Apparel,North,Supplier A,WH-North,Express,7,137.41,10,171.19,5,2,56,10,855.95,687.05,168.9,1,0,2024-12
1002105,2024-12-08,Electronics,West,Supplier B,WH-South,Standard,10,129.31,5,152.57,9,1,30,4,1373.13,1163.79,209.34,1,1,2024-12
1003235,2024-12-09,Health & Beauty,West,Supplier A,WH-South,Standard,20,234.78,14,333.31,19,1,29,12,6332.89,4460.82,1872.07,1,1,2024-12
1002897,2024-12-09,Electronics,South,Supplier C,WH-East,Standard,11,446.95,9,754.75,11,0,75,11,8302.25,4916.45,3385.8,0,1,2024-12
1001506,2024-12-09,Electronics,West,Supplier C,WH-East,Standard,17,65.74,17,114.71,17,0,36,17,1950.07,1117.58,832.49,0,0,2024-12
1002072,2024-12-09,Electronics,West,Supplier E,WH-South,Standard,6,76.67,4,106.54,6,0,43,5,639.24,460.02,179.22,0,1,2024-12
1000021,2024-12-09,Electronics,West,Supplier E,WH-North,Standard,18,381.84,4,604.49,17,1,70,6,10276.33,6491.28,3785.05,1,1,2024-12
1005872,2024-12-09,Office Supplies,East,Supplier E,WH-East,Standard,11,268.16,9,376.44,11,0,57,9,4140.84,2949.76,1191.08,0,1,2024-12
1003388,2024-12-09,Health & Beauty,West,Supplier E,WH-South,Standard,8,92.57,14,127.9,8,0,62,13,1023.2,740.56,282.64,0,0,2024-12
1001764,2024-12-09,Electronics,South,Supplier C,WH-North,Standard,23,338.52,11,517.46,23,0,43,9,11901.58,7785.96,4115.62,0,1,2024-12
1001515,2024-12-09,Health & Beauty,West,Supplier B,WH-South,Standard,24,151.19,14,231.63,23,1,22,16,5327.49,3477.37,1850.12,1,0,2024-12
1000101,2024-12-09,Office Supplies,West,Supplier A,WH-West,Standard,19,20.8,5,31.93,18,1,38,7,574.74,374.4,200.34,1,1,2024-12
1002398,2024-12-10,Apparel,North,Supplier E,WH-West,Standard,19,324.49,15,427.19,19,0,76,15,8116.61,6165.31,1951.3,0,0,2024-12
1002034,2024-12-10,Apparel,East,Supplier B,WH-South,Standard,4,166.99,7,291.4,3,1,54,9,874.2,500.97,373.23,1,1,2024-12
1004308,2024-12-10,Electronics,North,Supplier E,WH-South,Standard,21,57.7,12,85.64,21,0,39,10,1798.44,1211.7,586.74,0,1,2024-12
1002618,2024-12-10,Electronics,East,Supplier E,WH-West,Same Day,14,245.77,7,414.96,14,0,16,7,5809.44,3440.78,2368.66,0,0,2024-12
1005110,2024-12-10,Apparel,East,Supplier A,WH-South,Standard,7,75.43,13,127.92,7,0,13,13,895.44,528.01,367.43,0,0,2024-12
1005065,2024-12-10,Health & Beauty,North,Supplier D,WH-South,Standard,16,154.46,13,188.58,14,2,18,11,2640.12,2162.44,477.68,1,1,2024-12
1001611,2024-12-10,Office Supplies,North,Supplier B,WH-East,Standard,20,392.94,8,504.68,18,2,68,7,9084.24,7072.92,2011.32,1,1,2024-12
1002140,2024-12-10,Health & Beauty,North,Supplier C,WH-North,Standard,10,112.24,3,138.26,10,0,21,3,1382.6,1122.4,260.2,0,1,2024-12
1005338,2024-12-10,Apparel,South,Supplier D,WH-East,Standard,9,413.06,16,688.27,7,2,23,16,4817.89,2891.42,1926.47,1,0,2024-12
1001106,2024-12-11,Electronics,North,Supplier B,WH-South,Standard,1,318.28,12,488.68,1,0,41,11,488.68,318.28,170.4,0,1,2024-12
1000266,2024-12-11,Electronics,West,Supplier D,WH-East,Standard,14,180.23,17,278.42,13,1,17,18,3619.46,2342.99,1276.47,1,0,2024-12
1000249,2024-12-11,Electronics,West,Supplier D,WH-South,Express,6,229.36,15,343.19,6,0,55,15,2059.14,1376.16,682.98,0,0,2024-12
1000437,2024-12-11,Office Supplies,East,Supplier E,WH-South,Standard,21,220.78,15,336.98,16,5,71,15,5391.68,3532.48,1859.2,1,0,2024-12
1000056,2024-12-11,Home & Kitchen,North,Supplier D,WH-East,Standard,18,13.95,13,18.52,18,0,74,13,333.36,251.1,82.26,0,0,2024-12
1000844,2024-12-11,Home & Kitchen,South,Supplier C,WH-West,Express,18,393.93,14,466.33,16,2,65,15,7461.28,6302.88,1158.4,1,0,2024-12
1001134,2024-12-11,Home & Kitchen,North,Supplier A,WH-North,Express,14,56.82,12,88.55,12,2,28,10,1062.6,681.84,380.76,1,0,2024-12
1003194,2024-12-12,Health & Beauty,North,Supplier E,WH-South,Standard,20,251.29,4,426.06,19,1,11,2,8095.14,4774.51,3320.63,1,1,2024-12
1001159,2024-12-12,Office Supplies,North,Supplier B,WH-North,Standard,17,13.55,9,18.77,16,1,13,11,300.32,216.8,83.52,1,1,2024-12
1000171,2024-12-13,Home & Kitchen,West,Supplier D,WH-West,Standard,9,78.13,7,124.3,8,1,72,5,994.4,625.04,369.36,1,1,2024-12
1005987,2024-12-13,Home & Kitchen,South,Supplier E,WH-North,Standard,23,64.72,15,75.27,18,5,50,17,1354.86,1164.96,189.9,1,0,2024-12
1004692,2024-12-13,Electronics,East,Supplier A,WH-East,Standard,21,179.46,4,225.33,19,2,43,6,4281.27,3409.74,871.53,1,1,2024-12
1000696,2024-12-13,Electronics,East,Supplier D,WH-West,Same Day,9,413.82,14,542.91,8,1,32,13,4343.28,3310.56,1032.72,1,0,2024-12
1005712,2024-12-13,Office Supplies,East,Supplier B,WH-South,Standard,17,71.73,13,82.66,16,1,24,13,1322.56,1147.68,174.88,1,0,2024-12
1000764,2024-12-13,Apparel,North,Supplier C,WH-North,Standard,8,348.18,14,490.41,7,1,35,14,3432.87,2437.26,995.61,1,0,2024-12
1003186,2024-12-13,Electronics,West,Supplier B,WH-West,Standard,20,366.12,16,457.93,18,2,66,17,8242.74,6590.16,1652.58,1,0,2024-12
1005972,2024-12-13,Electronics,West,Supplier A,WH-West,Standard,7,87.41,12,125.55,7,0,13,14,878.85,611.87,266.98,0,0,2024-12
1000651,2024-12-13,Home & Kitchen,South,Supplier B,WH-West,Standard,21,264.08,11,315.99,19,2,24,9,6003.81,5017.52,986.29,1,1,2024-12
1002291,2024-12-13,Electronics,South,Supplier D,WH-South,Standard,18,326.34,15,479.76,16,2,37,15,7676.16,5221.44,2454.72,1,0,2024-12
1001591,2024-12-14,Home & Kitchen,North,Supplier A,WH-South,Standard,19,195.07,4,245.24,19,0,42,6,4659.56,3706.33,953.23,0,1,2024-12
1003527,2024-12-14,Home & Kitchen,East,Supplier D,WH-East,Standard,24,422.38,8,548.2,23,1,35,7,12608.6,9714.74,2893.86,1,1,2024-12
1005106,2024-12-14,Home & Kitchen,East,Supplier A,WH-South,Express,18,260.68,15,327.25,16,2,59,13,5236.0,4170.88,1065.12,1,0,2024-12
1000246,2024-12-14,Electronics,North,Supplier B,WH-East,Standard,7,359.41,16,507.5,7,0,22,14,3552.5,2515.87,1036.63,0,0,2024-12
1001459,2024-12-14,Electronics,North,Supplier B,WH-South,Same Day,12,187.3,17,256.8,10,2,44,17,2568.0,1873.0,695.0,1,0,2024-12
1000352,2024-12-14,Office Supplies,West,Supplier A,WH-North,Standard,6,233.16,7,280.87,6,0,38,7,1685.22,1398.96,286.26,0,1,2024-12
1001747,2024-12-14,Electronics,South,Supplier B,WH-East,Standard,21,160.04,3,234.62,20,1,18,5,4692.4,3200.8,1491.6,1,1,2024-12
1003989,2024-12-14,Electronics,East,Supplier B,WH-North,Same Day,18,70.78,12,96.9,17,1,37,12,1647.3,1203.26,444.04,1,0,2024-12
1001227,2024-12-14,Home & Kitchen,East,Supplier B,WH-South,Same Day,2,327.25,3,534.2,2,0,24,3,1068.4,654.5,413.9,0,0,2024-12
1001019,2024-12-14,Electronics,East,Supplier D,WH-West,Standard,14,104.81,4,155.51,14,0,54,5,2177.14,1467.34,709.8,0,1,2024-12
1002782,2024-12-14,Apparel,South,Supplier E,WH-South,Standard,12,270.83,11,423.4,11,1,13,11,4657.4,2979.13,1678.27,1,1,2024-12
1002141,2024-12-15,Apparel,West,Supplier C,WH-East,Standard,7,185.68,10,255.83,5,2,39,12,1279.15,928.4,350.75,1,1,2024-12
1005496,2024-12-15,Health & Beauty,West,Supplier D,WH-South,Standard,7,343.06,12,402.46,7,0,20,12,2817.22,2401.42,415.8,0,1,2024-12
1002741,2024-12-15,Home & Kitchen,South,Supplier D,WH-West,Express,18,219.5,8,274.7,17,1,37,8,4669.9,3731.5,938.4,1,0,2024-12
1000424,2024-12-15,Health & Beauty,North,Supplier D,WH-North,Express,22,241.49,12,405.8,20,2,76,13,8116.0,4829.8,3286.2,1,0,2024-12
1002543,2024-12-15,Health & Beauty,South,Supplier A,WH-East,Standard,22,75.65,9,92.39,21,1,28,10,1940.19,1588.65,351.54,1,1,2024-12
1004965,2024-12-15,Home & Kitchen,West,Supplier D,WH-North,Standard,23,311.71,9,513.83,21,2,51,9,10790.43,6545.91,4244.52,1,1,2024-12
1000856,2024-12-15,Electronics,South,Supplier A,WH-South,Standard,10,426.11,11,575.01,9,1,52,11,5175.09,3834.99,1340.1,1,1,2024-12
1000940,2024-12-15,Home & Kitchen,North,Supplier C,WH-North,Standard,10,383.81,14,631.43,9,1,31,14,5682.87,3454.29,2228.58,1,0,2024-12
1000942,2024-12-15,Electronics,East,Supplier E,WH-East,Same Day,8,319.04,17,416.97,8,0,15,16,3335.76,2552.32,783.44,0,0,2024-12
1003310,2024-12-15,Home & Kitchen,South,Supplier E,WH-West,Standard,20,182.44,2,304.39,17,3,42,4,5174.63,3101.48,2073.15,1,1,2024-12
1004821,2024-12-16,Apparel,South,Supplier C,WH-North,Standard,21,141.64,17,239.28,20,1,28,17,4785.6,2832.8,1952.8,1,0,2024-12
1002144,2024-12-16,Home & Kitchen,West,Supplier A,WH-West,Standard,15,240.28,8,372.93,15,0,76,6,5593.95,3604.2,1989.75,0,1,2024-12
1002575,2024-12-16,Home & Kitchen,North,Supplier D,WH-West,Express,20,242.1,3,294.02,20,0,13,3,5880.4,4842.0,1038.4,0,1,2024-12
1005296,2024-12-16,Health & Beauty,South,Supplier A,WH-South,Standard,8,425.23,9,532.34,8,0,78,11,4258.72,3401.84,856.88,0,1,2024-12
1003960,2024-12-17,Home & Kitchen,West,Supplier C,WH-North,Standard,2,432.83,2,636.84,2,0,21,2,1273.68,865.66,408.02,0,1,2024-12
1002016,2024-12-17,Office Supplies,West,Supplier B,WH-West,Standard,7,401.09,15,581.88,6,1,69,16,3491.28,2406.54,1084.74,1,0,2024-12
1004337,2024-12-17,Office Supplies,North,Supplier E,WH-North,Same Day,13,192.95,16,305.36,12,1,54,17,3664.32,2315.4,1348.92,1,0,2024-12
1002544,2024-12-17,Apparel,West,Supplier D,WH-South,Standard,19,287.33,7,390.36,18,1,72,7,7026.48,5171.94,1854.54,1,1,2024-12
1001867,2024-12-17,Electronics,North,Supplier E,WH-North,Standard,20,37.33,12,56.54,17,3,42,13,961.18,634.61,326.57,1,0,2024-12
1001876,2024-12-18,Office Supplies,South,Supplier A,WH-East,Express,5,94.59,10,145.39,5,0,73,8,726.95,472.95,254.0,0,0,2024-12
1001605,2024-12-18,Home & Kitchen,North,Supplier D,WH-South,Express,10,190.04,11,282.23,10,0,29,11,2822.3,1900.4,921.9,0,0,2024-12
1002240,2024-12-18,Electronics,North,Supplier A,WH-East,Standard,16,433.84,10,732.27,15,1,68,12,10984.05,6507.6,4476.45,1,1,2024-12
1002637,2024-12-18,Apparel,East,Supplier B,WH-North,Standard,20,433.01,7,704.18,18,2,44,5,12675.24,7794.18,4881.06,1,1,2024-12
1002994,2024-12-18,Health & Beauty,South,Supplier A,WH-South,Standard,16,98.44,17,165.55,15,1,49,16,2483.25,1476.6,1006.65,1,0,2024-12
1002236,2024-12-18,Health & Beauty,South,Supplier B,WH-East,Express,2,297.44,8,487.66,1,1,27,9,487.66,297.44,190.22,1,0,2024-12
1004035,2024-12-19,Electronics,East,Supplier C,WH-South,Same Day,8,406.73,12,672.92,7,1,10,14,4710.44,2847.11,1863.33,1,0,2024-12
1003079,2024-12-19,Home & Kitchen,North,Supplier B,WH-West,Express,12,424.78,15,545.46,12,0,65,13,6545.52,5097.36,1448.16,0,0,2024-12
1003949,2024-12-19,Health & Beauty,South,Supplier E,WH-South,Standard,19,14.9,8,22.45,16,3,35,7,359.2,238.4,120.8,1,1,2024-12
1003433,2024-12-19,Apparel,East,Supplier C,WH-North,Express,14,284.77,6,404.72,13,1,48,7,5261.36,3702.01,1559.35,1,0,2024-12
1003654,2024-12-19,Office Supplies,South,Supplier A,WH-West,Standard,5,374.17,7,621.91,4,1,71,9,2487.64,1496.68,990.96,1,1,2024-12
1002264,2024-12-19,Electronics,East,Supplier C,WH-North,Standard,3,54.14,6,81.13,3,0,73,6,243.39,162.42,80.97,0,1,2024-12
1004593,2024-12-19,Home & Kitchen,South,Supplier D,WH-North,Standard,15,435.15,5,556.34,15,0,31,3,8345.1,6527.25,1817.85,0,1,2024-12
1002871,2024-12-19,Electronics,North,Supplier A,WH-West,Standard,24,20.81,13,35.41,21,3,65,15,743.61,437.01,306.6,1,0,2024-12
1000399,2024-12-19,Apparel,West,Supplier C,WH-East,Standard,20,264.47,15,357.18,19,1,54,15,6786.42,5024.93,1761.49,1,0,2024-12
1004711,2024-12-20,Electronics,West,Supplier B,WH-East,Standard,15,95.88,14,163.64,14,1,53,13,2290.96,1342.32,948.64,1,0,2024-12
1004842,2024-12-20,Health & Beauty,West,Supplier B,WH-West,Same Day,3,118.76,10,160.16,3,0,15,8,480.48,356.28,124.2,0,0,2024-12
1003578,2024-12-20,Apparel,South,Supplier E,WH-West,Standard,24,387.15,15,638.43,21,3,48,14,13407.03,8130.15,5276.88,1,0,2024-12
1005021,2024-12-20,Apparel,North,Supplier B,WH-South,Standard,9,444.81,4,746.29,8,1,40,2,5970.32,3558.48,2411.84,1,1,2024-12
1005565,2024-12-20,Home & Kitchen,North,Supplier D,WH-East,Standard,4,35.72,15,44.6,4,0,25,16,178.4,142.88,35.52,0,0,2024-12
1005252,2024-12-20,Electronics,East,Supplier D,WH-South,Express,1,155.62,15,208.64,1,0,75,15,208.64,155.62,53.02,0,0,2024-12
1005848,2024-12-20,Home & Kitchen,South,Supplier D,WH-North,Express,9,91.1,14,122.35,7,2,51,12,856.45,637.7,218.75,1,0,2024-12
1003718,2024-12-20,Apparel,East,Supplier D,WH-North,Express,4,278.53,9,425.49,4,0,59,11,1701.96,1114.12,587.84,0,0,2024-12
1005457,2024-12-20,Electronics,South,Supplier B,WH-South,Standard,2,445.2,9,705.28,2,0,71,7,1410.56,890.4,520.16,0,1,2024-12
1001312,2024-12-21,Office Supplies,West,Supplier B,WH-West,Standard,12,58.63,14,75.42,12,0,74,12,905.04,703.56,201.48,0,1,2024-12
1001632,2024-12-21,Home & Kitchen,West,Supplier E,WH-North,Standard,7,231.89,6,270.42,5,2,12,4,1352.1,1159.45,192.65,1,1,2024-12
1004837,2024-12-21,Office Supplies,East,Supplier D,WH-South,Standard,24,143.1,12,202.81,24,0,32,14,4867.44,3434.4,1433.04,0,0,2024-12
1001856,2024-12-21,Office Supplies,West,Supplier A,WH-West,Standard,15,282.29,9,399.74,14,1,41,9,5596.36,3952.06,1644.3,1,1,2024-12
1003750,2024-12-21,Office Supplies,East,Supplier B,WH-South,Express,2,27.56,13,37.07,2,0,51,15,74.14,55.12,19.02,0,0,2024-12
1002787,2024-12-21,Apparel,East,Supplier D,WH-East,Express,15,145.78,14,168.62,14,1,34,14,2360.68,2040.92,319.76,1,0,2024-12
1001118,2024-12-21,Electronics,South,Supplier C,WH-West,Standard,6,293.0,16,417.9,4,2,58,17,1671.6,1172.0,499.6,1,0,2024-12
1001614,2024-12-21,Office Supplies,West,Supplier D,WH-South,Express,17,39.76,8,53.46,17,0,56,9,908.82,675.92,232.9,0,0,2024-12
1005806,2024-12-21,Apparel,East,Supplier C,WH-South,Standard,3,108.67,14,128.1,3,0,18,16,384.3,326.01,58.29,0,0,2024-12
1000480,2024-12-22,Electronics,West,Supplier C,WH-South,Standard,3,230.02,9,334.62,3,0,30,9,1003.86,690.06,313.8,0,1,2024-12
1003938,2024-12-22,Health & Beauty,South,Supplier B,WH-East,Standard,8,176.08,15,222.51,7,1,42,14,1557.57,1232.56,325.01,1,0,2024-12
1001557,2024-12-22,Office Supplies,North,Supplier A,WH-East,Express,21,398.01,15,616.4,21,0,68,14,12944.4,8358.21,4586.19,0,0,2024-12
1003318,2024-12-22,Apparel,West,Supplier E,WH-South,Same Day,23,105.8,4,141.34,22,1,48,3,3109.48,2327.6,781.88,1,0,2024-12
1004097,2024-12-22,Apparel,South,Supplier E,WH-West,Standard,22,417.63,10,562.45,19,3,67,11,10686.55,7934.97,2751.58,1,1,2024-12
1005997,2024-12-23,Home & Kitchen,South,Supplier C,WH-West,Standard,2,52.92,14,78.48,2,0,51,14,156.96,105.84,51.12,0,0,2024-12
1003595,2024-12-23,Health & Beauty,East,Supplier E,WH-East,Express,16,237.21,15,410.27,14,2,72,17,5743.78,3320.94,2422.84,1,0,2024-12
1003587,2024-12-23,Office Supplies,West,Supplier C,WH-East,Standard,5,285.3,17,342.17,4,1,19,17,1368.68,1141.2,227.48,1,0,2024-12
1004974,2024-12-23,Home & Kitchen,East,Supplier E,WH-North,Standard,14,104.71,9,171.99,14,0,34,7,2407.86,1465.94,941.92,0,1,2024-12
1000690,2024-12-23,Home & Kitchen,West,Supplier D,WH-West,Standard,6,191.52,6,264.63,5,1,49,4,1323.15,957.6,365.55,1,1,2024-12
1002017,2024-12-23,Apparel,East,Supplier E,WH-West,Standard,17,233.84,10,405.71,17,0,62,10,6897.07,3975.28,2921.79,0,1,2024-12
1003576,2024-12-23,Home & Kitchen,East,Supplier C,WH-West,Same Day,7,195.66,12,306.82,6,1,73,10,1840.92,1173.96,666.96,1,0,2024-12
1001821,2024-12-24,Office Supplies,South,Supplier B,WH-West,Express,23,68.13,4,111.96,22,1,44,4,2463.12,1498.86,964.26,1,1,2024-12
1003443,2024-12-24,Electronics,East,Supplier C,WH-West,Standard,6,369.44,16,470.86,5,1,28,18,2354.3,1847.2,507.1,1,0,2024-12
1001488,2024-12-24,Home & Kitchen,East,Supplier B,WH-South,Standard,17,371.38,12,444.78,16,1,77,12,7116.48,5942.08,1174.4,1,1,2024-12
1002421,2024-12-24,Office Supplies,South,Supplier C,WH-South,Standard,21,25.28,11,40.91,21,0,38,13,859.11,530.88,328.23,0,0,2024-12
1004011,2024-12-24,Office Supplies,South,Supplier E,WH-West,Standard,11,133.26,12,227.8,10,1,22,12,2278.0,1332.6,945.4,1,1,2024-12
1001296,2024-12-24,Electronics,West,Supplier C,WH-South,Same Day,24,18.57,6,30.67,22,2,36,8,674.74,408.54,266.2,1,0,2024-12
1005946,2024-12-24,Office Supplies,North,Supplier C,WH-North,Standard,15,160.93,8,256.5,13,2,74,6,3334.5,2092.09,1242.41,1,1,2024-12
1000182,2024-12-24,Office Supplies,East,Supplier D,WH-East,Standard,11,179.69,11,209.38,11,0,23,11,2303.18,1976.59,326.59,0,1,2024-12
1001187,2024-12-25,Apparel,West,Supplier C,WH-South,Same Day,13,281.21,5,325.48,11,2,42,5,3580.28,3093.31,486.97,1,0,2024-12
1002555,2024-12-25,Office Supplies,East,Supplier C,WH-West,Standard,7,88.35,15,145.12,6,1,79,15,870.72,530.1,340.62,1,0,2024-12
1005278,2024-12-25,Home & Kitchen,West,Supplier C,WH-South,Express,20,156.65,9,185.55,17,3,24,10,3154.35,2663.05,491.3,1,0,2024-12
1004984,2024-12-25,Home & Kitchen,West,Supplier D,WH-West,Same Day,9,274.23,7,377.16,7,2,19,8,2640.12,1919.61,720.51,1,0,2024-12
1003348,2024-12-25,Health & Beauty,East,Supplier C,WH-North,Standard,16,54.12,12,86.12,14,2,42,10,1205.68,757.68,448.0,1,1,2024-12
1002608,2024-12-25,Apparel,East,Supplier C,WH-West,Standard,12,292.2,7,388.11,10,2,32,6,3881.1,2922.0,959.1,1,1,2024-12
1005358,2024-12-25,Office Supplies,South,Supplier E,WH-East,Same Day,17,141.05,3,205.62,16,1,74,5,3289.92,2256.8,1033.12,1,0,2024-12
1001645,2024-12-25,Electronics,East,Supplier E,WH-South,Standard,9,230.7,10,348.47,8,1,23,10,2787.76,1845.6,942.16,1,1,2024-12
1003869,2024-12-25,Office Supplies,North,Supplier C,WH-South,Standard,5,142.05,17,166.45,5,0,52,17,832.25,710.25,122.0,0,0,2024-12
1000822,2024-12-25,Apparel,East,Supplier A,WH-West,Express,19,398.73,14,534.41,17,2,31,15,9084.97,6778.41,2306.56,1,0,2024-12
1003195,2024-12-26,Home & Kitchen,South,Supplier D,WH-South,Standard,23,239.66,12,362.5,22,1,72,10,7975.0,5272.52,2702.48,1,1,2024-12
1000648,2024-12-26,Electronics,West,Supplier D,WH-East,Standard,16,198.65,11,325.69,16,0,56,12,5211.04,3178.4,2032.64,0,1,2024-12
1001179,2024-12-26,Apparel,North,Supplier E,WH-South,Standard,21,337.53,11,584.66,16,5,12,9,9354.56,5400.48,3954.08,1,1,2024-12
1004283,2024-12-26,Apparel,East,Supplier C,WH-West,Standard,22,352.4,12,470.74,19,3,42,11,8944.06,6695.6,2248.46,1,1,2024-12
1002042,2024-12-26,Office Supplies,South,Supplier E,WH-East,Express,24,278.29,5,473.91,19,5,11,6,9004.29,5287.51,3716.78,1,0,2024-12
1005742,2024-12-26,Home & Kitchen,South,Supplier A,WH-South,Standard,23,343.96,13,550.54,22,1,79,15,12111.88,7567.12,4544.76,1,0,2024-12
1003888,2024-12-26,Electronics,West,Supplier E,WH-South,Standard,24,55.08,14,72.41,22,2,18,15,1593.02,1211.76,381.26,1,0,2024-12
1001949,2024-12-26,Electronics,West,Supplier A,WH-East,Express,4,303.88,13,508.59,3,1,26,12,1525.77,911.64,614.13,1,0,2024-12
1002315,2024-12-26,Health & Beauty,North,Supplier B,WH-South,Standard,4,31.1,14,41.65,3,1,44,12,124.95,93.3,31.65,1,1,2024-12
1004513,2024-12-27,Electronics,North,Supplier D,WH-West,Standard,17,325.53,16,520.1,16,1,37,15,8321.6,5208.48,3113.12,1,0,2024-12
1003209,2024-12-27,Electronics,North,Supplier B,WH-South,Standard,9,81.7,6,138.71,9,0,79,7,1248.39,735.3,513.09,0,1,2024-12
1003957,2024-12-27,Apparel,West,Supplier B,WH-North,Standard,21,128.65,3,221.66,20,1,17,1,4433.2,2573.0,1860.2,1,1,2024-12
1003857,2024-12-27,Health & Beauty,South,Supplier A,WH-West,Standard,16,332.13,13,551.15,14,2,17,15,7716.1,4649.82,3066.28,1,0,2024-12
1002653,2024-12-27,Apparel,North,Supplier E,WH-North,Standard,2,412.84,15,653.15,2,0,21,13,1306.3,825.68,480.62,0,0,2024-12
1002161,2024-12-27,Electronics,East,Supplier E,WH-North,Express,22,130.82,17,187.21,19,3,44,17,3556.99,2485.58,1071.41,1,0,2024-12
1001339,2024-12-28,Apparel,West,Supplier E,WH-East,Standard,14,186.81,4,326.57,13,1,61,5,4245.41,2428.53,1816.88,1,1,2024-12
1005454,2024-12-28,Electronics,East,Supplier D,WH-South,Express,5,258.88,11,335.26,5,0,42,9,1676.3,1294.4,381.9,0,0,2024-12
1000886,2024-12-28,Home & Kitchen,South,Supplier A,WH-South,Same Day,21,134.59,11,194.19,20,1,26,13,3883.8,2691.8,1192.0,1,0,2024-12
1001627,2024-12-28,Office Supplies,East,Supplier D,WH-North,Standard,12,254.03,5,383.34,12,0,17,4,4600.08,3048.36,1551.72,0,1,2024-12
1003232,2024-12-28,Office Supplies,South,Supplier E,WH-South,Standard,1,128.87,16,219.6,1,0,20,16,219.6,128.87,90.73,0,0,2024-12
1004451,2024-12-28,Apparel,South,Supplier D,WH-West,Standard,5,224.21,10,352.86,4,1,64,10,1411.44,896.84,514.6,1,1,2024-12
1003396,2024-12-28,Apparel,East,Supplier B,WH-South,Standard,14,51.93,4,81.84,14,0,35,6,1145.76,727.02,418.74,0,1,2024-12
1001108,2024-12-28,Electronics,West,Supplier C,WH-South,Standard,24,449.19,7,781.93,21,3,78,5,16420.53,9432.99,6987.54,1,1,2024-12
1001609,2024-12-28,Electronics,South,Supplier A,WH-North,Standard,14,392.98,11,551.83,13,1,34,11,7173.79,5108.74,2065.05,1,1,2024-12
1005753,2024-12-28,Office Supplies,North,Supplier B,WH-South,Standard,10,365.75,11,429.43,9,1,26,13,3864.87,3291.75,573.12,1,0,2024-12
1004582,2024-12-28,Electronics,South,Supplier A,WH-South,Standard,9,358.17,8,468.29,9,0,31,8,4214.61,3223.53,991.08,0,1,2024-12
1001279,2024-12-29,Electronics,West,Supplier C,WH-East,Standard,22,95.85,11,129.9,21,1,22,11,2727.9,2012.85,715.05,1,1,2024-12
1004970,2024-12-29,Electronics,North,Supplier B,WH-East,Standard,12,14.68,17,23.57,11,1,42,16,259.27,161.48,97.79,1,0,2024-12
1004638,2024-12-29,Home & Kitchen,West,Supplier D,WH-South,Standard,10,49.19,2,81.72,8,2,67,1,653.76,393.52,260.24,1,1,2024-12
1002108,2024-12-29,Electronics,North,Supplier E,WH-East,Standard,12,436.66,14,748.7,11,1,62,15,8235.7,4803.26,3432.44,1,0,2024-12
1001883,2024-12-29,Electronics,South,Supplier A,WH-West,Standard,20,79.5,6,100.9,19,1,40,4,1917.1,1510.5,406.6,1,1,2024-12
1005326,2024-12-29,Apparel,West,Supplier B,WH-North,Standard,12,329.13,6,488.68,12,0,58,5,5864.16,3949.56,1914.6,0,1,2024-12
1005589,2024-12-29,Apparel,North,Supplier B,WH-South,Express,9,338.83,8,434.16,8,1,28,9,3473.28,2710.64,762.64,1,0,2024-12
1003013,2024-12-29,Home & Kitchen,West,Supplier A,WH-East,Standard,1,347.82,6,486.97,1,0,79,8,486.97,347.82,139.15,0,1,2024-12
1001454,2024-12-29,Apparel,East,Supplier D,WH-South,Standard,18,288.61,17,488.24,15,3,49,19,7323.6,4329.15,2994.45,1,0,2024-12
1005895,2024-12-29,Electronics,North,Supplier A,WH-West,Standard,10,204.96,13,354.87,10,0,73,15,3548.7,2049.6,1499.1,0,0,2024-12
1002297,2024-12-29,Office Supplies,South,Supplier B,WH-East,Express,19,373.85,13,506.38,19,0,29,15,9621.22,7103.15,2518.07,0,0,2024-12
1003340,2024-12-29,Health & Beauty,South,Supplier E,WH-South,Express,12,131.75,17,223.34,12,0,75,17,2680.08,1581.0,1099.08,0,0,2024-12
1002798,2024-12-29,Home & Kitchen,North,Supplier D,WH-North,Express,21,213.89,11,302.51,20,1,41,9,6050.2,4277.8,1772.4,1,0,2024-12
1005167,2024-12-29,Health & Beauty,East,Supplier D,WH-East,Standard,14,56.03,11,97.68,11,3,36,12,1074.48,616.33,458.15,1,1,2024-12
1000619,2024-12-30,Office Supplies,West,Supplier D,WH-West,Express,7,120.82,5,187.21,7,0,29,5,1310.47,845.74,464.73,0,1,2024-12
1004819,2024-12-30,Apparel,West,Supplier D,WH-North,Express,6,103.82,16,171.43,6,0,23,14,1028.58,622.92,405.66,0,0,2024-12
1003508,2024-12-30,Health & Beauty,South,Supplier C,WH-North,Express,16,402.76,3,609.9,13,3,22,5,7928.7,5235.88,2692.82,1,1,2024-12
1000324,2024-12-30,Electronics,West,Supplier C,WH-East,Standard,12,215.51,7,297.08,11,1,34,7,3267.88,2370.61,897.27,1,1,2024-12
1002069,2024-12-30,Home & Kitchen,South,Supplier A,WH-South,Standard,24,247.87,3,292.52,23,1,74,2,6727.96,5701.01,1026.95,1,1,2024-12
1003429,2024-12-30,Health & Beauty,North,Supplier A,WH-South,Standard,14,356.17,5,572.39,13,1,29,4,7441.07,4630.21,2810.86,1,1,2024-12
1001649,2024-12-30,Health & Beauty,East,Supplier C,WH-South,Standard,4,142.86,12,188.85,4,0,79,12,755.4,571.44,183.96,0,1,2024-12
1001368,2024-12-30,Apparel,East,Supplier E,WH-West,Standard,7,440.55,16,753.86,7,0,37,18,5277.02,3083.85,2193.17,0,0,2024-12
1000878,2024-12-30,Electronics,East,Supplier B,WH-North,Same Day,13,373.35,4,504.11,12,1,31,2,6049.32,4480.2,1569.12,1,1,2024-12
1001774,2024-12-31,Apparel,West,Supplier B,WH-West,Standard,16,142.93,17,232.9,13,3,78,17,3027.7,1858.09,1169.61,1,0,2024-12
1002974,2024-12-31,Electronics,North,Supplier D,WH-West,Express,9,172.86,7,223.44,8,1,31,5,1787.52,1382.88,404.64,1,1,2024-12
1002530,2024-12-31,Apparel,North,Supplier A,WH-North,Standard,24,59.29,13,72.66,19,5,47,13,1380.54,1126.51,254.03,1,0,2024-12
1004958,2024-12-31,Home & Kitchen,South,Supplier D,WH-West,Standard,12,140.85,3,167.81,10,2,61,3,1678.1,1408.5,269.6,1,1,2024-12
1004797,2024-12-31,Health & Beauty,North,Supplier D,WH-West,Standard,9,380.97,9,548.18,7,2,17,8,3837.26,2666.79,1170.47,1,1,2024-12
1004407,2024-12-31,Electronics,East,Supplier B,WH-East,Standard,24,242.69,11,313.77,22,2,28,11,6902.94,5339.18,1563.76,1,1,2024-12
1005969,2024-12-31,Office Supplies,South,Supplier E,WH-West,Standard,13,312.25,16,426.77,12,1,56,14,5121.24,3747.0,1374.24,1,0,2024-12
1001529,2024-12-31,Electronics,East,Supplier A,WH-North,Express,23,344.63,7,600.19,21,2,11,5,12603.99,7237.23,5366.76,1,1,2024-12
1005406,2024-12-31,Office Supplies,East,Supplier D,WH-East,Standard,16,420.35,15,636.02,14,2,54,15,8904.28,5884.9,3019.38,1,0,2024-12
1000573,2025-01-01,Electronics,South,Supplier C,WH-North,Standard,13,81.67,11,95.81,13,0,60,11,1245.53,1061.71,183.82,0,1,2025-01
1005654,2025-01-01,Home & Kitchen,South,Supplier A,WH-North,Standard,21,430.37,8,617.04,21,0,74,9,12957.84,9037.77,3920.07,0,1,2025-01
1005978,2025-01-01,Office Supplies,East,Supplier A,WH-North,Standard,12,447.27,13,562.86,11,1,27,11,6191.46,4919.97,1271.49,1,1,2025-01
1004385,2025-01-01,Home & Kitchen,North,Supplier B,WH-South,Express,18,298.84,10,360.29,17,1,35,12,6124.93,5080.28,1044.65,1,0,2025-01
1001968,2025-01-01,Electronics,South,Supplier A,WH-West,Standard,24,358.34,12,529.86,22,2,17,11,11656.92,7883.48,3773.44,1,1,2025-01
1004073,2025-01-01,Electronics,East,Supplier A,WH-East,Standard,7,411.16,8,702.25,6,1,37,8,4213.5,2466.96,1746.54,1,1,2025-01
1002647,2025-01-01,Electronics,North,Supplier B,WH-North,Express,6,68.35,5,104.08,6,0,26,4,624.48,410.1,214.38,0,1,2025-01
1005263,2025-01-01,Health & Beauty,West,Supplier E,WH-South,Standard,19,86.27,17,131.54,18,1,27,16,2367.72,1552.86,814.86,1,0,2025-01
1004329,2025-01-01,Office Supplies,South,Supplier E,WH-East,Standard,12,75.58,2,110.5,12,0,63,2,1326.0,906.96,419.04,0,1,2025-01
1000060,2025-01-01,Electronics,South,Supplier A,WH-East,Express,3,385.98,17,595.89,3,0,43,19,1787.67,1157.94,629.73,0,0,2025-01
1005177,2025-01-01,Home & Kitchen,North,Supplier D,WH-South,Standard,8,283.7,10,383.11,7,1,53,10,2681.77,1985.9,695.87,1,1,2025-01
1005304,2025-01-02,Apparel,West,Supplier A,WH-South,Express,22,72.57,7,106.13,22,0,24,6,2334.86,1596.54,738.32,0,0,2025-01
1005552,2025-01-02,Apparel,East,Supplier B,WH-South,Standard,12,90.38,9,156.12,11,1,22,9,1717.32,994.18,723.14,1,1,2025-01
1002550,2025-01-02,Apparel,West,Supplier E,WH-North,Standard,17,247.69,2,367.74,15,2,41,1,5516.1,3715.35,1800.75,1,1,2025-01
1004062,2025-01-02,Apparel,South,Supplier D,WH-West,Standard,23,151.12,10,202.47,21,2,61,10,4251.87,3173.52,1078.35,1,1,2025-01
1004705,2025-01-02,Home & Kitchen,North,Supplier B,WH-North,Standard,3,231.18,17,337.46,2,1,41,17,674.92,462.36,212.56,1,0,2025-01
1004196,2025-01-03,Apparel,West,Supplier D,WH-East,Standard,7,254.54,13,343.96,7,0,67,14,2407.72,1781.78,625.94,0,0,2025-01
1000919,2025-01-03,Health & Beauty,South,Supplier C,WH-South,Standard,24,369.01,17,606.49,23,1,23,19,13949.27,8487.23,5462.04,1,0,2025-01
1003415,2025-01-03,Home & Kitchen,East,Supplier D,WH-East,Standard,8,393.58,14,561.53,8,0,49,13,4492.24,3148.64,1343.6,0,0,2025-01
1004443,2025-01-03,Health & Beauty,South,Supplier A,WH-West,Standard,2,88.52,17,120.0,2,0,10,16,240.0,177.04,62.96,0,0,2025-01
1004758,2025-01-03,Electronics,North,Supplier B,WH-North,Express,16,402.82,2,651.81,16,0,67,1,10428.96,6445.12,3983.84,0,1,2025-01
1004400,2025-01-03,Health & Beauty,South,Supplier A,WH-North,Standard,10,329.0,13,411.3,10,0,17,11,4113.0,3290.0,823.0,0,1,2025-01
1000548,2025-01-03,Office Supplies,North,Supplier A,WH-East,Standard,5,338.49,13,558.74,5,0,68,12,2793.7,1692.45,1101.25,0,1,2025-01
1000656,2025-01-03,Electronics,East,Supplier B,WH-North,Standard,8,81.47,9,96.02,7,1,66,7,672.14,570.29,101.85,1,1,2025-01
1005936,2025-01-03,Apparel,South,Supplier D,WH-West,Standard,8,37.97,3,64.11,8,0,43,1,512.88,303.76,209.12,0,1,2025-01
1003545,2025-01-04,Apparel,West,Supplier C,WH-West,Standard,11,124.57,11,165.74,11,0,11,10,1823.14,1370.27,452.87,0,1,2025-01
1001825,2025-01-04,Apparel,East,Supplier E,WH-West,Express,24,383.41,13,618.36,21,3,33,13,12985.56,8051.61,4933.95,1,0,2025-01
1002567,2025-01-04,Health & Beauty,West,Supplier C,WH-West,Standard,1,20.63,14,31.08,1,0,45,13,31.08,20.63,10.45,0,0,2025-01
1004377,2025-01-04,Home & Kitchen,West,Supplier A,WH-North,Express,3,252.19,17,402.72,3,0,62,17,1208.16,756.57,451.59,0,0,2025-01
1000428,2025-01-04,Office Supplies,East,Supplier A,WH-West,Standard,22,236.66,17,294.13,20,2,46,17,5882.6,4733.2,1149.4,1,0,2025-01
1005260,2025-01-04,Home & Kitchen,West,Supplier E,WH-East,Express,7,92.79,10,148.45,7,0,41,11,1039.15,649.53,389.62,0,0,2025-01
1005215,2025-01-05,Home & Kitchen,North,Supplier C,WH-North,Standard,14,395.23,2,470.08,12,2,68,4,5640.96,4742.76,898.2,1,1,2025-01
1001140,2025-01-05,Office Supplies,South,Supplier C,WH-North,Standard,7,331.07,3,414.96,6,1,39,3,2489.76,1986.42,503.34,1,1,2025-01
1005037,2025-01-05,Apparel,East,Supplier B,WH-West,Standard,18,89.89,6,156.89,15,3,73,6,2353.35,1348.35,1005.0,1,1,2025-01
1001343,2025-01-05,Apparel,South,Supplier E,WH-South,Standard,15,204.98,3,358.28,14,1,21,3,5015.92,2869.72,2146.2,1,1,2025-01
1004755,2025-01-05,Home & Kitchen,West,Supplier D,WH-West,Same Day,8,88.81,15,136.31,6,2,25,17,817.86,532.86,285.0,1,0,2025-01
1002855,2025-01-05,Apparel,North,Supplier E,WH-West,Standard,12,202.18,11,296.24,11,1,66,11,3258.64,2223.98,1034.66,1,1,2025-01
1005231,2025-01-05,Office Supplies,West,Supplier B,WH-West,Standard,2,394.0,8,541.34,2,0,28,8,1082.68,788.0,294.68,0,1,2025-01
1001207,2025-01-05,Electronics,West,Supplier D,WH-East,Standard,22,70.83,2,123.3,21,1,43,3,2589.3,1487.43,1101.87,1,1,2025-01
1001899,2025-01-05,Apparel,West,Supplier C,WH-South,Standard,6,97.47,4,115.57,3,3,12,6,346.71,292.41,54.3,1,1,2025-01
1005480,2025-01-05,Apparel,South,Supplier E,WH-East,Standard,4,425.41,16,542.71,3,1,75,16,1628.13,1276.23,351.9,1,0,2025-01
1004541,2025-01-06,Apparel,West,Supplier B,WH-South,Express,5,176.64,14,305.66,5,0,67,14,1528.3,883.2,645.1,0,0,2025-01
1003004,2025-01-06,Home & Kitchen,North,Supplier A,WH-North,Standard,10,318.44,15,545.75,8,2,66,16,4366.0,2547.52,1818.48,1,0,2025-01
1001439,2025-01-06,Apparel,South,Supplier C,WH-West,Standard,7,186.25,17,257.63,7,0,18,16,1803.41,1303.75,499.66,0,0,2025-01
1005842,2025-01-06,Home & Kitchen,North,Supplier A,WH-North,Express,20,101.97,14,135.84,18,2,41,14,2445.12,1835.46,609.66,1,0,2025-01
1000015,2025-01-07,Electronics,East,Supplier B,WH-West,Standard,16,90.63,3,117.03,15,1,67,3,1755.45,1359.45,396.0,1,1,2025-01
1000347,2025-01-07,Apparel,South,Supplier A,WH-North,Standard,20,26.18,6,32.81,19,1,67,7,623.39,497.42,125.97,1,1,2025-01
1000683,2025-01-07,Home & Kitchen,East,Supplier D,WH-North,Standard,23,330.49,3,515.09,21,2,25,1,10816.89,6940.29,3876.6,1,1,2025-01
1000693,2025-01-07,Office Supplies,East,Supplier C,WH-South,Standard,1,142.75,8,191.76,1,0,26,9,191.76,142.75,49.01,0,1,2025-01
1003810,2025-01-07,Home & Kitchen,South,Supplier B,WH-East,Standard,11,94.39,6,161.79,11,0,22,7,1779.69,1038.29,741.4,0,1,2025-01
1002123,2025-01-07,Health & Beauty,East,Supplier D,WH-East,Standard,13,206.04,16,336.93,13,0,45,14,4380.09,2678.52,1701.57,0,0,2025-01
1002572,2025-01-08,Home & Kitchen,West,Supplier B,WH-East,Standard,13,340.9,11,478.58,12,1,31,10,5742.96,4090.8,1652.16,1,1,2025-01
1001410,2025-01-08,Home & Kitchen,South,Supplier D,WH-West,Same Day,22,395.87,14,666.71,20,2,66,15,13334.2,7917.4,5416.8,1,0,2025-01
1005743,2025-01-08,Health & Beauty,West,Supplier D,WH-West,Express,5,382.63,11,510.38,4,1,24,13,2041.52,1530.52,511.0,1,0,2025-01
1002220,2025-01-08,Health & Beauty,West,Supplier D,WH-North,Standard,7,242.92,4,409.42,6,1,27,4,2456.52,1457.52,999.0,1,1,2025-01
1000724,2025-01-08,Office Supplies,West,Supplier A,WH-South,Standard,22,142.96,6,178.67,19,3,10,5,3394.73,2716.24,678.49,1,1,2025-01
1000193,2025-01-08,Health & Beauty,South,Supplier E,WH-East,Standard,9,27.39,11,36.09,9,0,39,11,324.81,246.51,78.3,0,1,2025-01
1000820,2025-01-08,Electronics,East,Supplier A,WH-West,Standard,7,301.68,5,392.6,7,0,20,4,2748.2,2111.76,636.44,0,1,2025-01
1003591,2025-01-09,Electronics,South,Supplier E,WH-North,Express,8,404.7,10,644.07,8,0,40,8,5152.56,3237.6,1914.96,0,0,2025-01
1005009,2025-01-09,Electronics,East,Supplier C,WH-West,Standard,16,256.94,6,441.27,15,1,50,5,6619.05,3854.1,2764.95,1,1,2025-01
1004233,2025-01-09,Home & Kitchen,South,Supplier C,WH-West,Standard,13,287.88,2,351.04,12,1,23,4,4212.48,3454.56,757.92,1,1,2025-01
1002011,2025-01-09,Health & Beauty,East,Supplier A,WH-South,Standard,11,280.99,2,335.32,11,0,69,1,3688.52,3090.89,597.63,0,1,2025-01
1003335,2025-01-09,Apparel,West,Supplier B,WH-South,Express,22,45.91,2,58.44,21,1,75,3,1227.24,964.11,263.13,1,1,2025-01
1005561,2025-01-09,Health & Beauty,West,Supplier B,WH-South,Standard,17,396.02,7,550.85,17,0,40,7,9364.45,6732.34,2632.11,0,1,2025-01
1004910,2025-01-09,Office Supplies,South,Supplier D,WH-North,Express,13,381.08,10,504.2,11,2,60,10,5546.2,4191.88,1354.32,1,0,2025-01
1005268,2025-01-09,Electronics,East,Supplier A,WH-South,Standard,3,129.79,17,196.81,2,1,72,19,393.62,259.58,134.04,1,0,2025-01
1003110,2025-01-09,Home & Kitchen,West,Supplier B,WH-South,Standard,21,24.44,5,42.42,20,1,19,5,848.4,488.8,359.6,1,1,2025-01
1001917,2025-01-09,Office Supplies,East,Supplier D,WH-South,Express,2,221.48,11,353.79,1,1,51,11,353.79,221.48,132.31,1,0,2025-01
1000319,2025-01-09,Health & Beauty,North,Supplier C,WH-East,Express,22,305.59,10,383.82,22,0,21,11,8444.04,6722.98,1721.06,0,0,2025-01
1003387,2025-01-10,Electronics,North,Supplier E,WH-West,Express,18,69.36,8,105.26,18,0,40,9,1894.68,1248.48,646.2,0,0,2025-01
1001010,2025-01-10,Health & Beauty,East,Supplier C,WH-North,Standard,12,96.92,17,152.58,11,1,26,19,1678.38,1066.12,612.26,1,0,2025-01
1002914,2025-01-10,Home & Kitchen,North,Supplier C,WH-South,Standard,13,413.39,8,607.13,11,2,74,10,6678.43,4547.29,2131.14,1,1,2025-01
1003122,2025-01-10,Home & Kitchen,North,Supplier A,WH-South,Standard,23,411.69,9,539.49,19,4,25,11,10250.31,7822.11,2428.2,1,1,2025-01
1005513,2025-01-10,Home & Kitchen,East,Supplier D,WH-South,Same Day,20,399.77,5,461.06,18,2,39,3,8299.08,7195.86,1103.22,1,0,2025-01
1005943,2025-01-10,Office Supplies,West,Supplier C,WH-East,Express,12,117.04,9,191.03,11,1,62,9,2101.33,1287.44,813.89,1,0,2025-01
1001496,2025-01-10,Office Supplies,South,Supplier E,WH-West,Express,9,423.42,9,612.63,9,0,74,8,5513.67,3810.78,1702.89,0,0,2025-01
1002159,2025-01-10,Home & Kitchen,East,Supplier A,WH-East,Standard,7,422.25,4,532.93,6,1,24,3,3197.58,2533.5,664.08,1,1,2025-01
1005613,2025-01-10,Home & Kitchen,West,Supplier B,WH-North,Standard,14,380.12,16,594.23,14,0,43,18,8319.22,5321.68,2997.54,0,0,2025-01
1000532,2025-01-10,Apparel,North,Supplier E,WH-South,Standard,16,13.66,12,15.86,13,3,22,13,206.18,177.58,28.6,1,0,2025-01
1004228,2025-01-10,Health & Beauty,North,Supplier C,WH-East,Standard,8,60.08,8,88.4,8,0,79,7,707.2,480.64,226.56,0,1,2025-01
1005005,2025-01-10,Home & Kitchen,West,Supplier D,WH-East,Standard,12,370.57,11,566.34,11,1,21,11,6229.74,4076.27,2153.47,1,1,2025-01
1004393,2025-01-11,Health & Beauty,East,Supplier A,WH-North,Standard,10,91.77,3,110.84,10,0,77,2,1108.4,917.7,190.7,0,1,2025-01
1000177,2025-01-11,Health & Beauty,South,Supplier A,WH-West,Standard,13,349.33,15,600.21,12,1,47,17,7202.52,4191.96,3010.56,1,0,2025-01
1003010,2025-01-11,Electronics,North,Supplier B,WH-North,Express,11,288.03,14,388.82,11,0,15,13,4277.02,3168.33,1108.69,0,0,2025-01
1000930,2025-01-11,Health & Beauty,West,Supplier B,WH-South,Standard,18,348.69,7,578.77,15,3,17,5,8681.55,5230.35,3451.2,1,1,2025-01
1003299,2025-01-11,Home & Kitchen,South,Supplier A,WH-West,Standard,21,45.57,5,59.89,18,3,79,4,1078.02,820.26,257.76,1,1,2025-01
1002687,2025-01-11,Electronics,East,Supplier C,WH-North,Standard,16,256.63,6,308.35,13,3,21,8,4008.55,3336.19,672.36,1,1,2025-01
1001486,2025-01-11,Electronics,East,Supplier E,WH-West,Standard,4,221.34,13,309.15,4,0,68,13,1236.6,885.36,351.24,0,0,2025-01
1002171,2025-01-12,Office Supplies,North,Supplier C,WH-West,Standard,12,9.98,6,15.26,10,2,29,5,152.6,99.8,52.8,1,1,2025-01
1004770,2025-01-12,Electronics,West,Supplier A,WH-West,Standard,17,409.02,7,631.18,15,2,69,8,9467.7,6135.3,3332.4,1,1,2025-01
1003288,2025-01-12,Office Supplies,North,Supplier C,WH-North,Express,18,353.38,10,477.38,18,0,52,12,8592.84,6360.84,2232.0,0,0,2025-01
1002564,2025-01-12,Electronics,West,Supplier E,WH-East,Standard,23,327.78,13,424.47,18,5,23,11,7640.46,5900.04,1740.42,1,1,2025-01
1001750,2025-01-12,Electronics,South,Supplier B,WH-North,Standard,21,93.85,17,116.11,21,0,21,16,2438.31,1970.85,467.46,0,0,2025-01
1005310,2025-01-12,Apparel,East,Supplier E,WH-West,Standard,24,414.04,9,724.02,21,3,78,10,15204.42,8694.84,6509.58,1,1,2025-01
1001124,2025-01-12,Electronics,West,Supplier C,WH-East,Standard,18,281.53,5,474.31,17,1,19,5,8063.27,4786.01,3277.26,1,1,2025-01
1003781,2025-01-12,Apparel,West,Supplier B,WH-West,Standard,7,405.64,15,662.7,7,0,27,16,4638.9,2839.48,1799.42,0,0,2025-01
1004165,2025-01-12,Health & Beauty,East,Supplier C,WH-East,Standard,6,376.5,16,436.87,6,0,32,16,2621.22,2259.0,362.22,0,0,2025-01
1001318,2025-01-12,Electronics,West,Supplier D,WH-South,Standard,10,135.08,13,213.35,9,1,51,12,1920.15,1215.72,704.43,1,1,2025-01
1003430,2025-01-13,Office Supplies,North,Supplier C,WH-North,Same Day,11,175.93,9,211.94,11,0,75,8,2331.34,1935.23,396.11,0,0,2025-01
1002934,2025-01-13,Home & Kitchen,West,Supplier D,WH-South,Standard,12,81.33,2,125.82,12,0,10,2,1509.84,975.96,533.88,0,1,2025-01
1000113,2025-01-13,Home & Kitchen,North,Supplier C,WH-North,Standard,11,244.31,15,412.18,11,0,27,13,4533.98,2687.41,1846.57,0,0,2025-01
1004124,2025-01-13,Home & Kitchen,South,Supplier C,WH-North,Standard,22,430.68,10,547.61,17,5,19,9,9309.37,7321.56,1987.81,1,1,2025-01
1004389,2025-01-13,Office Supplies,South,Supplier D,WH-North,Standard,2,9.92,13,13.24,2,0,17,14,26.48,19.84,6.64,0,0,2025-01
1001026,2025-01-13,Health & Beauty,West,Supplier A,WH-South,Express,19,254.06,16,439.96,17,2,11,17,7479.32,4319.02,3160.3,1,0,2025-01
1000500,2025-01-14,Apparel,East,Supplier A,WH-South,Standard,7,72.81,8,87.16,7,0,75,10,610.12,509.67,100.45,0,1,2025-01
1004960,2025-01-14,Apparel,North,Supplier C,WH-North,Standard,1,353.57,7,520.87,0,1,56,8,0.0,0.0,0.0,1,1,2025-01
1000094,2025-01-14,Office Supplies,North,Supplier A,WH-West,Express,23,39.94,5,51.93,20,3,54,3,1038.6,798.8,239.8,1,1,2025-01
1001510,2025-01-14,Apparel,East,Supplier B,WH-East,Express,6,162.4,12,241.77,6,0,57,10,1450.62,974.4,476.22,0,0,2025-01
1003208,2025-01-14,Home & Kitchen,South,Supplier E,WH-North,Express,22,41.38,13,47.69,21,1,34,13,1001.49,868.98,132.51,1,0,2025-01
1001221,2025-01-14,Health & Beauty,North,Supplier A,WH-West,Same Day,24,143.51,4,231.42,23,1,73,3,5322.66,3300.73,2021.93,1,0,2025-01
1002422,2025-01-14,Home & Kitchen,West,Supplier B,WH-North,Standard,9,407.95,2,659.36,9,0,35,2,5934.24,3671.55,2262.69,0,1,2025-01
1003354,2025-01-14,Health & Beauty,West,Supplier D,WH-East,Standard,11,284.82,2,433.97,11,0,55,2,4773.67,3133.02,1640.65,0,1,2025-01
1003593,2025-01-14,Home & Kitchen,South,Supplier B,WH-South,Standard,17,216.53,6,358.9,16,1,16,7,5742.4,3464.48,2277.92,1,1,2025-01
1004626,2025-01-14,Electronics,East,Supplier D,WH-North,Standard,15,104.13,12,158.86,14,1,17,13,2224.04,1457.82,766.22,1,0,2025-01
1005626,2025-01-15,Electronics,South,Supplier C,WH-East,Standard,8,359.74,17,430.47,7,1,11,17,3013.29,2518.18,495.11,1,0,2025-01
1002255,2025-01-15,Office Supplies,South,Supplier D,WH-West,Express,16,433.58,14,602.1,16,0,57,15,9633.6,6937.28,2696.32,0,0,2025-01
1005959,2025-01-15,Health & Beauty,South,Supplier B,WH-North,Standard,11,86.06,5,145.2,9,2,55,7,1306.8,774.54,532.26,1,1,2025-01
1001922,2025-01-15,Electronics,South,Supplier D,WH-North,Same Day,3,235.43,15,369.54,3,0,46,15,1108.62,706.29,402.33,0,0,2025-01
1002920,2025-01-15,Office Supplies,South,Supplier D,WH-South,Standard,18,349.66,2,581.2,16,2,49,4,9299.2,5594.56,3704.64,1,1,2025-01
1002696,2025-01-15,Office Supplies,North,Supplier E,WH-North,Express,13,305.59,3,428.13,13,0,34,3,5565.69,3972.67,1593.02,0,1,2025-01
1002058,2025-01-15,Home & Kitchen,East,Supplier C,WH-South,Standard,14,22.51,7,28.59,12,2,75,7,343.08,270.12,72.96,1,1,2025-01
1001259,2025-01-15,Home & Kitchen,West,Supplier B,WH-North,Standard,23,295.67,7,438.28,22,1,68,7,9642.16,6504.74,3137.42,1,1,2025-01
1001686,2025-01-15,Home & Kitchen,East,Supplier E,WH-East,Standard,12,91.03,3,106.3,11,1,67,5,1169.3,1001.33,167.97,1,1,2025-01
1002366,2025-01-15,Home & Kitchen,North,Supplier C,WH-North,Same Day,11,68.73,7,83.75,11,0,41,6,921.25,756.03,165.22,0,0,2025-01
1005739,2025-01-15,Health & Beauty,North,Supplier D,WH-North,Standard,14,211.91,4,359.23,13,1,18,3,4669.99,2754.83,1915.16,1,1,2025-01
1005451,2025-01-15,Office Supplies,East,Supplier A,WH-West,Standard,18,331.92,12,501.03,15,3,12,11,7515.45,4978.8,2536.65,1,1,2025-01
1001714,2025-01-16,Home & Kitchen,East,Supplier B,WH-West,Express,10,416.93,17,507.12,10,0,63,15,5071.2,4169.3,901.9,0,0,2025-01
1001884,2025-01-16,Home & Kitchen,East,Supplier C,WH-South,Express,7,342.95,7,555.3,6,1,33,5,3331.8,2057.7,1274.1,1,1,2025-01
1002400,2025-01-16,Apparel,South,Supplier D,WH-East,Standard,20,225.79,10,303.36,19,1,73,11,5763.84,4290.01,1473.83,1,1,2025-01
1005492,2025-01-16,Electronics,East,Supplier B,WH-South,Standard,3,261.51,16,320.32,3,0,19,14,960.96,784.53,176.43,0,0,2025-01
1003233,2025-01-16,Office Supplies,North,Supplier B,WH-North,Standard,22,52.48,3,88.33,21,1,60,5,1854.93,1102.08,752.85,1,1,2025-01
1002559,2025-01-16,Apparel,West,Supplier B,WH-North,Express,15,158.45,7,233.33,15,0,31,7,3499.95,2376.75,1123.2,0,0,2025-01
1002997,2025-01-16,Home & Kitchen,East,Supplier B,WH-West,Same Day,12,320.37,15,423.26,12,0,37,17,5079.12,3844.44,1234.68,0,0,2025-01
1004122,2025-01-16,Apparel,West,Supplier D,WH-East,Standard,21,298.24,17,406.61,19,2,25,17,7725.59,5666.56,2059.03,1,0,2025-01
1004578,2025-01-16,Office Supplies,North,Supplier D,WH-West,Express,15,29.67,5,44.73,13,2,66,6,581.49,385.71,195.78,1,0,2025-01
1003439,2025-01-17,Office Supplies,South,Supplier B,WH-South,Standard,19,235.36,15,351.77,16,3,12,15,5628.32,3765.76,1862.56,1,0,2025-01
1001834,2025-01-17,Apparel,North,Supplier A,WH-South,Express,7,136.28,9,163.45,6,1,47,9,980.7,817.68,163.02,1,0,2025-01
1005004,2025-01-17,Health & Beauty,West,Supplier B,WH-North,Express,14,125.75,8,201.21,10,4,55,8,2012.1,1257.5,754.6,1,0,2025-01
1002910,2025-01-17,Home & Kitchen,West,Supplier C,WH-East,Standard,2,154.98,13,188.22,1,1,12,14,188.22,154.98,33.24,1,0,2025-01
1004853,2025-01-17,Home & Kitchen,South,Supplier B,WH-West,Standard,19,298.55,6,364.0,17,2,76,4,6188.0,5075.35,1112.65,1,1,2025-01
1005116,2025-01-17,Electronics,North,Supplier C,WH-East,Standard,17,164.16,7,244.96,15,2,25,9,3674.4,2462.4,1212.0,1,1,2025-01
1000570,2025-01-18,Electronics,North,Supplier A,WH-East,Standard,15,419.49,5,552.87,12,3,32,4,6634.44,5033.88,1600.56,1,1,2025-01
1004653,2025-01-18,Health & Beauty,East,Supplier B,WH-West,Standard,24,148.6,2,174.55,23,1,42,1,4014.65,3417.8,596.85,1,1,2025-01
1002007,2025-01-18,Apparel,North,Supplier A,WH-East,Standard,10,62.46,9,101.71,9,1,50,9,915.39,562.14,353.25,1,1,2025-01
1005682,2025-01-18,Home & Kitchen,South,Supplier D,WH-South,Standard,15,432.54,4,733.82,15,0,17,5,11007.3,6488.1,4519.2,0,1,2025-01
1003573,2025-01-18,Health & Beauty,West,Supplier D,WH-North,Standard,4,351.35,15,419.39,4,0,60,13,1677.56,1405.4,272.16,0,0,2025-01
1005436,2025-01-18,Electronics,South,Supplier E,WH-North,Standard,18,236.88,13,366.34,16,2,64,14,5861.44,3790.08,2071.36,1,0,2025-01
1002856,2025-01-18,Electronics,West,Supplier B,WH-South,Standard,24,34.57,7,44.66,23,1,34,7,1027.18,795.11,232.07,1,1,2025-01
1004106,2025-01-18,Electronics,North,Supplier A,WH-West,Standard,1,362.83,17,430.91,1,0,41,17,430.91,362.83,68.08,0,0,2025-01
1004759,2025-01-18,Office Supplies,South,Supplier B,WH-West,Standard,16,299.75,4,407.12,15,1,47,5,6106.8,4496.25,1610.55,1,1,2025-01
1005171,2025-01-18,Home & Kitchen,South,Supplier B,WH-South,Standard,17,118.12,17,163.43,16,1,54,17,2614.88,1889.92,724.96,1,0,2025-01
1003445,2025-01-19,Electronics,East,Supplier E,WH-North,Standard,16,126.68,10,164.55,14,2,55,12,2303.7,1773.52,530.18,1,1,2025-01
1002519,2025-01-19,Office Supplies,South,Supplier E,WH-West,Same Day,6,356.77,10,529.74,5,1,40,11,2648.7,1783.85,864.85,1,0,2025-01
1000739,2025-01-19,Office Supplies,South,Supplier B,WH-East,Standard,10,65.42,11,98.37,9,1,43,9,885.33,588.78,296.55,1,1,2025-01
1004479,2025-01-19,Electronics,South,Supplier D,WH-North,Standard,24,206.65,17,309.84,23,1,35,17,7126.32,4752.95,2373.37,1,0,2025-01
1000176,2025-01-19,Apparel,East,Supplier B,WH-South,Express,6,240.42,7,367.27,6,0,70,5,2203.62,1442.52,761.1,0,1,2025-01
1000218,2025-01-19,Electronics,East,Supplier C,WH-East,Express,15,405.0,6,601.09,14,1,33,6,8415.26,5670.0,2745.26,1,0,2025-01
1002157,2025-01-19,Health & Beauty,West,Supplier C,WH-West,Standard,22,51.54,9,76.39,21,1,47,9,1604.19,1082.34,521.85,1,1,2025-01
1005382,2025-01-19,Home & Kitchen,South,Supplier B,WH-West,Standard,12,140.3,8,180.13,12,0,33,7,2161.56,1683.6,477.96,0,1,2025-01
1001155,2025-01-20,Health & Beauty,West,Supplier D,WH-West,Express,6,106.59,8,172.27,5,1,64,9,861.35,532.95,328.4,1,0,2025-01
1000024,2025-01-20,Electronics,West,Supplier B,WH-North,Standard,18,261.43,3,354.34,17,1,57,1,6023.78,4444.31,1579.47,1,1,2025-01
1004742,2025-01-20,Office Supplies,South,Supplier E,WH-South,Standard,7,197.96,4,318.87,6,1,27,5,1913.22,1187.76,725.46,1,1,2025-01
1000205,2025-01-20,Office Supplies,West,Supplier C,WH-East,Standard,7,35.69,15,46.12,7,0,22,13,322.84,249.83,73.01,0,0,2025-01
1005778,2025-01-20,Electronics,East,Supplier D,WH-West,Express,15,213.43,8,247.84,12,3,32,7,2974.08,2561.16,412.92,1,0,2025-01
1001267,2025-01-20,Home & Kitchen,South,Supplier C,WH-South,Express,2,282.09,6,391.63,2,0,30,4,783.26,564.18,219.08,0,1,2025-01
1001763,2025-01-20,Home & Kitchen,North,Supplier D,WH-West,Express,18,302.84,11,363.71,18,0,14,11,6546.78,5451.12,1095.66,0,0,2025-01
1000877,2025-01-20,Home & Kitchen,North,Supplier A,WH-East,Express,15,289.07,16,461.1,15,0,52,16,6916.5,4336.05,2580.45,0,0,2025-01
1002444,2025-01-20,Electronics,West,Supplier E,WH-West,Same Day,2,88.37,11,108.49,2,0,14,11,216.98,176.74,40.24,0,0,2025-01
1002959,2025-01-20,Office Supplies,West,Supplier E,WH-East,Standard,6,327.83,10,524.05,6,0,14,8,3144.3,1966.98,1177.32,0,1,2025-01
1000377,2025-01-20,Home & Kitchen,East,Supplier A,WH-North,Standard,16,154.69,6,266.58,16,0,62,4,4265.28,2475.04,1790.24,0,1,2025-01
1005718,2025-01-20,Apparel,North,Supplier E,WH-South,Same Day,5,61.93,4,98.36,3,2,37,4,295.08,185.79,109.29,1,0,2025-01
1005102,2025-01-21,Apparel,West,Supplier E,WH-West,Standard,20,160.0,10,274.82,17,3,57,12,4671.94,2720.0,1951.94,1,1,2025-01
1002960,2025-01-21,Health & Beauty,North,Supplier A,WH-East,Standard,3,22.78,16,26.32,2,1,27,17,52.64,45.56,7.08,1,0,2025-01
1001722,2025-01-21,Apparel,South,Supplier D,WH-South,Express,18,89.99,12,153.24,18,0,27,10,2758.32,1619.82,1138.5,0,0,2025-01
1000650,2025-01-21,Apparel,East,Supplier A,WH-North,Standard,18,238.59,4,373.85,17,1,72,2,6355.45,4056.03,2299.42,1,1,2025-01
1004306,2025-01-21,Health & Beauty,West,Supplier C,WH-West,Same Day,14,169.03,13,201.64,12,2,51,14,2419.68,2028.36,391.32,1,0,2025-01
1004432,2025-01-21,Home & Kitchen,South,Supplier D,WH-West,Express,12,351.48,10,582.11,9,3,25,10,5238.99,3163.32,2075.67,1,0,2025-01
1000206,2025-01-21,Home & Kitchen,South,Supplier E,WH-West,Standard,1,300.82,17,356.95,1,0,72,15,356.95,300.82,56.13,0,0,2025-01
1003772,2025-01-21,Apparel,North,Supplier B,WH-North,Standard,24,435.0,13,684.61,20,4,35,11,13692.2,8700.0,4992.2,1,1,2025-01
1003309,2025-01-21,Apparel,East,Supplier C,WH-West,Standard,8,263.54,4,334.73,8,0,64,6,2677.84,2108.32,569.52,0,1,2025-01
1001746,2025-01-21,Electronics,East,Supplier B,WH-West,Standard,20,334.57,10,470.02,19,1,30,12,8930.38,6356.83,2573.55,1,1,2025-01
1004621,2025-01-21,Home & Kitchen,North,Supplier B,WH-West,Standard,22,317.7,15,446.33,22,0,16,15,9819.26,6989.4,2829.86,0,0,2025-01
1005519,2025-01-22,Home & Kitchen,West,Supplier A,WH-East,Standard,1,139.04,11,228.86,0,1,34,9,0.0,0.0,0.0,1,1,2025-01
1005431,2025-01-22,Electronics,East,Supplier D,WH-South,Express,20,306.45,7,372.12,20,0,73,6,7442.4,6129.0,1313.4,0,0,2025-01
1004775,2025-01-22,Office Supplies,East,Supplier D,WH-South,Express,11,60.07,17,91.99,9,2,62,17,827.91,540.63,287.28,1,0,2025-01
1005664,2025-01-22,Apparel,North,Supplier B,WH-North,Standard,15,280.87,6,377.25,15,0,68,4,5658.75,4213.05,1445.7,0,1,2025-01
1000068,2025-01-22,Home & Kitchen,South,Supplier A,WH-North,Standard,1,270.84,12,421.81,0,1,39,14,0.0,0.0,0.0,1,0,2025-01
1005118,2025-01-22,Health & Beauty,West,Supplier A,WH-East,Standard,9,190.76,6,226.99,8,1,27,6,1815.92,1526.08,289.84,1,1,2025-01
1005466,2025-01-22,Home & Kitchen,West,Supplier A,WH-West,Standard,6,32.74,7,54.66,6,0,37,9,327.96,196.44,131.52,0,1,2025-01
1000051,2025-01-22,Home & Kitchen,East,Supplier E,WH-West,Standard,16,374.25,6,499.06,13,3,40,4,6487.78,4865.25,1622.53,1,1,2025-01
1003384,2025-01-22,Office Supplies,North,Supplier C,WH-East,Express,16,35.32,7,55.27,15,1,56,8,829.05,529.8,299.25,1,0,2025-01
1000777,2025-01-23,Apparel,North,Supplier D,WH-South,Standard,21,149.06,3,256.85,19,2,34,2,4880.15,2832.14,2048.01,1,1,2025-01
1004509,2025-01-23,Electronics,East,Supplier C,WH-South,Standard,11,198.54,8,239.41,11,0,54,10,2633.51,2183.94,449.57,0,1,2025-01
1001490,2025-01-23,Health & Beauty,North,Supplier A,WH-North,Express,13,88.81,5,136.48,12,1,49,4,1637.76,1065.72,572.04,1,1,2025-01
1004212,2025-01-24,Apparel,North,Supplier A,WH-North,Standard,23,364.38,16,464.78,20,3,30,16,9295.6,7287.6,2008.0,1,0,2025-01
1003669,2025-01-24,Health & Beauty,South,Supplier B,WH-South,Standard,3,184.4,14,293.0,3,0,71,14,879.0,553.2,325.8,0,0,2025-01
1003944,2025-01-24,Home & Kitchen,South,Supplier B,WH-East,Express,24,388.13,15,620.7,21,3,65,15,13034.7,8150.73,4883.97,1,0,2025-01
1005069,2025-01-24,Office Supplies,West,Supplier B,WH-North,Express,9,437.6,11,621.81,7,2,54,12,4352.67,3063.2,1289.47,1,0,2025-01
1003900,2025-01-24,Health & Beauty,North,Supplier A,WH-West,Standard,10,174.57,15,241.68,8,2,42,17,1933.44,1396.56,536.88,1,0,2025-01
1000714,2025-01-24,Home & Kitchen,East,Supplier A,WH-West,Standard,2,357.7,14,412.94,2,0,59,13,825.88,715.4,110.48,0,0,2025-01
1005206,2025-01-24,Home & Kitchen,East,Supplier C,WH-North,Express,3,152.55,14,195.2,3,0,59,12,585.6,457.65,127.95,0,0,2025-01
1004440,2025-01-24,Office Supplies,West,Supplier D,WH-West,Express,15,260.51,12,306.29,15,0,59,13,4594.35,3907.65,686.7,0,0,2025-01
1000070,2025-01-24,Electronics,East,Supplier A,WH-West,Express,14,366.47,13,620.49,11,3,18,12,6825.39,4031.17,2794.22,1,0,2025-01
1005426,2025-01-24,Home & Kitchen,North,Supplier C,WH-East,Standard,5,12.46,12,17.1,4,1,14,12,68.4,49.84,18.56,1,1,2025-01
1001839,2025-01-24,Electronics,South,Supplier E,WH-North,Standard,11,395.99,5,585.94,9,2,78,7,5273.46,3563.91,1709.55,1,1,2025-01
1002387,2025-01-24,Electronics,West,Supplier C,WH-South,Standard,15,37.25,11,64.19,14,1,47,12,898.66,521.5,377.16,1,1,2025-01
1002536,2025-01-25,Electronics,West,Supplier B,WH-East,Standard,24,130.3,5,160.59,21,3,16,5,3372.39,2736.3,636.09,1,1,2025-01
1002906,2025-01-25,Health & Beauty,South,Supplier B,WH-West,Same Day,1,95.53,5,135.09,1,0,34,5,135.09,95.53,39.56,0,0,2025-01
1001428,2025-01-25,Office Supplies,West,Supplier E,WH-East,Express,14,408.64,10,549.82,13,1,45,11,7147.66,5312.32,1835.34,1,0,2025-01
1003799,2025-01-25,Home & Kitchen,South,Supplier A,WH-East,Standard,16,390.87,14,484.8,14,2,20,14,6787.2,5472.18,1315.02,1,0,2025-01
1001226,2025-01-25,Home & Kitchen,West,Supplier C,WH-South,Standard,20,345.58,7,464.1,16,4,59,7,7425.6,5529.28,1896.32,1,1,2025-01
1004100,2025-01-25,Office Supplies,North,Supplier A,WH-North,Express,6,166.82,15,218.08,6,0,31,15,1308.48,1000.92,307.56,0,0,2025-01
1001055,2025-01-25,Office Supplies,West,Supplier D,WH-North,Standard,8,357.75,17,469.3,8,0,29,19,3754.4,2862.0,892.4,0,0,2025-01
1004271,2025-01-25,Electronics,West,Supplier B,WH-South,Standard,8,92.92,7,162.38,5,3,30,5,811.9,464.6,347.3,1,1,2025-01
1002373,2025-01-26,Office Supplies,South,Supplier C,WH-South,Express,14,388.03,2,662.62,14,0,62,1,9276.68,5432.42,3844.26,0,1,2025-01
1004782,2025-01-26,Office Supplies,East,Supplier B,WH-East,Same Day,15,291.46,14,440.34,12,3,69,12,5284.08,3497.52,1786.56,1,0,2025-01
1003377,2025-01-26,Health & Beauty,South,Supplier A,WH-East,Standard,3,195.29,13,272.91,3,0,23,13,818.73,585.87,232.86,0,0,2025-01
1000109,2025-01-26,Home & Kitchen,North,Supplier D,WH-West,Express,19,291.32,7,349.08,17,2,34,5,5934.36,4952.44,981.92,1,1,2025-01
1000310,2025-01-26,Electronics,East,Supplier E,WH-North,Standard,5,89.03,12,151.03,4,1,37,11,604.12,356.12,248.0,1,1,2025-01
1000965,2025-01-26,Electronics,West,Supplier A,WH-North,Standard,22,175.19,13,247.19,20,2,67,13,4943.8,3503.8,1440.0,1,0,2025-01
1001784,2025-01-26,Electronics,East,Supplier C,WH-West,Standard,12,387.39,13,671.07,9,3,19,13,6039.63,3486.51,2553.12,1,0,2025-01
1004285,2025-01-26,Electronics,South,Supplier C,WH-West,Standard,6,48.62,14,82.27,5,1,48,12,411.35,243.1,168.25,1,1,2025-01
1005045,2025-01-27,Home & Kitchen,East,Supplier B,WH-North,Express,11,440.62,6,524.89,10,1,39,5,5248.9,4406.2,842.7,1,1,2025-01
1003069,2025-01-27,Electronics,North,Supplier C,WH-West,Standard,12,143.55,5,196.22,10,2,68,7,1962.2,1435.5,526.7,1,1,2025-01
1005530,2025-01-27,Office Supplies,North,Supplier A,WH-East,Standard,14,145.03,7,249.33,13,1,79,7,3241.29,1885.39,1355.9,1,1,2025-01
1002674,2025-01-27,Home & Kitchen,West,Supplier A,WH-West,Standard,7,261.03,15,388.45,5,2,37,16,1942.25,1305.15,637.1,1,0,2025-01
1000609,2025-01-27,Health & Beauty,South,Supplier C,WH-West,Standard,10,392.46,8,499.07,8,2,18,8,3992.56,3139.68,852.88,1,1,2025-01
1000441,2025-01-27,Home & Kitchen,North,Supplier C,WH-South,Standard,24,103.64,2,134.51,22,2,11,3,2959.22,2280.08,679.14,1,1,2025-01
1002491,2025-01-27,Health & Beauty,East,Supplier A,WH-South,Standard,11,45.66,5,70.69,11,0,18,6,777.59,502.26,275.33,0,1,2025-01
1003842,2025-01-27,Health & Beauty,East,Supplier E,WH-West,Standard,24,13.55,9,19.4,20,4,55,10,388.0,271.0,117.0,1,1,2025-01
1000379,2025-01-27,Apparel,South,Supplier E,WH-East,Standard,20,123.36,2,190.35,18,2,75,4,3426.3,2220.48,1205.82,1,1,2025-01
1000137,2025-01-27,Apparel,South,Supplier E,WH-West,Standard,17,416.51,2,593.65,15,2,75,1,8904.75,6247.65,2657.1,1,1,2025-01
1001625,2025-01-28,Health & Beauty,East,Supplier A,WH-West,Express,13,449.63,16,727.08,12,1,66,15,8724.96,5395.56,3329.4,1,0,2025-01
1000537,2025-01-28,Home & Kitchen,South,Supplier C,WH-East,Standard,18,91.11,2,143.48,17,1,48,2,2439.16,1548.87,890.29,1,1,2025-01
1003861,2025-01-28,Home & Kitchen,West,Supplier E,WH-South,Standard,11,170.41,9,273.61,10,1,55,8,2736.1,1704.1,1032.0,1,1,2025-01
1000908,2025-01-28,Apparel,East,Supplier C,WH-North,Standard,1,259.79,12,328.17,1,0,22,14,328.17,259.79,68.38,0,0,2025-01
1001573,2025-01-29,Apparel,North,Supplier D,WH-West,Same Day,7,280.44,8,482.11,7,0,33,9,3374.77,1963.08,1411.69,0,0,2025-01
1003374,2025-01-29,Electronics,North,Supplier B,WH-East,Standard,8,409.41,9,614.29,7,1,64,8,4300.03,2865.87,1434.16,1,1,2025-01
1004747,2025-01-29,Health & Beauty,West,Supplier A,WH-South,Standard,19,279.22,4,452.43,17,2,60,4,7691.31,4746.74,2944.57,1,1,2025-01
1003011,2025-01-29,Electronics,East,Supplier B,WH-West,Standard,6,350.99,3,563.25,6,0,23,2,3379.5,2105.94,1273.56,0,1,2025-01
1003476,2025-01-29,Electronics,North,Supplier C,WH-South,Express,21,267.29,2,387.15,21,0,42,1,8130.15,5613.09,2517.06,0,1,2025-01
1001942,2025-01-29,Health & Beauty,East,Supplier C,WH-East,Standard,7,23.44,12,31.95,6,1,31,12,191.7,140.64,51.06,1,1,2025-01
1001766,2025-01-29,Office Supplies,West,Supplier C,WH-West,Standard,10,184.0,8,248.93,9,1,40,6,2240.37,1656.0,584.37,1,1,2025-01
1002468,2025-01-29,Electronics,South,Supplier C,WH-South,Standard,11,160.04,7,256.86,9,2,41,7,2311.74,1440.36,871.38,1,1,2025-01
1005826,2025-01-30,Apparel,East,Supplier D,WH-South,Standard,16,268.65,3,334.45,15,1,34,3,5016.75,4029.75,987.0,1,1,2025-01
1001271,2025-01-30,Electronics,East,Supplier D,WH-South,Same Day,14,295.94,17,514.31,14,0,22,19,7200.34,4143.16,3057.18,0,0,2025-01
1000563,2025-01-30,Apparel,East,Supplier C,WH-North,Standard,24,173.11,6,240.58,23,1,78,5,5533.34,3981.53,1551.81,1,1,2025-01
1001109,2025-01-30,Electronics,West,Supplier A,WH-West,Standard,6,288.7,17,482.59,6,0,11,16,2895.54,1732.2,1163.34,0,0,2025-01
1004754,2025-01-30,Office Supplies,South,Supplier C,WH-West,Standard,20,264.06,6,340.05,18,2,20,7,6120.9,4753.08,1367.82,1,1,2025-01
1000577,2025-01-30,Home & Kitchen,East,Supplier C,WH-South,Standard,5,26.5,5,32.0,5,0,48,5,160.0,132.5,27.5,0,1,2025-01
1001460,2025-01-31,Home & Kitchen,North,Supplier D,WH-North,Standard,1,43.76,11,65.12,1,0,78,11,65.12,43.76,21.36,0,1,2025-01
1003243,2025-01-31,Home & Kitchen,North,Supplier B,WH-West,Standard,20,45.99,6,75.0,18,2,76,4,1350.0,827.82,522.18,1,1,2025-01
1000558,2025-01-31,Health & Beauty,West,Supplier D,WH-East,Same Day,15,95.89,9,156.93,14,1,29,10,2197.02,1342.46,854.56,1,0,2025-01
1002604,2025-01-31,Home & Kitchen,East,Supplier D,WH-West,Standard,15,356.8,14,420.8,14,1,28,13,5891.2,4995.2,896.0,1,0,2025-01
1000512,2025-01-31,Electronics,West,Supplier D,WH-North,Express,2,270.02,12,420.13,1,1,54,12,420.13,270.02,150.11,1,0,2025-01
1003727,2025-01-31,Apparel,East,Supplier B,WH-East,Express,12,12.21,4,17.65,11,1,34,6,194.15,134.31,59.84,1,0,2025-01
1002485,2025-01-31,Health & Beauty,South,Supplier B,WH-West,Same Day,9,74.05,17,97.27,9,0,16,16,875.43,666.45,208.98,0,0,2025-01
1001701,2025-01-31,Electronics,West,Supplier D,WH-West,Express,14,265.64,14,326.62,14,0,59,14,4572.68,3718.96,853.72,0,0,2025-01
1002067,2025-01-31,Health & Beauty,East,Supplier A,WH-South,Express,6,212.02,3,362.51,6,0,48,1,2175.06,1272.12,902.94,0,1,2025-01
1000136,2025-02-01,Apparel,West,Supplier E,WH-North,Standard,21,23.71,7,39.14,21,0,27,7,821.94,497.91,324.03,0,1,2025-02
1000590,2025-02-01,Apparel,West,Supplier C,WH-East,Standard,22,250.26,2,422.46,19,3,51,2,8026.74,4754.94,3271.8,1,1,2025-02
1003769,2025-02-01,Apparel,North,Supplier D,WH-East,Express,23,45.86,15,69.87,21,2,11,16,1467.27,963.06,504.21,1,0,2025-02
1000307,2025-02-01,Home & Kitchen,East,Supplier C,WH-North,Express,20,361.13,5,561.98,18,2,38,3,10115.64,6500.34,3615.3,1,1,2025-02
1005461,2025-02-01,Electronics,North,Supplier A,WH-North,Express,4,281.41,5,430.7,4,0,59,5,1722.8,1125.64,597.16,0,1,2025-02
1003113,2025-02-01,Home & Kitchen,West,Supplier E,WH-East,Express,18,160.1,12,271.13,18,0,33,12,4880.34,2881.8,1998.54,0,0,2025-02
1005438,2025-02-02,Office Supplies,West,Supplier B,WH-West,Standard,7,254.94,4,302.29,5,2,65,2,1511.45,1274.7,236.75,1,1,2025-02
1005038,2025-02-02,Home & Kitchen,West,Supplier D,WH-North,Standard,22,276.18,17,339.19,20,2,79,17,6783.8,5523.6,1260.2,1,0,2025-02
1002758,2025-02-02,Home & Kitchen,East,Supplier C,WH-North,Standard,23,419.07,2,520.21,22,1,79,2,11444.62,9219.54,2225.08,1,1,2025-02
1002534,2025-02-02,Electronics,West,Supplier A,WH-South,Express,22,324.38,13,546.11,20,2,39,11,10922.2,6487.6,4434.6,1,0,2025-02
1002834,2025-02-02,Apparel,South,Supplier C,WH-West,Standard,21,119.07,9,176.9,19,2,39,9,3361.1,2262.33,1098.77,1,1,2025-02
1002116,2025-02-02,Electronics,North,Supplier A,WH-West,Standard,13,270.15,15,428.96,12,1,27,16,5147.52,3241.8,1905.72,1,0,2025-02
1002350,2025-02-02,Apparel,North,Supplier B,WH-West,Standard,17,17.77,6,30.5,16,1,66,7,488.0,284.32,203.68,1,1,2025-02
1003498,2025-02-02,Office Supplies,South,Supplier C,WH-East,Express,17,85.13,15,103.79,17,0,67,17,1764.43,1447.21,317.22,0,0,2025-02
1001505,2025-02-02,Home & Kitchen,North,Supplier C,WH-West,Standard,11,141.86,3,180.4,9,2,35,1,1623.6,1276.74,346.86,1,1,2025-02
1004057,2025-02-02,Electronics,West,Supplier C,WH-East,Standard,7,293.42,17,508.43,7,0,34,18,3559.01,2053.94,1505.07,0,0,2025-02
1000394,2025-02-03,Office Supplies,South,Supplier B,WH-North,Standard,15,174.92,14,283.19,15,0,35,12,4247.85,2623.8,1624.05,0,1,2025-02
1005818,2025-02-03,Home & Kitchen,West,Supplier A,WH-West,Standard,7,140.52,5,166.76,6,1,54,5,1000.56,843.12,157.44,1,1,2025-02
1002815,2025-02-03,Office Supplies,East,Supplier E,WH-West,Standard,21,182.14,16,304.74,18,3,62,16,5485.32,3278.52,2206.8,1,0,2025-02
1002766,2025-02-03,Electronics,West,Supplier D,WH-North,Same Day,9,414.47,15,575.67,8,1,49,15,4605.36,3315.76,1289.6,1,0,2025-02
1004823,2025-02-03,Health & Beauty,East,Supplier C,WH-West,Standard,24,312.86,10,401.2,21,3,24,10,8425.2,6570.06,1855.14,1,1,2025-02
1002284,2025-02-03,Electronics,North,Supplier E,WH-West,Same Day,15,441.92,5,768.02,15,0,31,5,11520.3,6628.8,4891.5,0,0,2025-02
1005622,2025-02-03,Home & Kitchen,East,Supplier A,WH-North,Standard,10,70.25,7,113.22,8,2,51,8,905.76,562.0,343.76,1,1,2025-02
1002415,2025-02-03,Electronics,West,Supplier C,WH-North,Express,7,316.98,17,464.17,7,0,65,19,3249.19,2218.86,1030.33,0,0,2025-02
1004724,2025-02-03,Apparel,North,Supplier A,WH-North,Express,6,377.56,12,521.22,6,0,11,10,3127.32,2265.36,861.96,0,0,2025-02
1004723,2025-02-04,Apparel,East,Supplier A,WH-West,Express,16,305.4,10,459.43,15,1,29,9,6891.45,4581.0,2310.45,1,0,2025-02
1005517,2025-02-04,Health & Beauty,East,Supplier C,WH-West,Express,13,256.09,10,423.37,12,1,53,11,5080.44,3073.08,2007.36,1,0,2025-02
1004033,2025-02-04,Health & Beauty,South,Supplier D,WH-South,Standard,17,70.28,3,115.19,17,0,73,5,1958.23,1194.76,763.47,0,1,2025-02
1000806,2025-02-04,Electronics,West,Supplier E,WH-North,Express,1,41.57,8,52.86,1,0,43,8,52.86,41.57,11.29,0,0,2025-02
1001672,2025-02-04,Health & Beauty,South,Supplier D,WH-South,Standard,1,180.78,16,309.35,1,0,15,15,309.35,180.78,128.57,0,0,2025-02
1004249,2025-02-04,Health & Beauty,West,Supplier C,WH-East,Express,10,402.74,8,655.63,9,1,58,8,5900.67,3624.66,2276.01,1,0,2025-02
1000233,2025-02-04,Home & Kitchen,East,Supplier E,WH-North,Standard,7,415.37,9,710.1,6,1,35,9,4260.6,2492.22,1768.38,1,1,2025-02
1000313,2025-02-04,Health & Beauty,East,Supplier C,WH-North,Standard,15,325.76,13,460.6,14,1,25,14,6448.4,4560.64,1887.76,1,0,2025-02
1001425,2025-02-04,Apparel,East,Supplier D,WH-West,Same Day,14,410.4,11,671.13,13,1,48,12,8724.69,5335.2,3389.49,1,0,2025-02
1002753,2025-02-04,Health & Beauty,West,Supplier A,WH-West,Express,20,8.17,12,10.07,20,0,73,12,201.4,163.4,38.0,0,0,2025-02
1004545,2025-02-04,Electronics,West,Supplier D,WH-South,Standard,23,339.05,12,480.11,23,0,67,10,11042.53,7798.15,3244.38,0,1,2025-02
1005835,2025-02-04,Home & Kitchen,North,Supplier B,WH-West,Standard,21,325.03,16,448.86,20,1,14,16,8977.2,6500.6,2476.6,1,0,2025-02
1003691,2025-02-04,Apparel,West,Supplier A,WH-South,Standard,13,127.3,16,189.4,12,1,50,16,2272.8,1527.6,745.2,1,0,2025-02
1000778,2025-02-04,Electronics,East,Supplier C,WH-East,Same Day,16,130.5,8,218.46,15,1,70,9,3276.9,1957.5,1319.4,1,0,2025-02
1003067,2025-02-04,Office Supplies,South,Supplier A,WH-West,Express,9,146.55,16,184.83,9,0,34,14,1663.47,1318.95,344.52,0,0,2025-02
1001332,2025-02-04,Apparel,North,Supplier D,WH-West,Standard,6,118.1,6,199.58,5,1,60,6,997.9,590.5,407.4,1,1,2025-02
1001789,2025-02-04,Office Supplies,West,Supplier E,WH-East,Standard,22,303.23,6,496.39,19,3,66,6,9431.41,5761.37,3670.04,1,1,2025-02
1002582,2025-02-05,Apparel,East,Supplier C,WH-North,Standard,11,354.51,6,413.39,9,2,35,8,3720.51,3190.59,529.92,1,1,2025-02
1001440,2025-02-05,Home & Kitchen,South,Supplier A,WH-South,Express,17,386.74,6,509.4,16,1,71,7,8150.4,6187.84,1962.56,1,0,2025-02
1000675,2025-02-05,Home & Kitchen,North,Supplier D,WH-East,Standard,19,113.46,15,154.17,18,1,56,14,2775.06,2042.28,732.78,1,0,2025-02
1000075,2025-02-05,Apparel,East,Supplier B,WH-West,Express,6,159.35,14,209.34,6,0,56,16,1256.04,956.1,299.94,0,0,2025-02
1001034,2025-02-05,Health & Beauty,West,Supplier B,WH-West,Standard,23,185.86,16,314.6,18,5,12,14,5662.8,3345.48,2317.32,1,0,2025-02
1003619,2025-02-06,Office Supplies,North,Supplier B,WH-North,Express,24,330.62,15,402.41,22,2,70,13,8853.02,7273.64,1579.38,1,0,2025-02
1004326,2025-02-06,Home & Kitchen,North,Supplier E,WH-West,Standard,23,161.49,9,240.02,21,2,47,9,5040.42,3391.29,1649.13,1,1,2025-02
1000833,2025-02-06,Home & Kitchen,North,Supplier E,WH-North,Standard,1,144.79,4,248.44,1,0,27,3,248.44,144.79,103.65,0,1,2025-02
1000248,2025-02-06,Electronics,West,Supplier E,WH-West,Standard,23,46.33,17,63.12,23,0,41,19,1451.76,1065.59,386.17,0,0,2025-02
1004276,2025-02-06,Apparel,North,Supplier C,WH-West,Express,8,214.24,5,248.86,6,2,27,5,1493.16,1285.44,207.72,1,1,2025-02
1000219,2025-02-06,Home & Kitchen,West,Supplier B,WH-North,Standard,16,431.65,6,577.94,15,1,73,6,8669.1,6474.75,2194.35,1,1,2025-02
1004044,2025-02-06,Apparel,South,Supplier D,WH-East,Same Day,23,330.12,8,495.03,20,3,45,9,9900.6,6602.4,3298.2,1,0,2025-02
1004005,2025-02-07,Apparel,South,Supplier E,WH-West,Standard,1,13.21,10,23.09,1,0,42,10,23.09,13.21,9.88,0,1,2025-02
1000282,2025-02-07,Office Supplies,East,Supplier B,WH-West,Standard,10,319.02,15,488.28,10,0,78,15,4882.8,3190.2,1692.6,0,0,2025-02
1004279,2025-02-07,Health & Beauty,South,Supplier D,WH-South,Same Day,10,349.12,9,508.69,10,0,28,9,5086.9,3491.2,1595.7,0,0,2025-02
1004907,2025-02-07,Home & Kitchen,West,Supplier D,WH-North,Standard,17,266.39,3,465.87,15,2,12,2,6988.05,3995.85,2992.2,1,1,2025-02
1001881,2025-02-07,Apparel,North,Supplier C,WH-East,Standard,20,437.01,11,517.18,20,0,65,9,10343.6,8740.2,1603.4,0,1,2025-02
1004025,2025-02-07,Health & Beauty,East,Supplier D,WH-South,Standard,11,373.13,6,553.66,10,1,29,4,5536.6,3731.3,1805.3,1,1,2025-02
1003226,2025-02-07,Health & Beauty,East,Supplier A,WH-West,Standard,17,285.64,8,363.73,16,1,57,8,5819.68,4570.24,1249.44,1,1,2025-02
1002667,2025-02-08,Apparel,South,Supplier A,WH-South,Standard,9,327.01,10,502.71,9,0,59,11,4524.39,2943.09,1581.3,0,1,2025-02
1002351,2025-02-08,Office Supplies,West,Supplier C,WH-West,Standard,24,285.78,4,402.42,20,4,61,6,8048.4,5715.6,2332.8,1,1,2025-02
1002703,2025-02-08,Health & Beauty,East,Supplier E,WH-North,Standard,11,234.19,10,339.28,10,1,41,11,3392.8,2341.9,1050.9,1,1,2025-02
1000740,2025-02-08,Electronics,West,Supplier A,WH-North,Standard,9,442.23,12,629.44,9,0,76,11,5664.96,3980.07,1684.89,0,1,2025-02
1002447,2025-02-08,Office Supplies,South,Supplier C,WH-North,Standard,11,167.91,7,238.7,10,1,51,8,2387.0,1679.1,707.9,1,1,2025-02
1005572,2025-02-08,Electronics,South,Supplier D,WH-West,Standard,12,124.25,2,162.25,10,2,12,2,1622.5,1242.5,380.0,1,1,2025-02
1004053,2025-02-08,Electronics,South,Supplier A,WH-South,Standard,12,316.87,16,454.45,11,1,59,15,4998.95,3485.57,1513.38,1,0,2025-02
1000839,2025-02-08,Apparel,North,Supplier B,WH-South,Standard,8,13.66,5,16.73,7,1,36,6,117.11,95.62,21.49,1,1,2025-02
1005387,2025-02-08,Office Supplies,East,Supplier A,WH-East,Express,16,211.93,17,332.2,16,0,68,18,5315.2,3390.88,1924.32,0,0,2025-02
1001133,2025-02-08,Electronics,East,Supplier C,WH-East,Standard,14,8.52,5,13.22,13,1,17,5,171.86,110.76,61.1,1,1,2025-02
1004787,2025-02-08,Home & Kitchen,East,Supplier A,WH-South,Express,22,180.45,3,283.51,19,3,68,3,5386.69,3428.55,1958.14,1,1,2025-02
1005117,2025-02-09,Electronics,South,Supplier D,WH-North,Standard,3,26.53,2,36.1,2,1,77,2,72.2,53.06,19.14,1,1,2025-02
1002327,2025-02-09,Electronics,East,Supplier A,WH-East,Standard,4,175.5,9,218.69,4,0,41,7,874.76,702.0,172.76,0,1,2025-02
1002303,2025-02-09,Electronics,East,Supplier B,WH-East,Express,5,420.58,16,652.91,5,0,16,16,3264.55,2102.9,1161.65,0,0,2025-02
1002730,2025-02-09,Electronics,West,Supplier B,WH-East,Standard,12,364.11,9,577.98,8,4,30,10,4623.84,2912.88,1710.96,1,1,2025-02
1001358,2025-02-09,Office Supplies,South,Supplier B,WH-South,Standard,3,22.34,15,35.74,3,0,57,13,107.22,67.02,40.2,0,0,2025-02
1003177,2025-02-09,Apparel,North,Supplier C,WH-South,Express,9,22.24,13,34.72,9,0,37,12,312.48,200.16,112.32,0,0,2025-02
1003188,2025-02-09,Home & Kitchen,South,Supplier D,WH-North,Express,4,319.77,17,377.02,4,0,58,15,1508.08,1279.08,229.0,0,0,2025-02
1004900,2025-02-09,Electronics,South,Supplier E,WH-West,Standard,17,154.94,7,195.21,15,2,37,5,2928.15,2324.1,604.05,1,1,2025-02
1005091,2025-02-09,Apparel,North,Supplier A,WH-East,Standard,8,141.65,14,188.05,7,1,56,14,1316.35,991.55,324.8,1,0,2025-02
1003497,2025-02-10,Electronics,South,Supplier B,WH-East,Standard,13,282.91,12,325.76,11,2,36,12,3583.36,3112.01,471.35,1,1,2025-02
1005421,2025-02-10,Health & Beauty,West,Supplier E,WH-West,Standard,20,373.76,13,445.78,20,0,54,14,8915.6,7475.2,1440.4,0,0,2025-02
1003076,2025-02-10,Electronics,East,Supplier C,WH-East,Standard,14,352.61,13,562.58,12,2,22,12,6750.96,4231.32,2519.64,1,1,2025-02
1004164,2025-02-10,Electronics,West,Supplier C,WH-South,Same Day,17,390.86,13,674.37,14,3,17,15,9441.18,5472.04,3969.14,1,0,2025-02
1000148,2025-02-10,Electronics,West,Supplier E,WH-North,Standard,8,155.08,17,230.54,5,3,37,17,1152.7,775.4,377.3,1,0,2025-02
1001131,2025-02-10,Apparel,East,Supplier E,WH-North,Express,6,203.7,9,271.44,6,0,56,8,1628.64,1222.2,406.44,0,0,2025-02
1002629,2025-02-10,Apparel,South,Supplier C,WH-North,Express,10,144.1,14,176.26,10,0,32,14,1762.6,1441.0,321.6,0,0,2025-02
1002111,2025-02-10,Office Supplies,West,Supplier E,WH-South,Standard,17,38.8,8,52.57,16,1,31,6,841.12,620.8,220.32,1,1,2025-02
1000123,2025-02-10,Electronics,South,Supplier B,WH-East,Standard,8,133.7,7,164.39,7,1,29,7,1150.73,935.9,214.83,1,1,2025-02
1005204,2025-02-10,Home & Kitchen,North,Supplier D,WH-West,Standard,7,415.6,8,537.83,7,0,15,8,3764.81,2909.2,855.61,0,1,2025-02
1002320,2025-02-10,Office Supplies,South,Supplier A,WH-North,Express,14,308.04,11,535.6,13,1,31,9,6962.8,4004.52,2958.28,1,0,2025-02
1003642,2025-02-11,Home & Kitchen,North,Supplier D,WH-West,Standard,8,216.5,6,369.64,8,0,72,4,2957.12,1732.0,1225.12,0,1,2025-02
1002522,2025-02-11,Apparel,South,Supplier C,WH-South,Standard,19,138.51,11,184.43,17,2,41,13,3135.31,2354.67,780.64,1,0,2025-02
1002806,2025-02-11,Office Supplies,West,Supplier E,WH-South,Standard,18,98.75,5,150.72,16,2,72,5,2411.52,1580.0,831.52,1,1,2025-02
1005777,2025-02-11,Health & Beauty,North,Supplier B,WH-West,Express,23,52.25,6,79.43,20,3,55,8,1588.6,1045.0,543.6,1,0,2025-02
1003325,2025-02-11,Office Supplies,South,Supplier A,WH-West,Express,6,90.64,14,126.51,5,1,61,16,632.55,453.2,179.35,1,0,2025-02
1000386,2025-02-11,Home & Kitchen,North,Supplier D,WH-West,Same Day,24,433.44,9,580.4,22,2,45,9,12768.8,9535.68,3233.12,1,0,2025-02
1000691,2025-02-11,Office Supplies,East,Supplier C,WH-North,Standard,13,128.65,15,205.16,11,2,38,16,2256.76,1415.15,841.61,1,0,2025-02
1000657,2025-02-12,Office Supplies,South,Supplier A,WH-South,Standard,9,302.38,8,389.64,7,2,65,9,2727.48,2116.66,610.82,1,1,2025-02
1004700,2025-02-12,Health & Beauty,South,Supplier B,WH-North,Standard,7,179.69,2,312.51,7,0,63,1,2187.57,1257.83,929.74,0,1,2025-02
1005860,2025-02-12,Electronics,South,Supplier C,WH-West,Standard,19,151.81,10,264.92,15,4,66,11,3973.8,2277.15,1696.65,1,1,2025-02
1003780,2025-02-12,Electronics,East,Supplier E,WH-North,Same Day,16,33.51,3,51.07,15,1,20,1,766.05,502.65,263.4,1,1,2025-02
1004384,2025-02-12,Office Supplies,South,Supplier E,WH-West,Standard,11,270.12,7,336.27,11,0,66,5,3698.97,2971.32,727.65,0,1,2025-02
1001842,2025-02-13,Office Supplies,West,Supplier E,WH-East,Standard,7,309.22,14,487.32,5,2,24,14,2436.6,1546.1,890.5,1,0,2025-02
1005722,2025-02-13,Electronics,East,Supplier B,WH-South,Standard,17,175.21,10,241.18,15,2,43,12,3617.7,2628.15,989.55,1,1,2025-02
1001028,2025-02-13,Apparel,North,Supplier D,WH-South,Same Day,6,310.07,12,430.06,5,1,54,11,2150.3,1550.35,599.95,1,0,2025-02
1005707,2025-02-13,Office Supplies,South,Supplier E,WH-East,Standard,4,25.46,14,40.52,4,0,43,14,162.08,101.84,60.24,0,0,2025-02
1000972,2025-02-13,Health & Beauty,South,Supplier B,WH-East,Standard,19,92.07,13,120.51,18,1,18,14,2169.18,1657.26,511.92,1,0,2025-02
1004119,2025-02-14,Electronics,East,Supplier C,WH-East,Standard,1,241.74,8,285.53,1,0,37,8,285.53,241.74,43.79,0,1,2025-02
1001071,2025-02-14,Apparel,South,Supplier D,WH-East,Standard,24,8.21,4,10.81,21,3,57,2,227.01,172.41,54.6,1,1,2025-02
1001093,2025-02-14,Electronics,East,Supplier E,WH-South,Same Day,19,441.72,3,517.81,18,1,10,1,9320.58,7950.96,1369.62,1,1,2025-02
1005930,2025-02-14,Electronics,East,Supplier D,WH-East,Same Day,21,361.54,8,495.71,18,3,78,7,8922.78,6507.72,2415.06,1,0,2025-02
1000185,2025-02-14,Apparel,South,Supplier D,WH-South,Standard,16,16.9,10,19.5,15,1,52,9,292.5,253.5,39.0,1,1,2025-02
1004579,2025-02-15,Electronics,West,Supplier E,WH-West,Standard,6,87.89,11,119.74,6,0,70,10,718.44,527.34,191.1,0,1,2025-02
1003833,2025-02-15,Home & Kitchen,North,Supplier B,WH-South,Same Day,7,191.1,5,224.36,5,2,12,7,1121.8,955.5,166.3,1,0,2025-02
1003871,2025-02-15,Electronics,East,Supplier D,WH-South,Standard,22,292.17,7,442.25,20,2,18,7,8845.0,5843.4,3001.6,1,1,2025-02
1001658,2025-02-15,Home & Kitchen,South,Supplier E,WH-South,Standard,20,75.96,9,90.91,19,1,72,9,1727.29,1443.24,284.05,1,1,2025-02
1003284,2025-02-15,Health & Beauty,West,Supplier A,WH-East,Standard,16,21.55,16,30.49,15,1,73,16,457.35,323.25,134.1,1,0,2025-02
1003640,2025-02-15,Office Supplies,South,Supplier E,WH-West,Express,2,259.19,7,397.09,2,0,25,8,794.18,518.38,275.8,0,0,2025-02
1004295,2025-02-15,Home & Kitchen,West,Supplier A,WH-South,Standard,7,323.85,6,462.29,7,0,10,8,3236.03,2266.95,969.08,0,1,2025-02
1005087,2025-02-15,Office Supplies,East,Supplier D,WH-North,Standard,17,120.46,9,182.86,16,1,32,9,2925.76,1927.36,998.4,1,1,2025-02
1002644,2025-02-16,Apparel,West,Supplier C,WH-West,Standard,24,69.29,12,80.11,22,2,25,11,1762.42,1524.38,238.04,1,1,2025-02
1004345,2025-02-16,Electronics,West,Supplier B,WH-West,Standard,20,328.5,7,394.02,20,0,40,9,7880.4,6570.0,1310.4,0,1,2025-02
1004642,2025-02-16,Health & Beauty,West,Supplier E,WH-South,Express,7,90.06,14,129.79,6,1,13,14,778.74,540.36,238.38,1,0,2025-02
1000531,2025-02-16,Home & Kitchen,South,Supplier D,WH-North,Standard,1,369.18,7,644.95,1,0,59,7,644.95,369.18,275.77,0,1,2025-02
1004531,2025-02-17,Home & Kitchen,North,Supplier C,WH-South,Standard,5,121.83,12,162.04,4,1,38,12,648.16,487.32,160.84,1,1,2025-02
1004687,2025-02-17,Home & Kitchen,West,Supplier D,WH-North,Express,2,365.04,3,620.87,2,0,77,4,1241.74,730.08,511.66,0,1,2025-02
1004557,2025-02-17,Office Supplies,West,Supplier B,WH-South,Standard,20,234.03,14,397.95,19,1,75,15,7561.05,4446.57,3114.48,1,0,2025-02
1004357,2025-02-17,Apparel,North,Supplier C,WH-North,Same Day,6,370.48,5,632.36,5,1,32,5,3161.8,1852.4,1309.4,1,0,2025-02
1005990,2025-02-17,Health & Beauty,West,Supplier B,WH-West,Standard,19,388.2,7,566.48,17,2,24,9,9630.16,6599.4,3030.76,1,1,2025-02
1002588,2025-02-17,Home & Kitchen,West,Supplier E,WH-East,Standard,7,348.64,15,420.49,7,0,22,15,2943.43,2440.48,502.95,0,0,2025-02
1002808,2025-02-17,Electronics,East,Supplier C,WH-South,Standard,8,361.72,2,429.13,8,0,46,1,3433.04,2893.76,539.28,0,1,2025-02
1004330,2025-02-17,Apparel,East,Supplier E,WH-West,Express,19,289.68,6,356.6,19,0,49,5,6775.4,5503.92,1271.48,0,1,2025-02
1003575,2025-02-17,Office Supplies,East,Supplier C,WH-West,Standard,20,425.11,3,520.16,19,1,42,3,9883.04,8077.09,1805.95,1,1,2025-02
1000023,2025-02-17,Electronics,East,Supplier A,WH-North,Express,20,340.91,8,405.25,19,1,52,7,7699.75,6477.29,1222.46,1,0,2025-02
1001653,2025-02-17,Health & Beauty,East,Supplier C,WH-North,Standard,10,302.28,17,441.04,8,2,22,15,3528.32,2418.24,1110.08,1,0,2025-02
1002027,2025-02-17,Apparel,West,Supplier B,WH-South,Same Day,4,56.46,8,77.75,2,2,70,6,155.5,112.92,42.58,1,0,2025-02
1001471,2025-02-17,Electronics,East,Supplier B,WH-East,Standard,6,295.79,4,462.23,5,1,50,3,2311.15,1478.95,832.2,1,1,2025-02
1005414,2025-02-18,Office Supplies,South,Supplier A,WH-North,Express,17,147.42,10,232.75,16,1,21,12,3724.0,2358.72,1365.28,1,0,2025-02
1000681,2025-02-18,Apparel,West,Supplier E,WH-West,Standard,23,233.86,9,332.92,20,3,11,8,6658.4,4677.2,1981.2,1,1,2025-02
1000261,2025-02-18,Apparel,South,Supplier C,WH-West,Express,19,291.45,12,466.28,18,1,77,12,8393.04,5246.1,3146.94,1,0,2025-02
1000630,2025-02-18,Electronics,West,Supplier B,WH-North,Standard,21,95.52,17,128.89,20,1,68,17,2577.8,1910.4,667.4,1,0,2025-02
1004833,2025-02-18,Health & Beauty,East,Supplier D,WH-West,Standard,21,8.23,3,12.1,18,3,48,2,217.8,148.14,69.66,1,1,2025-02
1005686,2025-02-18,Office Supplies,East,Supplier B,WH-North,Standard,18,129.33,8,221.02,17,1,35,6,3757.34,2198.61,1558.73,1,1,2025-02
1000227,2025-02-19,Home & Kitchen,West,Supplier B,WH-West,Standard,23,428.97,2,645.67,21,2,33,2,13559.07,9008.37,4550.7,1,1,2025-02
1003434,2025-02-19,Health & Beauty,West,Supplier D,WH-North,Standard,1,359.41,2,467.79,1,0,48,3,467.79,359.41,108.38,0,1,2025-02
1005521,2025-02-19,Electronics,East,Supplier B,WH-West,Standard,20,259.39,4,364.73,18,2,70,6,6565.14,4669.02,1896.12,1,1,2025-02
1001823,2025-02-19,Apparel,North,Supplier A,WH-East,Standard,6,374.18,5,535.06,5,1,74,6,2675.3,1870.9,804.4,1,1,2025-02
1005200,2025-02-19,Home & Kitchen,West,Supplier C,WH-South,Standard,18,293.44,3,340.81,14,4,42,5,4771.34,4108.16,663.18,1,1,2025-02
1004625,2025-02-19,Home & Kitchen,North,Supplier C,WH-North,Standard,19,101.22,4,160.04,18,1,47,4,2880.72,1821.96,1058.76,1,1,2025-02
1002510,2025-02-19,Office Supplies,North,Supplier A,WH-West,Standard,17,269.79,5,402.66,16,1,16,7,6442.56,4316.64,2125.92,1,1,2025-02
1004561,2025-02-19,Electronics,South,Supplier C,WH-West,Express,18,125.59,15,177.84,17,1,66,15,3023.28,2135.03,888.25,1,0,2025-02
1001475,2025-02-19,Electronics,North,Supplier B,WH-North,Express,10,173.77,11,277.03,8,2,36,9,2216.24,1390.16,826.08,1,0,2025-02
1003025,2025-02-20,Office Supplies,West,Supplier E,WH-East,Standard,21,10.59,16,17.52,18,3,76,18,315.36,190.62,124.74,1,0,2025-02
1003495,2025-02-20,Office Supplies,South,Supplier B,WH-East,Standard,18,416.39,5,541.76,16,2,19,6,8668.16,6662.24,2005.92,1,1,2025-02
1002083,2025-02-20,Home & Kitchen,North,Supplier D,WH-South,Express,16,284.21,9,489.73,15,1,37,9,7345.95,4263.15,3082.8,1,0,2025-02
1005173,2025-02-20,Apparel,East,Supplier B,WH-East,Express,6,255.28,16,347.25,6,0,41,16,2083.5,1531.68,551.82,0,0,2025-02
1000507,2025-02-20,Home & Kitchen,South,Supplier B,WH-West,Standard,22,96.27,6,140.79,20,2,26,6,2815.8,1925.4,890.4,1,1,2025-02
1000523,2025-02-21,Health & Beauty,East,Supplier E,WH-East,Express,16,86.34,17,105.5,16,0,37,18,1688.0,1381.44,306.56,0,0,2025-02
1001897,2025-02-21,Health & Beauty,East,Supplier C,WH-West,Standard,12,232.41,9,354.71,11,1,77,8,3901.81,2556.51,1345.3,1,1,2025-02
1004171,2025-02-21,Home & Kitchen,South,Supplier D,WH-South,Standard,14,284.05,12,374.7,13,1,79,11,4871.1,3692.65,1178.45,1,1,2025-02
1001240,2025-02-21,Home & Kitchen,West,Supplier C,WH-North,Standard,13,274.47,5,478.34,12,1,63,7,5740.08,3293.64,2446.44,1,1,2025-02
1001158,2025-02-21,Apparel,East,Supplier A,WH-South,Standard,16,436.66,15,634.92,15,1,72,16,9523.8,6549.9,2973.9,1,0,2025-02
1002685,2025-02-21,Health & Beauty,East,Supplier D,WH-West,Standard,7,55.42,13,85.65,7,0,14,11,599.55,387.94,211.61,0,1,2025-02
1002326,2025-02-22,Home & Kitchen,West,Supplier A,WH-West,Express,13,121.82,9,150.18,13,0,59,9,1952.34,1583.66,368.68,0,0,2025-02
1003315,2025-02-22,Office Supplies,North,Supplier B,WH-West,Standard,7,104.39,5,124.83,6,1,25,5,748.98,626.34,122.64,1,1,2025-02
1005442,2025-02-22,Health & Beauty,South,Supplier C,WH-North,Standard,15,220.82,17,286.21,15,0,11,19,4293.15,3312.3,980.85,0,0,2025-02
1004198,2025-02-22,Apparel,East,Supplier D,WH-South,Standard,3,103.2,16,157.22,2,1,65,14,314.44,206.4,108.04,1,0,2025-02
1002205,2025-02-22,Health & Beauty,South,Supplier E,WH-North,Standard,1,24.63,4,42.1,1,0,79,2,42.1,24.63,17.47,0,1,2025-02
1004380,2025-02-22,Office Supplies,West,Supplier D,WH-North,Standard,19,210.99,15,287.73,16,3,14,14,4603.68,3375.84,1227.84,1,0,2025-02
1001003,2025-02-22,Office Supplies,North,Supplier A,WH-West,Standard,20,186.06,2,303.07,19,1,78,3,5758.33,3535.14,2223.19,1,1,2025-02
1005444,2025-02-22,Health & Beauty,West,Supplier D,WH-East,Standard,7,435.56,3,593.86,7,0,63,3,4157.02,3048.92,1108.1,0,1,2025-02
1003369,2025-02-22,Health & Beauty,West,Supplier C,WH-East,Standard,7,296.29,10,487.82,7,0,31,10,3414.74,2074.03,1340.71,0,1,2025-02
1000111,2025-02-22,Health & Beauty,North,Supplier B,WH-North,Express,11,161.17,8,226.73,11,0,74,8,2494.03,1772.87,721.16,0,0,2025-02
1001546,2025-02-22,Apparel,West,Supplier A,WH-North,Same Day,6,410.61,10,635.36,4,2,14,9,2541.44,1642.44,899.0,1,0,2025-02
1004368,2025-02-23,Health & Beauty,East,Supplier A,WH-West,Standard,16,235.99,12,294.62,15,1,68,13,4419.3,3539.85,879.45,1,0,2025-02
1000290,2025-02-23,Apparel,East,Supplier C,WH-West,Express,8,279.86,3,325.41,7,1,45,4,2277.87,1959.02,318.85,1,1,2025-02
1004111,2025-02-23,Home & Kitchen,South,Supplier A,WH-West,Express,16,257.53,16,426.63,15,1,40,17,6399.45,3862.95,2536.5,1,0,2025-02
1002133,2025-02-23,Apparel,North,Supplier B,WH-East,Standard,14,69.45,8,119.88,13,1,46,9,1558.44,902.85,655.59,1,1,2025-02
1001891,2025-02-23,Apparel,South,Supplier E,WH-South,Express,9,237.34,4,294.61,8,1,78,4,2356.88,1898.72,458.16,1,1,2025-02
1000533,2025-02-23,Apparel,West,Supplier A,WH-South,Standard,17,256.65,5,402.33,17,0,44,3,6839.61,4363.05,2476.56,0,1,2025-02
1003280,2025-02-23,Apparel,East,Supplier E,WH-West,Express,19,174.51,13,257.8,19,0,69,11,4898.2,3315.69,1582.51,0,0,2025-02
1003332,2025-02-23,Apparel,East,Supplier D,WH-North,Standard,11,278.28,12,442.45,10,1,49,12,4424.5,2782.8,1641.7,1,1,2025-02
1004455,2025-02-23,Health & Beauty,South,Supplier C,WH-West,Standard,15,188.24,7,272.31,13,2,16,5,3540.03,2447.12,1092.91,1,1,2025-02
1001066,2025-02-23,Electronics,East,Supplier C,WH-West,Standard,12,254.2,4,297.09,12,0,30,6,3565.08,3050.4,514.68,0,1,2025-02
1005802,2025-02-23,Electronics,North,Supplier A,WH-North,Standard,4,75.19,16,95.57,4,0,22,14,382.28,300.76,81.52,0,0,2025-02
1004994,2025-02-23,Health & Beauty,East,Supplier E,WH-East,Standard,11,427.47,10,680.8,11,0,10,10,7488.8,4702.17,2786.63,0,1,2025-02
1001136,2025-02-23,Apparel,East,Supplier A,WH-East,Standard,13,309.66,8,385.15,12,1,35,8,4621.8,3715.92,905.88,1,1,2025-02
1002424,2025-02-23,Apparel,North,Supplier A,WH-South,Standard,2,294.52,16,417.66,2,0,45,14,835.32,589.04,246.28,0,0,2025-02
1002635,2025-02-24,Office Supplies,South,Supplier A,WH-South,Standard,5,206.59,14,315.13,4,1,43,13,1260.52,826.36,434.16,1,0,2025-02
1003690,2025-02-24,Apparel,North,Supplier B,WH-East,Standard,22,225.55,2,375.34,21,1,15,1,7882.14,4736.55,3145.59,1,1,2025-02
1005953,2025-02-24,Office Supplies,North,Supplier B,WH-West,Standard,5,29.56,17,35.16,5,0,23,15,175.8,147.8,28.0,0,0,2025-02
1005746,2025-02-24,Apparel,North,Supplier B,WH-North,Standard,12,53.37,9,77.14,11,1,53,7,848.54,587.07,261.47,1,1,2025-02
1003361,2025-02-24,Apparel,West,Supplier E,WH-North,Standard,4,419.83,3,484.73,2,2,65,2,969.46,839.66,129.8,1,1,2025-02
1003797,2025-02-24,Electronics,South,Supplier D,WH-West,Express,8,428.33,8,495.03,6,2,17,9,2970.18,2569.98,400.2,1,0,2025-02
1004071,2025-02-24,Home & Kitchen,North,Supplier E,WH-South,Express,21,366.62,7,432.01,20,1,11,7,8640.2,7332.4,1307.8,1,0,2025-02
1003973,2025-02-24,Health & Beauty,East,Supplier D,WH-North,Standard,7,74.18,10,86.95,7,0,22,11,608.65,519.26,89.39,0,1,2025-02
1001617,2025-02-25,Electronics,South,Supplier B,WH-West,Express,4,136.06,5,162.54,3,1,74,5,487.62,408.18,79.44,1,1,2025-02
1000787,2025-02-25,Apparel,West,Supplier D,WH-East,Standard,19,412.41,15,515.3,17,2,44,17,8760.1,7010.97,1749.13,1,0,2025-02
1000291,2025-02-25,Apparel,North,Supplier C,WH-East,Standard,14,234.39,6,373.99,12,2,17,8,4487.88,2812.68,1675.2,1,1,2025-02
1005093,2025-02-25,Office Supplies,North,Supplier B,WH-East,Standard,13,144.57,7,234.65,13,0,50,5,3050.45,1879.41,1171.04,0,1,2025-02
1001041,2025-02-25,Apparel,South,Supplier E,WH-East,Standard,4,59.84,2,72.37,3,1,31,1,217.11,179.52,37.59,1,1,2025-02
1000615,2025-02-25,Apparel,East,Supplier C,WH-East,Express,12,349.21,9,506.73,12,0,30,8,6080.76,4190.52,1890.24,0,0,2025-02
1002481,2025-02-25,Apparel,South,Supplier C,WH-North,Standard,9,274.87,8,426.89,8,1,27,6,3415.12,2198.96,1216.16,1,1,2025-02
1005082,2025-02-25,Office Supplies,East,Supplier D,WH-West,Standard,15,181.18,12,244.05,15,0,27,12,3660.75,2717.7,943.05,0,1,2025-02
1003893,2025-02-25,Health & Beauty,East,Supplier D,WH-East,Standard,5,404.47,9,571.79,5,0,63,9,2858.95,2022.35,836.6,0,1,2025-02
1002426,2025-02-25,Apparel,East,Supplier E,WH-South,Standard,9,88.53,10,149.43,7,2,51,10,1046.01,619.71,426.3,1,1,2025-02
1002453,2025-02-26,Apparel,North,Supplier D,WH-South,Express,23,253.46,9,356.28,20,3,47,9,7125.6,5069.2,2056.4,1,0,2025-02
1005699,2025-02-26,Health & Beauty,North,Supplier E,WH-North,Standard,4,20.64,5,31.19,4,0,69,3,124.76,82.56,42.2,0,1,2025-02
1004161,2025-02-26,Apparel,South,Supplier A,WH-East,Standard,20,101.72,5,134.21,18,2,63,4,2415.78,1830.96,584.82,1,1,2025-02
1002875,2025-02-26,Apparel,East,Supplier B,WH-West,Standard,1,90.4,16,144.37,1,0,24,18,144.37,90.4,53.97,0,0,2025-02
1005488,2025-02-26,Home & Kitchen,South,Supplier A,WH-West,Standard,2,349.78,4,440.61,1,1,10,4,440.61,349.78,90.83,1,1,2025-02
1003214,2025-02-27,Office Supplies,East,Supplier D,WH-South,Standard,17,117.77,9,190.94,15,2,27,10,2864.1,1766.55,1097.55,1,1,2025-02
1005506,2025-02-27,Office Supplies,West,Supplier B,WH-West,Express,23,108.78,7,164.23,21,2,62,7,3448.83,2284.38,1164.45,1,0,2025-02
1001936,2025-02-27,Office Supplies,East,Supplier D,WH-North,Standard,22,320.49,8,392.38,20,2,63,7,7847.6,6409.8,1437.8,1,1,2025-02
1001203,2025-02-27,Electronics,South,Supplier C,WH-East,Standard,20,85.7,10,141.67,18,2,21,10,2550.06,1542.6,1007.46,1,1,2025-02
1005018,2025-02-27,Apparel,South,Supplier D,WH-North,Standard,8,141.7,14,229.55,7,1,37,14,1606.85,991.9,614.95,1,0,2025-02
1005203,2025-02-27,Apparel,West,Supplier A,WH-West,Express,16,417.97,16,606.43,16,0,22,16,9702.88,6687.52,3015.36,0,0,2025-02
1005763,2025-02-27,Home & Kitchen,South,Supplier A,WH-West,Standard,20,243.89,13,305.19,20,0,44,14,6103.8,4877.8,1226.0,0,0,2025-02
1003092,2025-02-27,Apparel,East,Supplier C,WH-West,Standard,19,330.16,12,475.21,19,0,21,10,9028.99,6273.04,2755.95,0,1,2025-02
1003167,2025-02-27,Electronics,South,Supplier C,WH-South,Express,24,352.47,14,525.68,22,2,27,15,11564.96,7754.34,3810.62,1,0,2025-02
1004890,2025-02-28,Office Supplies,South,Supplier D,WH-West,Same Day,13,152.49,6,207.29,12,1,47,8,2487.48,1829.88,657.6,1,0,2025-02
1001783,2025-02-28,Office Supplies,North,Supplier A,WH-South,Standard,21,189.69,15,328.99,21,0,31,14,6908.79,3983.49,2925.3,0,0,2025-02
1002492,2025-02-28,Electronics,East,Supplier E,WH-South,Standard,24,135.62,9,232.61,19,5,48,11,4419.59,2576.78,1842.81,1,1,2025-02
1004301,2025-02-28,Home & Kitchen,North,Supplier D,WH-North,Express,7,237.27,6,333.46,7,0,19,5,2334.22,1660.89,673.33,0,1,2025-02
1000922,2025-02-28,Office Supplies,South,Supplier C,WH-North,Express,3,47.21,6,77.76,2,1,58,8,155.52,94.42,61.1,1,0,2025-02
1004636,2025-02-28,Home & Kitchen,West,Supplier B,WH-West,Same Day,15,69.99,10,117.41,13,2,60,11,1526.33,909.87,616.46,1,0,2025-02
1004523,2025-02-28,Electronics,West,Supplier E,WH-East,Standard,3,307.99,8,424.75,3,0,44,9,1274.25,923.97,350.28,0,1,2025-02
1002858,2025-02-28,Office Supplies,South,Supplier A,WH-North,Express,16,329.72,11,392.62,15,1,46,11,5889.3,4945.8,943.5,1,0,2025-02
1002242,2025-02-28,Home & Kitchen,West,Supplier D,WH-West,Standard,20,150.29,5,198.94,20,0,58,6,3978.8,3005.8,973.0,0,1,2025-02
1004526,2025-03-01,Home & Kitchen,South,Supplier E,WH-West,Standard,13,174.41,7,282.6,13,0,21,6,3673.8,2267.33,1406.47,0,1,2025-03
1003100,2025-03-01,Electronics,West,Supplier C,WH-South,Express,8,357.15,6,448.8,8,0,31,4,3590.4,2857.2,733.2,0,1,2025-03
1001465,2025-03-01,Electronics,East,Supplier C,WH-West,Express,19,220.97,7,307.87,15,4,79,7,4618.05,3314.55,1303.5,1,0,2025-03
1005386,2025-03-01,Office Supplies,South,Supplier D,WH-South,Express,7,334.49,5,584.45,7,0,72,5,4091.15,2341.43,1749.72,0,1,2025-03
1001624,2025-03-01,Health & Beauty,West,Supplier A,WH-South,Standard,9,368.36,15,429.24,7,2,26,13,3004.68,2578.52,426.16,1,0,2025-03
1002841,2025-03-01,Home & Kitchen,East,Supplier A,WH-East,Standard,7,123.86,15,211.88,7,0,12,17,1483.16,867.02,616.14,0,0,2025-03
1002778,2025-03-01,Office Supplies,South,Supplier B,WH-South,Standard,22,377.88,6,441.58,21,1,55,8,9273.18,7935.48,1337.7,1,1,2025-03
1005650,2025-03-02,Office Supplies,North,Supplier C,WH-North,Standard,21,324.18,4,554.59,19,2,21,3,10537.21,6159.42,4377.79,1,1,2025-03
1002026,2025-03-02,Home & Kitchen,East,Supplier B,WH-South,Express,3,372.29,12,479.21,3,0,68,11,1437.63,1116.87,320.76,0,0,2025-03
1002002,2025-03-02,Electronics,East,Supplier B,WH-West,Standard,24,449.29,14,537.45,22,2,47,14,11823.9,9884.38,1939.52,1,0,2025-03
1002936,2025-03-02,Apparel,North,Supplier A,WH-West,Standard,21,328.63,14,554.47,20,1,29,15,11089.4,6572.6,4516.8,1,0,2025-03
1003963,2025-03-02,Health & Beauty,West,Supplier B,WH-North,Standard,14,13.5,12,22.46,13,1,26,13,291.98,175.5,116.48,1,0,2025-03
1005933,2025-03-02,Health & Beauty,North,Supplier A,WH-South,Standard,20,334.89,2,405.7,18,2,58,4,7302.6,6028.02,1274.58,1,1,2025-03
1002109,2025-03-02,Office Supplies,East,Supplier E,WH-North,Standard,3,137.77,2,193.02,1,2,34,4,193.02,137.77,55.25,1,1,2025-03
1000503,2025-03-02,Health & Beauty,North,Supplier D,WH-South,Standard,3,428.32,14,713.17,3,0,74,16,2139.51,1284.96,854.55,0,0,2025-03
1003370,2025-03-02,Apparel,North,Supplier A,WH-South,Standard,12,143.22,9,211.49,11,1,57,10,2326.39,1575.42,750.97,1,1,2025-03
1003680,2025-03-03,Electronics,East,Supplier A,WH-West,Express,1,128.41,4,210.98,1,0,34,6,210.98,128.41,82.57,0,0,2025-03
1003914,2025-03-03,Electronics,North,Supplier A,WH-East,Standard,3,243.07,8,288.62,3,0,59,10,865.86,729.21,136.65,0,1,2025-03
1001815,2025-03-03,Electronics,East,Supplier E,WH-East,Express,13,51.41,14,59.94,10,3,75,12,599.4,514.1,85.3,1,0,2025-03
1005054,2025-03-03,Health & Beauty,North,Supplier E,WH-West,Standard,22,346.11,15,499.7,22,0,65,15,10993.4,7614.42,3378.98,0,0,2025-03
1000062,2025-03-03,Office Supplies,East,Supplier C,WH-East,Standard,6,410.77,6,520.16,5,1,12,7,2600.8,2053.85,546.95,1,1,2025-03
1002247,2025-03-03,Electronics,South,Supplier C,WH-West,Same Day,8,431.85,3,702.77,7,1,37,5,4919.39,3022.95,1896.44,1,0,2025-03
1002004,2025-03-03,Home & Kitchen,East,Supplier D,WH-North,Standard,18,181.51,17,210.01,15,3,34,17,3150.15,2722.65,427.5,1,0,2025-03
1004225,2025-03-03,Health & Beauty,West,Supplier B,WH-East,Express,8,181.46,16,269.28,7,1,21,17,1884.96,1270.22,614.74,1,0,2025-03
1004645,2025-03-04,Electronics,South,Supplier B,WH-South,Standard,7,215.84,9,369.83,7,0,40,8,2588.81,1510.88,1077.93,0,1,2025-03
1005467,2025-03-04,Home & Kitchen,West,Supplier A,WH-East,Standard,4,235.32,4,407.4,3,1,12,4,1222.2,705.96,516.24,1,1,2025-03
1005975,2025-03-04,Electronics,East,Supplier D,WH-South,Standard,23,200.46,13,306.5,21,2,39,12,6436.5,4209.66,2226.84,1,1,2025-03
1002340,2025-03-04,Office Supplies,North,Supplier C,WH-North,Standard,22,288.25,16,395.48,19,3,68,16,7514.12,5476.75,2037.37,1,0,2025-03
1001199,2025-03-04,Apparel,South,Supplier C,WH-North,Express,7,199.39,15,260.35,6,1,54,15,1562.1,1196.34,365.76,1,0,2025-03
1004706,2025-03-04,Office Supplies,West,Supplier E,WH-East,Standard,3,368.92,17,600.54,3,0,60,17,1801.62,1106.76,694.86,0,0,2025-03
1003334,2025-03-04,Electronics,North,Supplier A,WH-North,Express,18,180.4,16,291.09,16,2,74,15,4657.44,2886.4,1771.04,1,0,2025-03
1005404,2025-03-04,Office Supplies,South,Supplier C,WH-East,Standard,12,347.01,7,440.64,11,1,46,7,4847.04,3817.11,1029.93,1,1,2025-03
1001494,2025-03-04,Electronics,North,Supplier B,WH-South,Express,8,100.54,10,175.46,7,1,12,8,1228.22,703.78,524.44,1,0,2025-03
1001697,2025-03-05,Apparel,East,Supplier A,WH-South,Standard,4,252.99,2,403.4,4,0,12,1,1613.6,1011.96,601.64,0,1,2025-03
1003395,2025-03-05,Electronics,East,Supplier A,WH-West,Standard,9,298.41,5,466.78,8,1,13,5,3734.24,2387.28,1346.96,1,1,2025-03
1001736,2025-03-05,Apparel,East,Supplier D,WH-North,Express,5,234.08,3,342.89,5,0,19,3,1714.45,1170.4,544.05,0,1,2025-03
1004904,2025-03-05,Home & Kitchen,East,Supplier C,WH-North,Standard,20,156.34,3,256.54,19,1,60,1,4874.26,2970.46,1903.8,1,1,2025-03
1005591,2025-03-06,Health & Beauty,South,Supplier C,WH-South,Express,12,324.92,5,522.9,11,1,35,5,5751.9,3574.12,2177.78,1,1,2025-03
1003272,2025-03-06,Electronics,West,Supplier E,WH-South,Standard,16,387.53,14,606.68,14,2,56,12,8493.52,5425.42,3068.1,1,1,2025-03
1003706,2025-03-06,Electronics,East,Supplier A,WH-East,Standard,4,45.93,4,64.59,3,1,53,6,193.77,137.79,55.98,1,1,2025-03
1003166,2025-03-06,Apparel,East,Supplier E,WH-South,Express,14,85.39,5,142.8,14,0,49,7,1999.2,1195.46,803.74,0,0,2025-03
1003418,2025-03-06,Office Supplies,West,Supplier B,WH-North,Standard,21,184.46,10,300.86,20,1,69,12,6017.2,3689.2,2328.0,1,1,2025-03
1005630,2025-03-06,Apparel,West,Supplier E,WH-East,Standard,10,26.39,15,35.62,10,0,23,15,356.2,263.9,92.3,0,0,2025-03
1001142,2025-03-06,Apparel,South,Supplier B,WH-East,Standard,24,405.4,2,590.03,22,2,59,3,12980.66,8918.8,4061.86,1,1,2025-03
1002203,2025-03-07,Home & Kitchen,South,Supplier C,WH-West,Express,4,52.96,16,84.06,4,0,69,17,336.24,211.84,124.4,0,0,2025-03
1001502,2025-03-07,Office Supplies,East,Supplier E,WH-South,Same Day,8,26.84,16,37.82,8,0,61,16,302.56,214.72,87.84,0,0,2025-03
1003142,2025-03-07,Office Supplies,South,Supplier B,WH-West,Standard,10,245.89,5,343.85,10,0,10,5,3438.5,2458.9,979.6,0,1,2025-03
1002739,2025-03-07,Home & Kitchen,South,Supplier A,WH-North,Express,18,271.04,12,449.26,17,1,65,12,7637.42,4607.68,3029.74,1,0,2025-03
1005448,2025-03-07,Office Supplies,East,Supplier A,WH-South,Standard,19,136.72,2,214.79,16,3,51,4,3436.64,2187.52,1249.12,1,1,2025-03
1000474,2025-03-07,Electronics,East,Supplier C,WH-West,Standard,22,119.56,12,189.02,21,1,71,11,3969.42,2510.76,1458.66,1,1,2025-03
1003217,2025-03-07,Electronics,South,Supplier B,WH-West,Standard,6,372.65,8,582.57,6,0,44,7,3495.42,2235.9,1259.52,0,1,2025-03
1004600,2025-03-08,Apparel,West,Supplier C,WH-East,Standard,22,325.09,5,393.7,22,0,40,4,8661.4,7151.98,1509.42,0,1,2025-03
1004083,2025-03-08,Apparel,East,Supplier C,WH-West,Standard,13,139.31,2,196.71,12,1,20,2,2360.52,1671.72,688.8,1,1,2025-03
1005312,2025-03-08,Apparel,East,Supplier B,WH-East,Standard,14,85.87,15,99.7,13,1,53,16,1296.1,1116.31,179.79,1,0,2025-03
1004836,2025-03-08,Apparel,East,Supplier E,WH-South,Standard,16,171.96,10,288.38,16,0,44,12,4614.08,2751.36,1862.72,0,1,2025-03
1003846,2025-03-09,Apparel,North,Supplier C,WH-South,Standard,6,168.04,8,225.05,6,0,45,9,1350.3,1008.24,342.06,0,1,2025-03
1003386,2025-03-09,Apparel,West,Supplier B,WH-North,Standard,11,50.89,9,71.02,9,2,67,10,639.18,458.01,181.17,1,1,2025-03
1005297,2025-03-09,Apparel,West,Supplier E,WH-North,Standard,17,223.24,17,298.48,17,0,32,16,5074.16,3795.08,1279.08,0,0,2025-03
1004906,2025-03-09,Home & Kitchen,North,Supplier B,WH-West,Express,2,71.07,10,82.51,2,0,76,10,165.02,142.14,22.88,0,0,2025-03
1003006,2025-03-09,Health & Beauty,West,Supplier C,WH-South,Standard,7,71.65,2,113.28,6,1,75,1,679.68,429.9,249.78,1,1,2025-03
1004908,2025-03-09,Electronics,East,Supplier B,WH-East,Standard,13,354.4,4,552.87,13,0,72,4,7187.31,4607.2,2580.11,0,1,2025-03
1000785,2025-03-10,Electronics,East,Supplier A,WH-East,Standard,20,310.65,2,475.44,19,1,46,1,9033.36,5902.35,3131.01,1,1,2025-03
1005774,2025-03-10,Apparel,West,Supplier D,WH-South,Standard,21,346.8,15,526.43,19,2,30,15,10002.17,6589.2,3412.97,1,0,2025-03
1000462,2025-03-10,Office Supplies,East,Supplier E,WH-East,Standard,10,47.84,2,63.9,8,2,30,1,511.2,382.72,128.48,1,1,2025-03
1002892,2025-03-10,Office Supplies,West,Supplier E,WH-East,Express,4,380.91,5,476.33,4,0,47,6,1905.32,1523.64,381.68,0,0,2025-03
1005925,2025-03-10,Home & Kitchen,West,Supplier B,WH-East,Standard,23,304.67,4,383.93,21,2,10,6,8062.53,6398.07,1664.46,1,1,2025-03
1002592,2025-03-10,Office Supplies,North,Supplier A,WH-South,Standard,3,218.77,4,350.07,3,0,74,3,1050.21,656.31,393.9,0,1,2025-03
1003452,2025-03-10,Electronics,North,Supplier D,WH-North,Express,20,130.71,10,175.64,19,1,47,12,3337.16,2483.49,853.67,1,0,2025-03
1002521,2025-03-10,Home & Kitchen,South,Supplier C,WH-South,Express,21,126.35,4,204.53,17,4,49,4,3477.01,2147.95,1329.06,1,1,2025-03
1004652,2025-03-10,Electronics,West,Supplier D,WH-South,Express,24,39.35,8,56.7,21,3,69,6,1190.7,826.35,364.35,1,0,2025-03
1001192,2025-03-10,Office Supplies,South,Supplier B,WH-South,Standard,13,383.63,4,666.57,13,0,71,5,8665.41,4987.19,3678.22,0,1,2025-03
1001390,2025-03-10,Home & Kitchen,West,Supplier E,WH-East,Standard,3,66.67,11,99.29,2,1,40,10,198.58,133.34,65.24,1,1,2025-03
1000792,2025-03-10,Health & Beauty,South,Supplier A,WH-West,Standard,10,314.72,7,548.22,9,1,40,7,4933.98,2832.48,2101.5,1,1,2025-03
1000967,2025-03-10,Apparel,West,Supplier C,WH-North,Standard,2,360.53,3,565.1,1,1,52,5,565.1,360.53,204.57,1,1,2025-03
1000002,2025-03-11,Home & Kitchen,East,Supplier C,WH-North,Standard,22,348.56,10,586.16,22,0,52,9,12895.52,7668.32,5227.2,0,1,2025-03
1005631,2025-03-11,Apparel,East,Supplier E,WH-West,Standard,7,50.95,11,83.26,6,1,43,13,499.56,305.7,193.86,1,0,2025-03
1004404,2025-03-11,Apparel,South,Supplier A,WH-West,Standard,4,249.66,3,288.19,4,0,24,2,1152.76,998.64,154.12,0,1,2025-03
1002367,2025-03-11,Apparel,West,Supplier E,WH-West,Express,2,40.97,15,63.02,1,1,51,14,63.02,40.97,22.05,1,0,2025-03
1002932,2025-03-11,Home & Kitchen,South,Supplier B,WH-West,Standard,5,173.47,4,265.51,5,0,35,5,1327.55,867.35,460.2,0,1,2025-03
1002533,2025-03-11,Health & Beauty,South,Supplier D,WH-North,Express,5,334.61,3,564.0,5,0,63,3,2820.0,1673.05,1146.95,0,1,2025-03
1002480,2025-03-11,Health & Beauty,South,Supplier E,WH-North,Standard,22,61.17,8,106.16,20,2,58,10,2123.2,1223.4,899.8,1,1,2025-03
1004147,2025-03-11,Home & Kitchen,South,Supplier A,WH-South,Same Day,17,28.37,4,45.18,16,1,64,4,722.88,453.92,268.96,1,0,2025-03
1001146,2025-03-11,Electronics,South,Supplier D,WH-East,Express,2,295.57,7,432.87,2,0,67,7,865.74,591.14,274.6,0,0,2025-03
1002624,2025-03-11,Apparel,North,Supplier B,WH-South,Same Day,16,115.03,8,156.58,16,0,59,7,2505.28,1840.48,664.8,0,0,2025-03
1001628,2025-03-12,Apparel,South,Supplier D,WH-South,Standard,8,67.24,3,115.36,8,0,65,3,922.88,537.92,384.96,0,1,2025-03
1000932,2025-03-12,Electronics,North,Supplier C,WH-South,Standard,6,275.74,16,407.08,6,0,42,15,2442.48,1654.44,788.04,0,0,2025-03
1002686,2025-03-12,Apparel,South,Supplier B,WH-North,Standard,20,138.88,6,176.49,18,2,54,5,3176.82,2499.84,676.98,1,1,2025-03
1000745,2025-03-12,Home & Kitchen,South,Supplier D,WH-West,Standard,6,410.93,4,486.11,5,1,48,5,2430.55,2054.65,375.9,1,1,2025-03
1004773,2025-03-12,Office Supplies,West,Supplier C,WH-South,Standard,9,281.3,2,388.68,9,0,56,1,3498.12,2531.7,966.42,0,1,2025-03
1003115,2025-03-12,Apparel,East,Supplier C,WH-North,Same Day,2,400.0,12,686.37,2,0,35,14,1372.74,800.0,572.74,0,0,2025-03
1005881,2025-03-12,Electronics,East,Supplier B,WH-East,Standard,17,26.94,5,37.92,16,1,65,3,606.72,431.04,175.68,1,1,2025-03
1003617,2025-03-12,Apparel,East,Supplier E,WH-West,Standard,17,411.74,15,675.86,17,0,49,17,11489.62,6999.58,4490.04,0,0,2025-03
1005365,2025-03-13,Health & Beauty,South,Supplier D,WH-East,Same Day,2,123.5,12,170.84,2,0,36,11,341.68,247.0,94.68,0,0,2025-03
1004925,2025-03-13,Health & Beauty,South,Supplier A,WH-South,Standard,18,233.61,6,378.31,18,0,12,8,6809.58,4204.98,2604.6,0,1,2025-03
1003878,2025-03-13,Home & Kitchen,West,Supplier A,WH-North,Standard,15,245.3,17,353.9,15,0,16,17,5308.5,3679.5,1629.0,0,0,2025-03
1003995,2025-03-13,Home & Kitchen,East,Supplier D,WH-West,Express,21,129.3,14,192.86,20,1,43,16,3857.2,2586.0,1271.2,1,0,2025-03
1000771,2025-03-13,Apparel,East,Supplier D,WH-West,Standard,20,97.37,5,157.38,20,0,75,3,3147.6,1947.4,1200.2,0,1,2025-03
1003329,2025-03-13,Health & Beauty,East,Supplier B,WH-West,Standard,2,46.33,3,58.63,2,0,16,3,117.26,92.66,24.6,0,1,2025-03
1005973,2025-03-13,Home & Kitchen,West,Supplier A,WH-West,Standard,9,129.03,3,210.98,9,0,72,2,1898.82,1161.27,737.55,0,1,2025-03
1003748,2025-03-13,Apparel,North,Supplier C,WH-East,Standard,4,96.22,5,147.62,3,1,14,6,442.86,288.66,154.2,1,1,2025-03
1000326,2025-03-13,Home & Kitchen,East,Supplier C,WH-West,Express,13,369.31,11,490.55,11,2,64,11,5396.05,4062.41,1333.64,1,0,2025-03
1003169,2025-03-13,Home & Kitchen,North,Supplier D,WH-South,Standard,18,295.9,2,515.98,17,1,10,1,8771.66,5030.3,3741.36,1,1,2025-03
1004316,2025-03-14,Electronics,North,Supplier B,WH-East,Express,5,177.64,17,291.46,5,0,33,17,1457.3,888.2,569.1,0,0,2025-03
1005029,2025-03-14,Office Supplies,East,Supplier C,WH-West,Standard,22,238.71,4,372.69,20,2,21,6,7453.8,4774.2,2679.6,1,1,2025-03
1005062,2025-03-14,Health & Beauty,East,Supplier D,WH-East,Standard,14,61.65,10,92.33,12,2,62,8,1107.96,739.8,368.16,1,1,2025-03
1004937,2025-03-14,Health & Beauty,East,Supplier B,WH-East,Standard,14,414.31,2,713.78,13,1,70,1,9279.14,5386.03,3893.11,1,1,2025-03
1000229,2025-03-14,Home & Kitchen,East,Supplier E,WH-South,Standard,22,125.64,6,167.91,19,3,13,7,3190.29,2387.16,803.13,1,1,2025-03
1002191,2025-03-14,Office Supplies,South,Supplier A,WH-South,Standard,14,192.6,4,336.91,14,0,46,4,4716.74,2696.4,2020.34,0,1,2025-03
1005927,2025-03-14,Electronics,South,Supplier C,WH-East,Express,12,181.08,13,219.98,10,2,65,12,2199.8,1810.8,389.0,1,0,2025-03
1005377,2025-03-14,Electronics,West,Supplier B,WH-North,Standard,11,374.96,15,606.1,9,2,61,14,5454.9,3374.64,2080.26,1,0,2025-03
1005807,2025-03-15,Health & Beauty,South,Supplier A,WH-North,Standard,2,375.98,7,654.19,1,1,16,7,654.19,375.98,278.21,1,1,2025-03
1003380,2025-03-15,Electronics,South,Supplier E,WH-East,Standard,23,397.57,12,599.75,22,1,68,11,13194.5,8746.54,4447.96,1,1,2025-03
1005922,2025-03-15,Electronics,East,Supplier C,WH-North,Express,4,54.73,5,78.69,4,0,64,7,314.76,218.92,95.84,0,0,2025-03
1001484,2025-03-15,Apparel,East,Supplier C,WH-North,Same Day,11,381.33,2,607.75,10,1,15,2,6077.5,3813.3,2264.2,1,1,2025-03
1003357,2025-03-15,Apparel,North,Supplier E,WH-South,Standard,24,138.61,13,219.72,23,1,16,11,5053.56,3188.03,1865.53,1,1,2025-03
1001512,2025-03-15,Home & Kitchen,South,Supplier B,WH-East,Standard,8,22.53,14,38.69,7,1,38,12,270.83,157.71,113.12,1,1,2025-03
1001715,2025-03-15,Health & Beauty,West,Supplier E,WH-East,Standard,19,31.64,7,46.85,17,2,46,7,796.45,537.88,258.57,1,1,2025-03
1003660,2025-03-16,Home & Kitchen,South,Supplier A,WH-West,Express,7,344.89,11,410.01,7,0,59,11,2870.07,2414.23,455.84,0,0,2025-03
1005660,2025-03-16,Office Supplies,North,Supplier C,WH-South,Same Day,7,440.07,17,751.63,7,0,22,16,5261.41,3080.49,2180.92,0,0,2025-03
1005684,2025-03-16,Health & Beauty,East,Supplier E,WH-West,Standard,6,391.84,13,490.81,6,0,33,13,2944.86,2351.04,593.82,0,0,2025-03
1001069,2025-03-16,Health & Beauty,North,Supplier C,WH-South,Express,22,63.67,15,77.26,21,1,30,13,1622.46,1337.07,285.39,1,0,2025-03
1003211,2025-03-16,Apparel,South,Supplier D,WH-North,Standard,1,91.81,6,129.56,1,0,19,6,129.56,91.81,37.75,0,1,2025-03
1000674,2025-03-16,Home & Kitchen,South,Supplier B,WH-West,Standard,20,317.2,14,446.74,16,4,72,12,7147.84,5075.2,2072.64,1,1,2025-03
1003858,2025-03-16,Apparel,North,Supplier C,WH-East,Same Day,22,315.04,10,498.39,20,2,54,9,9967.8,6300.8,3667.0,1,0,2025-03
1000962,2025-03-16,Health & Beauty,East,Supplier A,WH-South,Standard,10,150.97,15,174.86,8,2,55,16,1398.88,1207.76,191.12,1,0,2025-03
1005908,2025-03-16,Electronics,South,Supplier B,WH-East,Standard,23,113.12,10,147.86,21,2,34,11,3105.06,2375.52,729.54,1,1,2025-03
1002827,2025-03-16,Office Supplies,East,Supplier B,WH-West,Standard,21,441.79,3,720.46,19,2,40,3,13688.74,8394.01,5294.73,1,1,2025-03
1002213,2025-03-16,Office Supplies,West,Supplier B,WH-South,Standard,15,100.11,2,123.5,14,1,27,4,1729.0,1401.54,327.46,1,1,2025-03
1004841,2025-03-17,Home & Kitchen,North,Supplier A,WH-South,Standard,2,79.03,17,124.85,1,1,69,17,124.85,79.03,45.82,1,0,2025-03
1003057,2025-03-17,Electronics,East,Supplier C,WH-South,Standard,8,120.63,6,158.86,6,2,58,6,953.16,723.78,229.38,1,1,2025-03
1002541,2025-03-17,Apparel,East,Supplier A,WH-South,Standard,9,312.04,2,413.51,8,1,45,2,3308.08,2496.32,811.76,1,1,2025-03
1000201,2025-03-17,Apparel,South,Supplier B,WH-West,Standard,18,371.84,5,572.06,12,6,26,3,6864.72,4462.08,2402.64,1,1,2025-03
1004722,2025-03-17,Apparel,South,Supplier D,WH-South,Express,11,291.16,3,439.89,7,4,53,5,3079.23,2038.12,1041.11,1,1,2025-03
1001303,2025-03-17,Electronics,West,Supplier C,WH-North,Standard,24,245.83,16,358.59,22,2,79,16,7888.98,5408.26,2480.72,1,0,2025-03
1002269,2025-03-17,Home & Kitchen,North,Supplier A,WH-South,Standard,11,163.4,6,234.59,8,3,23,7,1876.72,1307.2,569.52,1,1,2025-03
1000487,2025-03-17,Apparel,North,Supplier C,WH-West,Same Day,8,332.47,15,464.08,7,1,53,17,3248.56,2327.29,921.27,1,0,2025-03
1003389,2025-03-18,Office Supplies,East,Supplier B,WH-East,Express,12,168.66,9,220.33,12,0,73,11,2643.96,2023.92,620.04,0,0,2025-03
1004137,2025-03-18,Home & Kitchen,South,Supplier C,WH-East,Standard,5,45.6,12,62.8,5,0,72,13,314.0,228.0,86.0,0,0,2025-03
1004340,2025-03-18,Health & Beauty,East,Supplier C,WH-West,Standard,5,426.97,14,605.24,3,2,64,15,1815.72,1280.91,534.81,1,0,2025-03
1000928,2025-03-18,Office Supplies,East,Supplier B,WH-South,Standard,14,237.26,8,331.83,14,0,45,7,4645.62,3321.64,1323.98,0,1,2025-03
1005941,2025-03-18,Health & Beauty,South,Supplier B,WH-East,Same Day,24,436.88,14,751.17,23,1,14,14,17276.91,10048.24,7228.67,1,0,2025-03
1003077,2025-03-18,Office Supplies,South,Supplier C,WH-West,Standard,10,180.51,10,298.75,9,1,35,11,2688.75,1624.59,1064.16,1,1,2025-03
1003518,2025-03-18,Home & Kitchen,North,Supplier C,WH-North,Standard,7,379.97,15,626.76,7,0,14,15,4387.32,2659.79,1727.53,0,0,2025-03
1001441,2025-03-18,Home & Kitchen,East,Supplier E,WH-South,Standard,6,14.54,3,19.1,5,1,40,5,95.5,72.7,22.8,1,1,2025-03
1005351,2025-03-18,Health & Beauty,South,Supplier A,WH-West,Standard,19,397.01,7,585.15,16,3,41,6,9362.4,6352.16,3010.24,1,1,2025-03
1004427,2025-03-18,Electronics,South,Supplier D,WH-North,Standard,15,432.86,14,714.28,15,0,21,13,10714.2,6492.9,4221.3,0,0,2025-03
1001230,2025-03-18,Electronics,West,Supplier C,WH-West,Standard,23,91.7,6,138.78,20,3,69,6,2775.6,1834.0,941.6,1,1,2025-03
1003368,2025-03-19,Office Supplies,West,Supplier E,WH-South,Standard,6,445.33,11,651.49,3,3,66,11,1954.47,1335.99,618.48,1,1,2025-03
1004496,2025-03-19,Apparel,North,Supplier E,WH-North,Standard,4,158.15,17,273.73,4,0,19,18,1094.92,632.6,462.32,0,0,2025-03
1005740,2025-03-19,Apparel,East,Supplier C,WH-North,Standard,6,63.56,3,77.48,6,0,13,1,464.88,381.36,83.52,0,1,2025-03
1005057,2025-03-19,Office Supplies,South,Supplier D,WH-North,Standard,7,28.41,6,37.74,7,0,72,6,264.18,198.87,65.31,0,1,2025-03
1000415,2025-03-19,Health & Beauty,South,Supplier B,WH-South,Express,14,388.39,16,557.18,12,2,79,18,6686.16,4660.68,2025.48,1,0,2025-03
1002857,2025-03-20,Apparel,West,Supplier D,WH-West,Standard,3,84.87,15,126.5,3,0,79,17,379.5,254.61,124.89,0,0,2025-03
1005364,2025-03-20,Electronics,North,Supplier A,WH-East,Standard,21,240.7,13,393.89,19,2,19,15,7483.91,4573.3,2910.61,1,0,2025-03
1004449,2025-03-20,Apparel,North,Supplier E,WH-East,Express,15,130.81,6,220.69,12,3,50,8,2648.28,1569.72,1078.56,1,0,2025-03
1004732,2025-03-20,Health & Beauty,West,Supplier E,WH-East,Standard,8,260.21,7,334.03,8,0,28,5,2672.24,2081.68,590.56,0,1,2025-03
1002152,2025-03-20,Health & Beauty,South,Supplier D,WH-East,Express,4,397.53,7,556.95,4,0,24,6,2227.8,1590.12,637.68,0,0,2025-03
1003156,2025-03-20,Office Supplies,South,Supplier D,WH-South,Standard,12,57.83,12,77.31,11,1,27,11,850.41,636.13,214.28,1,1,2025-03
1000564,2025-03-20,Electronics,East,Supplier C,WH-East,Standard,15,187.22,14,298.65,13,2,18,13,3882.45,2433.86,1448.59,1,0,2025-03
1005410,2025-03-20,Home & Kitchen,East,Supplier B,WH-West,Standard,8,391.41,3,635.03,7,1,24,1,4445.21,2739.87,1705.34,1,1,2025-03
1003260,2025-03-20,Health & Beauty,North,Supplier A,WH-East,Standard,20,271.26,14,416.81,17,3,44,15,7085.77,4611.42,2474.35,1,0,2025-03
1001873,2025-03-20,Apparel,West,Supplier A,WH-South,Standard,9,138.55,12,182.18,9,0,21,12,1639.62,1246.95,392.67,0,1,2025-03
1000631,2025-03-20,Electronics,East,Supplier E,WH-West,Standard,3,99.87,15,125.73,3,0,61,15,377.19,299.61,77.58,0,0,2025-03
1003935,2025-03-21,Office Supplies,East,Supplier E,WH-North,Standard,11,351.24,4,614.63,10,1,72,4,6146.3,3512.4,2633.9,1,1,2025-03
1005316,2025-03-21,Health & Beauty,South,Supplier E,WH-North,Standard,22,323.41,7,560.82,18,4,41,5,10094.76,5821.38,4273.38,1,1,2025-03
1003904,2025-03-21,Electronics,South,Supplier B,WH-West,Standard,10,166.76,13,199.05,9,1,63,12,1791.45,1500.84,290.61,1,1,2025-03
1002278,2025-03-21,Office Supplies,South,Supplier E,WH-North,Standard,16,199.06,13,239.66,14,2,74,13,3355.24,2786.84,568.4,1,0,2025-03
1005023,2025-03-21,Office Supplies,South,Supplier C,WH-West,Express,15,340.62,16,463.43,15,0,69,18,6951.45,5109.3,1842.15,0,0,2025-03
1003629,2025-03-21,Electronics,North,Supplier D,WH-South,Standard,24,420.61,13,731.59,24,0,60,13,17558.16,10094.64,7463.52,0,0,2025-03
1000760,2025-03-21,Apparel,West,Supplier B,WH-North,Standard,9,180.63,17,288.25,9,0,47,17,2594.25,1625.67,968.58,0,0,2025-03
1000941,2025-03-21,Home & Kitchen,North,Supplier B,WH-East,Express,19,91.24,13,131.23,17,2,16,13,2230.91,1551.08,679.83,1,0,2025-03
1005514,2025-03-22,Electronics,South,Supplier B,WH-North,Standard,9,246.16,8,308.99,9,0,23,7,2780.91,2215.44,565.47,0,1,2025-03
1005053,2025-03-22,Apparel,North,Supplier D,WH-North,Standard,15,123.26,10,213.76,13,2,63,10,2778.88,1602.38,1176.5,1,1,2025-03
1002386,2025-03-22,Home & Kitchen,South,Supplier C,WH-West,Standard,7,408.14,6,655.58,6,1,15,4,3933.48,2448.84,1484.64,1,1,2025-03
1000793,2025-03-22,Apparel,South,Supplier D,WH-East,Standard,16,345.39,15,597.74,15,1,23,15,8966.1,5180.85,3785.25,1,0,2025-03
1005256,2025-03-22,Home & Kitchen,East,Supplier E,WH-South,Standard,6,371.34,8,452.22,6,0,46,8,2713.32,2228.04,485.28,0,1,2025-03
1002924,2025-03-22,Electronics,North,Supplier C,WH-East,Express,22,127.7,7,170.57,22,0,64,6,3752.54,2809.4,943.14,0,0,2025-03
1000456,2025-03-22,Electronics,West,Supplier D,WH-North,Standard,17,440.34,7,570.67,16,1,10,6,9130.72,7045.44,2085.28,1,1,2025-03
1005935,2025-03-23,Electronics,South,Supplier D,WH-West,Standard,15,112.32,10,148.19,14,1,78,10,2074.66,1572.48,502.18,1,1,2025-03
1001058,2025-03-23,Apparel,East,Supplier B,WH-West,Standard,3,302.86,10,363.51,1,2,43,10,363.51,302.86,60.65,1,1,2025-03
1003397,2025-03-23,Apparel,North,Supplier E,WH-North,Express,15,355.02,7,411.42,14,1,31,5,5759.88,4970.28,789.6,1,1,2025-03
1005577,2025-03-23,Apparel,East,Supplier C,WH-South,Standard,9,147.81,9,176.57,7,2,53,10,1235.99,1034.67,201.32,1,1,2025-03
1001648,2025-03-23,Health & Beauty,West,Supplier D,WH-North,Standard,7,192.93,16,320.51,6,1,69,17,1923.06,1157.58,765.48,1,0,2025-03
1005429,2025-03-23,Home & Kitchen,North,Supplier B,WH-East,Standard,2,195.68,4,250.07,1,1,36,2,250.07,195.68,54.39,1,1,2025-03
1002511,2025-03-24,Apparel,South,Supplier D,WH-South,Standard,3,429.1,10,735.67,2,1,26,10,1471.34,858.2,613.14,1,1,2025-03
1001935,2025-03-24,Health & Beauty,North,Supplier E,WH-West,Standard,13,85.37,13,114.46,12,1,70,12,1373.52,1024.44,349.08,1,1,2025-03
1005357,2025-03-24,Home & Kitchen,North,Supplier E,WH-West,Same Day,10,148.22,8,182.53,10,0,70,7,1825.3,1482.2,343.1,0,0,2025-03
1003210,2025-03-24,Office Supplies,South,Supplier C,WH-North,Standard,14,267.16,4,331.6,13,1,32,6,4310.8,3473.08,837.72,1,1,2025-03
1000761,2025-03-24,Electronics,South,Supplier B,WH-North,Standard,19,42.0,12,53.68,15,4,43,13,805.2,630.0,175.2,1,0,2025-03
1004592,2025-03-24,Health & Beauty,South,Supplier B,WH-South,Same Day,5,414.47,3,676.54,5,0,50,4,3382.7,2072.35,1310.35,0,0,2025-03
1002660,2025-03-24,Health & Beauty,West,Supplier D,WH-North,Express,12,333.16,16,542.34,9,3,27,18,4881.06,2998.44,1882.62,1,0,2025-03
1004360,2025-03-24,Office Supplies,West,Supplier B,WH-East,Express,8,192.91,15,275.14,8,0,63,13,2201.12,1543.28,657.84,0,0,2025-03
1002317,2025-03-24,Apparel,East,Supplier E,WH-West,Standard,17,449.64,9,733.85,15,2,21,10,11007.75,6744.6,4263.15,1,1,2025-03
1000718,2025-03-25,Home & Kitchen,West,Supplier A,WH-East,Standard,17,118.82,7,187.64,16,1,35,5,3002.24,1901.12,1101.12,1,1,2025-03
1003953,2025-03-25,Apparel,East,Supplier D,WH-South,Same Day,23,340.39,16,581.15,19,4,16,17,11041.85,6467.41,4574.44,1,0,2025-03
1004263,2025-03-25,Office Supplies,West,Supplier D,WH-East,Standard,6,242.58,13,318.23,6,0,19,13,1909.38,1455.48,453.9,0,0,2025-03
1000812,2025-03-25,Electronics,West,Supplier A,WH-South,Standard,20,219.13,2,368.07,18,2,26,4,6625.26,3944.34,2680.92,1,1,2025-03
1004549,2025-03-25,Electronics,West,Supplier C,WH-South,Express,9,95.68,9,118.06,8,1,53,10,944.48,765.44,179.04,1,0,2025-03
1004856,2025-03-25,Home & Kitchen,South,Supplier E,WH-North,Express,14,426.99,5,663.49,12,2,53,7,7961.88,5123.88,2838.0,1,0,2025-03
1003293,2025-03-25,Office Supplies,North,Supplier B,WH-North,Standard,18,214.05,13,271.97,18,0,34,11,4895.46,3852.9,1042.56,0,1,2025-03
1002093,2025-03-25,Health & Beauty,West,Supplier E,WH-East,Standard,9,433.73,17,681.74,9,0,68,17,6135.66,3903.57,2232.09,0,0,2025-03
1003012,2025-03-25,Apparel,North,Supplier C,WH-East,Standard,8,440.18,14,730.87,8,0,27,14,5846.96,3521.44,2325.52,0,0,2025-03
1003598,2025-03-25,Electronics,North,Supplier A,WH-South,Standard,4,183.65,10,281.32,4,0,78,8,1125.28,734.6,390.68,0,1,2025-03
1005219,2025-03-25,Electronics,West,Supplier E,WH-South,Standard,9,30.19,9,44.28,8,1,18,9,354.24,241.52,112.72,1,1,2025-03
1001467,2025-03-25,Electronics,North,Supplier B,WH-West,Express,4,372.18,4,593.34,3,1,74,2,1780.02,1116.54,663.48,1,1,2025-03
1001372,2025-03-25,Health & Beauty,West,Supplier E,WH-East,Same Day,12,82.64,14,127.08,11,1,63,13,1397.88,909.04,488.84,1,0,2025-03
1003606,2025-03-26,Office Supplies,South,Supplier A,WH-East,Standard,3,241.63,17,357.7,2,1,71,17,715.4,483.26,232.14,1,0,2025-03
1005086,2025-03-26,Home & Kitchen,South,Supplier A,WH-North,Express,20,424.91,12,555.56,19,1,49,13,10555.64,8073.29,2482.35,1,0,2025-03
1003990,2025-03-26,Electronics,West,Supplier D,WH-East,Standard,17,82.25,14,117.99,16,1,49,14,1887.84,1316.0,571.84,1,0,2025-03
1004818,2025-03-26,Apparel,North,Supplier C,WH-West,Standard,1,12.66,9,20.98,1,0,21,10,20.98,12.66,8.32,0,1,2025-03
1004611,2025-03-26,Office Supplies,South,Supplier D,WH-West,Standard,7,249.48,10,424.76,7,0,57,11,2973.32,1746.36,1226.96,0,1,2025-03
1004234,2025-03-26,Electronics,South,Supplier B,WH-West,Standard,5,423.14,9,512.35,3,2,30,9,1537.05,1269.42,267.63,1,1,2025-03
1003341,2025-03-26,Apparel,East,Supplier E,WH-East,Express,21,86.35,15,114.14,19,2,34,16,2168.66,1640.65,528.01,1,0,2025-03
1000639,2025-03-26,Apparel,West,Supplier B,WH-West,Standard,7,148.01,8,192.48,6,1,78,7,1154.88,888.06,266.82,1,1,2025-03
1002156,2025-03-27,Home & Kitchen,South,Supplier A,WH-North,Same Day,4,412.26,2,491.94,4,0,37,2,1967.76,1649.04,318.72,0,1,2025-03
1003681,2025-03-27,Health & Beauty,East,Supplier D,WH-East,Standard,10,309.64,9,491.07,8,2,48,11,3928.56,2477.12,1451.44,1,1,2025-03
1005520,2025-03-27,Electronics,South,Supplier E,WH-South,Standard,3,312.33,7,365.54,3,0,53,7,1096.62,936.99,159.63,0,1,2025-03
1001247,2025-03-27,Home & Kitchen,North,Supplier A,WH-South,Same Day,22,162.33,13,212.94,20,2,43,11,4258.8,3246.6,1012.2,1,0,2025-03
1004346,2025-03-27,Home & Kitchen,West,Supplier D,WH-South,Standard,18,223.22,8,324.27,17,1,73,8,5512.59,3794.74,1717.85,1,1,2025-03
1004195,2025-03-27,Electronics,West,Supplier A,WH-South,Standard,9,41.47,2,68.05,7,2,19,2,476.35,290.29,186.06,1,1,2025-03
1003705,2025-03-27,Health & Beauty,West,Supplier B,WH-South,Express,5,278.94,6,350.72,5,0,32,6,1753.6,1394.7,358.9,0,0,2025-03
1005820,2025-03-27,Apparel,South,Supplier B,WH-West,Standard,22,45.27,3,58.27,19,3,75,2,1107.13,860.13,247.0,1,1,2025-03
1004224,2025-03-27,Electronics,South,Supplier B,WH-South,Standard,21,337.42,15,500.33,16,5,66,15,8005.28,5398.72,2606.56,1,0,2025-03
1004266,2025-03-27,Health & Beauty,North,Supplier C,WH-West,Express,22,215.5,12,278.77,19,3,28,11,5296.63,4094.5,1202.13,1,0,2025-03
1000334,2025-03-28,Home & Kitchen,North,Supplier E,WH-East,Standard,16,238.1,7,381.96,15,1,34,7,5729.4,3571.5,2157.9,1,1,2025-03
1000273,2025-03-28,Electronics,South,Supplier D,WH-West,Standard,4,440.68,8,664.63,3,1,10,6,1993.89,1322.04,671.85,1,1,2025-03
1005495,2025-03-28,Office Supplies,East,Supplier D,WH-East,Standard,1,124.69,9,170.74,1,0,45,10,170.74,124.69,46.05,0,1,2025-03
1003899,2025-03-28,Apparel,West,Supplier A,WH-East,Express,9,165.71,15,248.6,7,2,30,15,1740.2,1159.97,580.23,1,0,2025-03
1001721,2025-03-28,Home & Kitchen,East,Supplier C,WH-South,Standard,17,290.77,15,396.8,15,2,18,16,5952.0,4361.55,1590.45,1,0,2025-03
1005014,2025-03-28,Home & Kitchen,East,Supplier E,WH-West,Express,18,57.7,15,85.7,17,1,49,13,1456.9,980.9,476.0,1,0,2025-03
1002271,2025-03-28,Health & Beauty,West,Supplier B,WH-West,Express,15,183.5,7,279.63,15,0,26,9,4194.45,2752.5,1441.95,0,0,2025-03
1000470,2025-03-28,Electronics,East,Supplier B,WH-North,Standard,2,168.66,16,214.12,2,0,31,15,428.24,337.32,90.92,0,0,2025-03
1004209,2025-03-28,Electronics,East,Supplier A,WH-West,Express,8,404.15,5,665.17,8,0,13,6,5321.36,3233.2,2088.16,0,0,2025-03
1003266,2025-03-28,Home & Kitchen,West,Supplier E,WH-West,Standard,22,327.21,7,548.17,20,2,45,8,10963.4,6544.2,4419.2,1,1,2025-03
1001581,2025-03-29,Home & Kitchen,South,Supplier D,WH-South,Standard,8,208.11,7,256.14,7,1,56,5,1792.98,1456.77,336.21,1,1,2025-03
1002957,2025-03-29,Health & Beauty,South,Supplier D,WH-West,Standard,11,42.53,10,56.0,10,1,15,10,560.0,425.3,134.7,1,1,2025-03
1003303,2025-03-29,Apparel,East,Supplier D,WH-East,Express,19,304.63,16,413.18,18,1,70,16,7437.24,5483.34,1953.9,1,0,2025-03
1005799,2025-03-29,Office Supplies,North,Supplier B,WH-West,Standard,23,335.7,8,552.19,21,2,72,6,11595.99,7049.7,4546.29,1,1,2025-03
1002094,2025-03-29,Health & Beauty,East,Supplier A,WH-North,Standard,8,102.63,13,142.6,7,1,71,13,998.2,718.41,279.79,1,0,2025-03
1003048,2025-03-29,Apparel,West,Supplier B,WH-North,Standard,6,22.82,11,38.5,5,1,24,9,192.5,114.1,78.4,1,1,2025-03
1002064,2025-03-29,Apparel,North,Supplier D,WH-West,Standard,24,283.74,2,379.08,22,2,30,1,8339.76,6242.28,2097.48,1,1,2025-03
1005524,2025-03-29,Electronics,West,Supplier B,WH-West,Standard,6,148.07,15,196.98,6,0,18,13,1181.88,888.42,293.46,0,0,2025-03
1002206,2025-03-30,Apparel,West,Supplier C,WH-East,Express,16,39.65,10,47.65,15,1,35,10,714.75,594.75,120.0,1,0,2025-03
1002073,2025-03-30,Home & Kitchen,South,Supplier B,WH-South,Same Day,21,249.81,11,396.88,19,2,14,13,7540.72,4746.39,2794.33,1,0,2025-03
1001330,2025-03-30,Health & Beauty,East,Supplier E,WH-South,Standard,16,285.4,12,412.42,16,0,75,12,6598.72,4566.4,2032.32,0,1,2025-03
1002439,2025-03-30,Electronics,West,Supplier C,WH-South,Standard,17,94.31,6,160.6,14,3,10,8,2248.4,1320.34,928.06,1,1,2025-03
1000568,2025-03-30,Home & Kitchen,South,Supplier D,WH-South,Standard,12,436.9,15,686.46,10,2,33,13,6864.6,4369.0,2495.6,1,0,2025-03
1001755,2025-03-30,Apparel,West,Supplier C,WH-East,Standard,5,422.4,5,697.77,5,0,15,6,3488.85,2112.0,1376.85,0,1,2025-03
1003724,2025-03-30,Home & Kitchen,South,Supplier E,WH-South,Standard,20,401.77,7,687.03,19,1,66,8,13053.57,7633.63,5419.94,1,1,2025-03
1000061,2025-03-30,Apparel,North,Supplier B,WH-South,Same Day,11,82.32,6,95.63,8,3,29,7,765.04,658.56,106.48,1,0,2025-03
1004800,2025-03-30,Apparel,North,Supplier B,WH-South,Standard,8,268.39,9,336.53,8,0,70,7,2692.24,2147.12,545.12,0,1,2025-03
1003185,2025-03-30,Apparel,South,Supplier B,WH-West,Standard,11,292.06,17,378.36,11,0,64,19,4161.96,3212.66,949.3,0,0,2025-03
1004487,2025-03-30,Apparel,South,Supplier B,WH-East,Standard,3,73.58,17,87.14,3,0,22,15,261.42,220.74,40.68,0,0,2025-03
1001654,2025-03-30,Home & Kitchen,North,Supplier C,WH-East,Standard,17,199.46,14,342.1,17,0,16,14,5815.7,3390.82,2424.88,0,0,2025-03
1003257,2025-03-31,Apparel,North,Supplier E,WH-East,Standard,1,231.66,11,375.91,1,0,66,11,375.91,231.66,144.25,0,1,2025-03
1000184,2025-03-31,Electronics,South,Supplier B,WH-North,Standard,12,407.63,6,604.52,11,1,35,6,6649.72,4483.93,2165.79,1,1,2025-03
1000647,2025-03-31,Home & Kitchen,East,Supplier A,WH-West,Standard,1,380.31,13,613.9,1,0,46,12,613.9,380.31,233.59,0,1,2025-03
1003633,2025-03-31,Health & Beauty,North,Supplier E,WH-East,Standard,6,349.66,17,455.32,5,1,27,16,2276.6,1748.3,528.3,1,0,2025-03
1003822,2025-03-31,Office Supplies,North,Supplier B,WH-East,Standard,22,446.92,12,580.0,20,2,39,10,11600.0,8938.4,2661.6,1,1,2025-03
1002304,2025-03-31,Apparel,East,Supplier C,WH-West,Standard,1,104.49,2,127.35,1,0,63,3,127.35,104.49,22.86,0,1,2025-03
1000082,2025-03-31,Office Supplies,South,Supplier C,WH-North,Standard,2,172.02,8,240.66,2,0,73,8,481.32,344.04,137.28,0,1,2025-03
1003868,2025-03-31,Office Supplies,West,Supplier E,WH-South,Standard,6,418.61,2,526.87,6,0,70,4,3161.22,2511.66,649.56,0,1,2025-03
1003985,2025-03-31,Home & Kitchen,South,Supplier A,WH-South,Same Day,12,168.84,14,207.95,11,1,27,14,2287.45,1857.24,430.21,1,0,2025-03
1003816,2025-04-01,Health & Beauty,South,Supplier A,WH-North,Standard,12,18.78,11,30.76,12,0,60,11,369.12,225.36,143.76,0,1,2025-04
1004533,2025-04-01,Office Supplies,North,Supplier B,WH-West,Express,21,9.2,16,12.5,21,0,35,16,262.5,193.2,69.3,0,0,2025-04
1005508,2025-04-01,Home & Kitchen,East,Supplier A,WH-North,Standard,19,161.6,2,198.02,15,4,24,3,2970.3,2424.0,546.3,1,1,2025-04
1005367,2025-04-01,Apparel,North,Supplier B,WH-West,Express,18,40.99,14,64.1,15,3,11,15,961.5,614.85,346.65,1,0,2025-04
1003014,2025-04-01,Apparel,East,Supplier C,WH-North,Standard,23,77.53,14,113.51,23,0,31,13,2610.73,1783.19,827.54,0,0,2025-04
1002405,2025-04-01,Apparel,North,Supplier D,WH-North,Express,1,370.34,12,622.28,1,0,31,13,622.28,370.34,251.94,0,0,2025-04
1000755,2025-04-01,Apparel,North,Supplier B,WH-East,Standard,7,123.54,16,205.9,7,0,66,18,1441.3,864.78,576.52,0,0,2025-04
1000538,2025-04-01,Electronics,West,Supplier A,WH-North,Standard,2,328.44,6,462.35,2,0,28,4,924.7,656.88,267.82,0,1,2025-04
1004817,2025-04-02,Apparel,North,Supplier C,WH-North,Standard,4,14.17,5,16.32,4,0,63,6,65.28,56.68,8.6,0,1,2025-04
1004894,2025-04-02,Home & Kitchen,South,Supplier E,WH-North,Standard,22,148.05,12,205.52,20,2,32,14,4110.4,2961.0,1149.4,1,0,2025-04
1000750,2025-04-02,Electronics,East,Supplier C,WH-North,Standard,15,217.39,12,328.26,13,2,12,12,4267.38,2826.07,1441.31,1,1,2025-04
1005484,2025-04-02,Office Supplies,West,Supplier C,WH-West,Express,2,185.06,8,231.52,2,0,21,8,463.04,370.12,92.92,0,0,2025-04
1004220,2025-04-02,Home & Kitchen,West,Supplier C,WH-South,Express,17,125.65,12,154.17,16,1,36,11,2466.72,2010.4,456.32,1,0,2025-04
1001219,2025-04-02,Health & Beauty,South,Supplier C,WH-West,Express,20,109.09,2,175.49,19,1,42,4,3334.31,2072.71,1261.6,1,1,2025-04
1001693,2025-04-03,Health & Beauty,East,Supplier A,WH-East,Standard,1,279.36,15,485.16,1,0,17,16,485.16,279.36,205.8,0,0,2025-04
1002223,2025-04-03,Office Supplies,South,Supplier E,WH-West,Standard,16,177.12,2,232.45,15,1,34,4,3486.75,2656.8,829.95,1,1,2025-04
1001711,2025-04-03,Health & Beauty,West,Supplier B,WH-West,Express,10,192.81,17,264.92,10,0,71,15,2649.2,1928.1,721.1,0,0,2025-04
1003889,2025-04-03,Health & Beauty,East,Supplier D,WH-South,Standard,9,225.68,4,308.5,7,2,70,2,2159.5,1579.76,579.74,1,1,2025-04
1004825,2025-04-03,Electronics,West,Supplier E,WH-South,Standard,8,177.62,15,267.35,7,1,32,14,1871.45,1243.34,628.11,1,0,2025-04
1002142,2025-04-03,Office Supplies,South,Supplier C,WH-North,Standard,14,156.47,15,221.38,14,0,22,17,3099.32,2190.58,908.74,0,0,2025-04
1000013,2025-04-03,Health & Beauty,East,Supplier C,WH-East,Express,2,165.6,14,219.57,2,0,77,13,439.14,331.2,107.94,0,0,2025-04
1003734,2025-04-03,Home & Kitchen,West,Supplier C,WH-East,Standard,19,376.94,14,592.87,16,3,18,16,9485.92,6031.04,3454.88,1,0,2025-04
1001011,2025-04-03,Electronics,West,Supplier D,WH-East,Express,12,224.31,12,370.4,10,2,18,12,3704.0,2243.1,1460.9,1,0,2025-04
1005569,2025-04-03,Office Supplies,West,Supplier D,WH-East,Express,11,136.55,10,205.51,9,2,12,10,1849.59,1228.95,620.64,1,0,2025-04
1001836,2025-04-03,Electronics,North,Supplier D,WH-West,Standard,21,228.68,9,332.69,20,1,57,7,6653.8,4573.6,2080.2,1,1,2025-04
1001117,2025-04-04,Apparel,West,Supplier A,WH-North,Standard,6,159.6,3,243.86,6,0,23,2,1463.16,957.6,505.56,0,1,2025-04
1002306,2025-04-04,Apparel,East,Supplier B,WH-North,Express,23,141.28,15,224.3,22,1,22,15,4934.6,3108.16,1826.44,1,0,2025-04
1003066,2025-04-04,Office Supplies,South,Supplier C,WH-North,Standard,24,343.67,7,495.8,23,1,48,5,11403.4,7904.41,3498.99,1,1,2025-04
1005289,2025-04-04,Home & Kitchen,West,Supplier A,WH-West,Express,8,410.02,7,473.08,8,0,79,5,3784.64,3280.16,504.48,0,1,2025-04
1000317,2025-04-04,Home & Kitchen,South,Supplier D,WH-East,Standard,15,62.47,16,86.29,14,1,10,16,1208.06,874.58,333.48,1,0,2025-04
1000028,2025-04-04,Apparel,North,Supplier E,WH-South,Standard,21,146.41,11,253.67,19,2,21,13,4819.73,2781.79,2037.94,1,0,2025-04
1005257,2025-04-04,Office Supplies,West,Supplier E,WH-East,Standard,8,19.65,15,28.03,8,0,23,14,224.24,157.2,67.04,0,0,2025-04
1001937,2025-04-04,Electronics,North,Supplier E,WH-East,Standard,13,82.81,9,141.82,13,0,45,10,1843.66,1076.53,767.13,0,1,2025-04
1001687,2025-04-04,Health & Beauty,West,Supplier D,WH-West,Express,2,175.44,9,255.63,2,0,35,8,511.26,350.88,160.38,0,0,2025-04
1005632,2025-04-05,Health & Beauty,West,Supplier C,WH-East,Standard,19,353.46,14,558.79,18,1,54,13,10058.22,6362.28,3695.94,1,0,2025-04
1003866,2025-04-05,Office Supplies,East,Supplier A,WH-North,Standard,1,130.2,8,220.1,1,0,26,8,220.1,130.2,89.9,0,1,2025-04
1000141,2025-04-05,Apparel,West,Supplier A,WH-South,Standard,2,241.57,17,378.58,2,0,42,17,757.16,483.14,274.02,0,0,2025-04
1000710,2025-04-05,Office Supplies,North,Supplier C,WH-South,Express,20,124.26,6,152.97,17,3,47,5,2600.49,2112.42,488.07,1,1,2025-04
1002632,2025-04-05,Electronics,West,Supplier C,WH-North,Standard,12,433.75,14,683.69,10,2,67,14,6836.9,4337.5,2499.4,1,0,2025-04
1000734,2025-04-05,Apparel,West,Supplier E,WH-North,Express,24,42.13,11,65.4,24,0,59,10,1569.6,1011.12,558.48,0,0,2025-04
1000083,2025-04-06,Electronics,North,Supplier B,WH-South,Same Day,2,54.24,4,79.15,2,0,35,3,158.3,108.48,49.82,0,0,2025-04
1004834,2025-04-06,Apparel,West,Supplier A,WH-West,Express,24,16.98,3,20.72,23,1,41,1,476.56,390.54,86.02,1,1,2025-04
1000131,2025-04-06,Office Supplies,South,Supplier D,WH-West,Express,16,370.22,6,541.27,16,0,42,6,8660.32,5923.52,2736.8,0,0,2025-04
1005434,2025-04-06,Electronics,West,Supplier E,WH-West,Standard,15,243.92,15,303.47,15,0,23,15,4552.05,3658.8,893.25,0,0,2025-04
1004054,2025-04-06,Electronics,South,Supplier C,WH-West,Standard,19,36.98,17,51.04,18,1,70,15,918.72,665.64,253.08,1,0,2025-04
1005823,2025-04-06,Office Supplies,South,Supplier A,WH-West,Express,10,373.98,7,495.4,9,1,33,7,4458.6,3365.82,1092.78,1,0,2025-04
1002344,2025-04-06,Health & Beauty,East,Supplier A,WH-North,Standard,2,158.44,13,188.11,2,0,17,12,376.22,316.88,59.34,0,1,2025-04
1001127,2025-04-06,Health & Beauty,North,Supplier B,WH-South,Express,22,193.18,15,280.18,19,3,58,16,5323.42,3670.42,1653.0,1,0,2025-04
1002557,2025-04-07,Apparel,South,Supplier E,WH-North,Same Day,21,302.8,13,367.94,19,2,67,15,6990.86,5753.2,1237.66,1,0,2025-04
1001569,2025-04-07,Health & Beauty,West,Supplier E,WH-North,Standard,20,294.62,7,500.04,19,1,77,9,9500.76,5597.78,3902.98,1,1,2025-04
1002623,2025-04-07,Electronics,South,Supplier C,WH-East,Standard,21,154.03,14,259.67,20,1,76,15,5193.4,3080.6,2112.8,1,0,2025-04
1001793,2025-04-07,Apparel,East,Supplier B,WH-West,Express,16,219.06,6,345.86,14,2,51,4,4842.04,3066.84,1775.2,1,1,2025-04
1005462,2025-04-07,Home & Kitchen,South,Supplier B,WH-East,Standard,8,145.32,6,250.51,8,0,23,6,2004.08,1162.56,841.52,0,1,2025-04
1002404,2025-04-07,Home & Kitchen,East,Supplier E,WH-East,Express,12,94.28,10,149.83,11,1,78,12,1648.13,1037.08,611.05,1,0,2025-04
1002628,2025-04-07,Office Supplies,West,Supplier C,WH-South,Same Day,1,332.8,5,523.91,1,0,79,7,523.91,332.8,191.11,0,0,2025-04
1000245,2025-04-08,Electronics,North,Supplier B,WH-North,Standard,22,343.37,11,486.54,20,2,39,10,9730.8,6867.4,2863.4,1,1,2025-04
1004240,2025-04-08,Apparel,West,Supplier D,WH-West,Standard,10,292.93,9,512.5,10,0,48,8,5125.0,2929.3,2195.7,0,1,2025-04
1005285,2025-04-08,Apparel,South,Supplier A,WH-North,Standard,12,82.31,15,132.05,10,2,27,17,1320.5,823.1,497.4,1,0,2025-04
1004952,2025-04-09,Home & Kitchen,West,Supplier B,WH-East,Standard,6,153.91,2,184.7,6,0,51,1,1108.2,923.46,184.74,0,1,2025-04
1003787,2025-04-09,Electronics,East,Supplier D,WH-West,Standard,18,129.08,9,184.24,18,0,56,9,3316.32,2323.44,992.88,0,1,2025-04
1004528,2025-04-09,Office Supplies,East,Supplier E,WH-North,Standard,4,134.55,10,158.72,4,0,42,11,634.88,538.2,96.68,0,1,2025-04
1003117,2025-04-09,Office Supplies,West,Supplier C,WH-West,Standard,7,226.18,16,388.02,7,0,27,15,2716.14,1583.26,1132.88,0,0,2025-04
1002465,2025-04-09,Health & Beauty,East,Supplier B,WH-West,Standard,15,101.12,6,154.56,14,1,47,5,2163.84,1415.68,748.16,1,1,2025-04
1003502,2025-04-09,Office Supplies,East,Supplier C,WH-East,Express,7,280.18,2,360.58,6,1,14,2,2163.48,1681.08,482.4,1,1,2025-04
1005612,2025-04-09,Office Supplies,North,Supplier A,WH-East,Standard,8,412.42,13,540.28,8,0,21,13,4322.24,3299.36,1022.88,0,0,2025-04
1002620,2025-04-10,Health & Beauty,East,Supplier B,WH-North,Same Day,12,269.21,11,338.92,9,3,33,10,3050.28,2422.89,627.39,1,0,2025-04
1000835,2025-04-10,Home & Kitchen,North,Supplier E,WH-North,Standard,22,282.1,3,418.69,19,3,51,5,7955.11,5359.9,2595.21,1,1,2025-04
1002355,2025-04-10,Electronics,North,Supplier E,WH-West,Same Day,18,422.97,2,710.06,16,2,43,2,11360.96,6767.52,4593.44,1,1,2025-04
1002323,2025-04-10,Apparel,West,Supplier C,WH-East,Standard,24,42.81,12,74.33,23,1,19,12,1709.59,984.63,724.96,1,1,2025-04
1003650,2025-04-10,Apparel,South,Supplier A,WH-North,Standard,1,285.18,17,328.31,1,0,30,15,328.31,285.18,43.13,0,0,2025-04
1001414,2025-04-10,Apparel,South,Supplier C,WH-West,Standard,10,367.76,12,535.1,8,2,18,10,4280.8,2942.08,1338.72,1,1,2025-04
1005983,2025-04-11,Apparel,East,Supplier C,WH-North,Express,10,172.34,2,204.58,8,2,68,2,1636.64,1378.72,257.92,1,1,2025-04
1002397,2025-04-11,Home & Kitchen,West,Supplier B,WH-West,Standard,2,333.59,3,526.09,2,0,51,5,1052.18,667.18,385.0,0,1,2025-04
1002394,2025-04-11,Electronics,West,Supplier C,WH-North,Standard,19,101.36,14,147.19,19,0,31,15,2796.61,1925.84,870.77,0,0,2025-04
1002508,2025-04-11,Apparel,East,Supplier A,WH-West,Standard,15,233.34,6,313.69,14,1,12,7,4391.66,3266.76,1124.9,1,1,2025-04
1001364,2025-04-11,Office Supplies,South,Supplier C,WH-North,Standard,23,385.32,12,593.8,20,3,48,10,11876.0,7706.4,4169.6,1,1,2025-04
1005161,2025-04-11,Electronics,West,Supplier D,WH-West,Standard,2,449.96,13,640.63,2,0,11,12,1281.26,899.92,381.34,0,1,2025-04
1000010,2025-04-11,Home & Kitchen,South,Supplier A,WH-West,Standard,13,50.07,10,60.4,12,1,69,11,724.8,600.84,123.96,1,1,2025-04
1003207,2025-04-11,Home & Kitchen,North,Supplier B,WH-West,Standard,2,61.78,3,72.14,2,0,53,5,144.28,123.56,20.72,0,1,2025-04
1001652,2025-04-11,Electronics,North,Supplier D,WH-South,Express,10,376.49,13,532.15,9,1,71,13,4789.35,3388.41,1400.94,1,0,2025-04
1004300,2025-04-12,Apparel,South,Supplier D,WH-West,Standard,9,294.38,8,482.36,7,2,11,8,3376.52,2060.66,1315.86,1,1,2025-04
1002956,2025-04-12,Office Supplies,North,Supplier E,WH-East,Standard,1,417.75,11,565.32,1,0,58,11,565.32,417.75,147.57,0,1,2025-04
1004875,2025-04-12,Home & Kitchen,South,Supplier D,WH-East,Standard,22,113.72,14,148.85,19,3,79,14,2828.15,2160.68,667.47,1,0,2025-04
1005752,2025-04-12,Home & Kitchen,East,Supplier D,WH-North,Express,10,90.36,7,118.62,10,0,72,6,1186.2,903.6,282.6,0,0,2025-04
1000954,2025-04-12,Home & Kitchen,West,Supplier E,WH-West,Standard,3,159.01,13,216.72,2,1,32,12,433.44,318.02,115.42,1,1,2025-04
1005315,2025-04-13,Electronics,North,Supplier B,WH-East,Standard,10,101.36,14,151.34,8,2,22,14,1210.72,810.88,399.84,1,0,2025-04
1002702,2025-04-13,Apparel,West,Supplier A,WH-North,Standard,15,192.16,11,287.24,14,1,35,11,4021.36,2690.24,1331.12,1,1,2025-04
1003149,2025-04-13,Office Supplies,North,Supplier C,WH-East,Express,16,158.9,13,209.87,16,0,51,12,3357.92,2542.4,815.52,0,0,2025-04
1001176,2025-04-13,Home & Kitchen,North,Supplier A,WH-East,Standard,5,434.51,11,676.25,5,0,63,11,3381.25,2172.55,1208.7,0,1,2025-04
1000579,2025-04-13,Apparel,East,Supplier B,WH-South,Same Day,2,134.76,8,165.22,1,1,55,8,165.22,134.76,30.46,1,0,2025-04
1001251,2025-04-13,Office Supplies,South,Supplier D,WH-West,Express,21,355.08,13,479.3,18,3,42,14,8627.4,6391.44,2235.96,1,0,2025-04
1004729,2025-04-14,Office Supplies,North,Supplier D,WH-East,Express,18,121.72,11,173.78,16,2,52,10,2780.48,1947.52,832.96,1,0,2025-04
1002121,2025-04-14,Apparel,South,Supplier A,WH-East,Standard,3,391.23,7,561.66,3,0,24,9,1684.98,1173.69,511.29,0,1,2025-04
1000318,2025-04-14,Home & Kitchen,South,Supplier C,WH-West,Same Day,2,13.0,9,21.68,2,0,40,7,43.36,26.0,17.36,0,0,2025-04
1000916,2025-04-14,Office Supplies,North,Supplier C,WH-North,Express,13,316.95,5,398.84,13,0,29,7,5184.92,4120.35,1064.57,0,0,2025-04
1005170,2025-04-15,Health & Beauty,West,Supplier C,WH-West,Standard,12,271.49,10,320.8,12,0,61,10,3849.6,3257.88,591.72,0,1,2025-04
1005006,2025-04-15,Electronics,North,Supplier D,WH-East,Same Day,19,189.99,11,311.67,17,2,21,13,5298.39,3229.83,2068.56,1,0,2025-04
1005328,2025-04-15,Electronics,East,Supplier C,WH-North,Standard,9,200.88,16,321.21,9,0,52,15,2890.89,1807.92,1082.97,0,0,2025-04
1000687,2025-04-15,Home & Kitchen,South,Supplier E,WH-South,Standard,6,182.05,15,306.16,6,0,12,15,1836.96,1092.3,744.66,0,0,2025-04
1002265,2025-04-15,Home & Kitchen,South,Supplier E,WH-East,Standard,23,364.08,6,518.07,20,3,52,6,10361.4,7281.6,3079.8,1,1,2025-04
1005299,2025-04-15,Electronics,North,Supplier E,WH-North,Standard,6,374.92,2,513.32,5,1,31,1,2566.6,1874.6,692.0,1,1,2025-04
1004084,2025-04-15,Health & Beauty,West,Supplier D,WH-North,Standard,21,216.76,12,339.02,19,2,28,11,6441.38,4118.44,2322.94,1,1,2025-04
1003837,2025-04-15,Apparel,North,Supplier D,WH-North,Standard,19,189.93,16,292.71,16,3,60,14,4683.36,3038.88,1644.48,1,0,2025-04
1000396,2025-04-15,Office Supplies,North,Supplier C,WH-West,Express,9,383.88,9,501.57,9,0,64,11,4514.13,3454.92,1059.21,0,0,2025-04
1003649,2025-04-15,Home & Kitchen,North,Supplier D,WH-East,Standard,10,113.48,9,164.4,9,1,32,9,1479.6,1021.32,458.28,1,1,2025-04
1004530,2025-04-15,Home & Kitchen,East,Supplier D,WH-North,Standard,6,338.0,11,430.09,4,2,59,9,1720.36,1352.0,368.36,1,1,2025-04
1001269,2025-04-15,Health & Beauty,East,Supplier B,WH-East,Standard,13,181.38,12,294.73,12,1,59,10,3536.76,2176.56,1360.2,1,1,2025-04
1004885,2025-04-15,Apparel,East,Supplier E,WH-North,Standard,4,394.47,17,454.94,4,0,54,18,1819.76,1577.88,241.88,0,0,2025-04
1002452,2025-04-15,Electronics,North,Supplier C,WH-South,Standard,16,165.93,11,236.63,16,0,65,11,3786.08,2654.88,1131.2,0,1,2025-04
1005647,2025-04-15,Electronics,West,Supplier D,WH-East,Standard,13,129.37,12,152.05,12,1,65,12,1824.6,1552.44,272.16,1,1,2025-04
1003693,2025-04-15,Health & Beauty,South,Supplier A,WH-South,Standard,3,387.71,6,638.84,3,0,62,5,1916.52,1163.13,753.39,0,1,2025-04
1005267,2025-04-16,Health & Beauty,East,Supplier A,WH-West,Same Day,11,33.13,5,50.9,10,1,14,6,509.0,331.3,177.7,1,0,2025-04
1000196,2025-04-16,Apparel,East,Supplier E,WH-North,Express,11,30.05,15,45.59,10,1,78,15,455.9,300.5,155.4,1,0,2025-04
1000104,2025-04-16,Electronics,South,Supplier C,WH-East,Standard,13,381.87,11,598.05,13,0,59,12,7774.65,4964.31,2810.34,0,1,2025-04
1002838,2025-04-16,Health & Beauty,West,Supplier A,WH-North,Standard,18,131.9,16,168.76,16,2,35,15,2700.16,2110.4,589.76,1,0,2025-04
1005258,2025-04-16,Health & Beauty,South,Supplier E,WH-East,Standard,24,34.34,2,39.53,22,2,57,1,869.66,755.48,114.18,1,1,2025-04
1005143,2025-04-17,Home & Kitchen,West,Supplier D,WH-East,Express,11,55.23,6,94.36,10,1,56,4,943.6,552.3,391.3,1,1,2025-04
1002665,2025-04-17,Apparel,South,Supplier C,WH-West,Express,12,251.76,14,393.83,12,0,29,14,4725.96,3021.12,1704.84,0,0,2025-04
1000259,2025-04-17,Home & Kitchen,West,Supplier C,WH-South,Express,16,231.69,11,276.11,16,0,63,11,4417.76,3707.04,710.72,0,0,2025-04
1000172,2025-04-17,Office Supplies,West,Supplier C,WH-South,Same Day,21,69.11,14,82.39,20,1,71,15,1647.8,1382.2,265.6,1,0,2025-04
1000297,2025-04-17,Electronics,North,Supplier A,WH-West,Standard,19,205.68,11,274.51,18,1,21,11,4941.18,3702.24,1238.94,1,1,2025-04
1002082,2025-04-17,Health & Beauty,West,Supplier C,WH-South,Standard,4,348.6,4,444.31,4,0,58,2,1777.24,1394.4,382.84,0,1,2025-04
1005137,2025-04-18,Electronics,North,Supplier B,WH-South,Standard,10,344.29,6,481.44,9,1,26,8,4332.96,3098.61,1234.35,1,1,2025-04
1004299,2025-04-18,Apparel,West,Supplier A,WH-South,Standard,16,159.91,15,203.75,13,3,60,17,2648.75,2078.83,569.92,1,0,2025-04
1005599,2025-04-18,Apparel,North,Supplier C,WH-North,Same Day,7,99.52,4,136.96,7,0,20,6,958.72,696.64,262.08,0,0,2025-04
1001675,2025-04-18,Office Supplies,West,Supplier D,WH-East,Express,10,64.56,4,104.98,7,3,74,5,734.86,451.92,282.94,1,1,2025-04
1003599,2025-04-18,Office Supplies,East,Supplier B,WH-East,Standard,13,132.66,2,176.15,12,1,31,4,2113.8,1591.92,521.88,1,1,2025-04
1000900,2025-04-18,Home & Kitchen,South,Supplier A,WH-East,Standard,13,320.94,12,424.73,11,2,40,10,4672.03,3530.34,1141.69,1,1,2025-04
1005759,2025-04-18,Office Supplies,East,Supplier B,WH-East,Express,24,164.59,3,271.85,21,3,34,3,5708.85,3456.39,2252.46,1,1,2025-04
1000473,2025-04-18,Electronics,West,Supplier A,WH-North,Express,6,179.31,16,264.43,4,2,16,15,1057.72,717.24,340.48,1,0,2025-04
1000873,2025-04-18,Apparel,West,Supplier C,WH-North,Standard,24,222.43,10,329.06,19,5,21,11,6252.14,4226.17,2025.97,1,1,2025-04
1004191,2025-04-18,Health & Beauty,South,Supplier B,WH-West,Standard,24,278.44,15,320.88,23,1,34,16,7380.24,6404.12,976.12,1,0,2025-04
1000438,2025-04-18,Home & Kitchen,East,Supplier A,WH-South,Standard,22,414.63,17,696.27,22,0,56,15,15317.94,9121.86,6196.08,0,0,2025-04
1000033,2025-04-19,Office Supplies,South,Supplier B,WH-West,Standard,11,245.39,11,426.39,11,0,22,12,4690.29,2699.29,1991.0,0,1,2025-04
1001157,2025-04-19,Electronics,North,Supplier C,WH-West,Express,1,20.4,9,32.33,1,0,14,11,32.33,20.4,11.93,0,0,2025-04
1004069,2025-04-19,Electronics,West,Supplier B,WH-West,Express,14,447.57,17,763.94,13,1,50,18,9931.22,5818.41,4112.81,1,0,2025-04
1003372,2025-04-19,Health & Beauty,South,Supplier B,WH-North,Standard,17,33.03,2,45.34,16,1,54,2,725.44,528.48,196.96,1,1,2025-04
1000496,2025-04-19,Apparel,East,Supplier A,WH-East,Standard,22,257.15,17,362.81,19,3,56,16,6893.39,4885.85,2007.54,1,0,2025-04
1005894,2025-04-19,Home & Kitchen,North,Supplier D,WH-East,Standard,7,426.33,13,723.47,7,0,23,12,5064.29,2984.31,2079.98,0,1,2025-04
1000646,2025-04-20,Home & Kitchen,South,Supplier E,WH-South,Same Day,1,248.86,16,317.49,1,0,69,15,317.49,248.86,68.63,0,0,2025-04
1003001,2025-04-20,Apparel,North,Supplier C,WH-East,Standard,14,111.33,14,168.52,13,1,51,13,2190.76,1447.29,743.47,1,0,2025-04
1000742,2025-04-20,Electronics,West,Supplier C,WH-South,Standard,11,30.63,2,51.9,7,4,79,3,363.3,214.41,148.89,1,1,2025-04
1001224,2025-04-20,Office Supplies,East,Supplier B,WH-North,Standard,10,407.95,9,601.3,10,0,40,7,6013.0,4079.5,1933.5,0,1,2025-04
1002944,2025-04-20,Apparel,South,Supplier C,WH-South,Standard,4,75.73,3,110.22,4,0,18,2,440.88,302.92,137.96,0,1,2025-04
1001184,2025-04-20,Home & Kitchen,North,Supplier D,WH-North,Standard,7,341.6,3,557.99,7,0,72,3,3905.93,2391.2,1514.73,0,1,2025-04
1005849,2025-04-20,Electronics,South,Supplier D,WH-South,Express,20,405.68,2,589.54,17,3,44,4,10022.18,6896.56,3125.62,1,1,2025-04
1005910,2025-04-20,Home & Kitchen,North,Supplier D,WH-East,Express,9,184.46,6,320.93,9,0,21,7,2888.37,1660.14,1228.23,0,0,2025-04
1000037,2025-04-20,Office Supplies,South,Supplier B,WH-South,Express,8,251.0,12,395.42,8,0,68,14,3163.36,2008.0,1155.36,0,0,2025-04
1001333,2025-04-20,Apparel,West,Supplier E,WH-East,Standard,10,167.96,14,271.94,10,0,32,13,2719.4,1679.6,1039.8,0,0,2025-04
1002749,2025-04-20,Office Supplies,South,Supplier A,WH-East,Standard,4,120.48,13,162.39,4,0,28,15,649.56,481.92,167.64,0,0,2025-04
1003020,2025-04-20,Office Supplies,West,Supplier A,WH-North,Standard,22,412.38,5,715.48,22,0,18,3,15740.56,9072.36,6668.2,0,1,2025-04
1003478,2025-04-20,Electronics,East,Supplier C,WH-South,Standard,22,386.27,9,563.84,21,1,21,9,11840.64,8111.67,3728.97,1,1,2025-04
1000383,2025-04-21,Office Supplies,South,Supplier D,WH-East,Standard,12,376.91,14,597.41,11,1,47,16,6571.51,4146.01,2425.5,1,0,2025-04
1004278,2025-04-21,Electronics,South,Supplier B,WH-North,Express,1,400.5,2,619.17,1,0,62,3,619.17,400.5,218.67,0,1,2025-04
1001200,2025-04-21,Home & Kitchen,West,Supplier C,WH-East,Express,8,190.3,15,318.22,8,0,42,14,2545.76,1522.4,1023.36,0,0,2025-04
1004173,2025-04-21,Home & Kitchen,East,Supplier C,WH-South,Standard,20,292.64,4,395.54,20,0,70,3,7910.8,5852.8,2058.0,0,1,2025-04
1003002,2025-04-21,Electronics,West,Supplier B,WH-East,Express,20,161.58,2,270.87,18,2,47,4,4875.66,2908.44,1967.22,1,1,2025-04
1000073,2025-04-21,Electronics,East,Supplier B,WH-South,Standard,13,115.4,3,173.26,12,1,76,3,2079.12,1384.8,694.32,1,1,2025-04
1000345,2025-04-21,Office Supplies,East,Supplier A,WH-East,Standard,14,414.72,8,589.76,12,2,53,10,7077.12,4976.64,2100.48,1,1,2025-04
1001436,2025-04-21,Health & Beauty,West,Supplier E,WH-West,Standard,2,408.12,13,480.18,2,0,57,12,960.36,816.24,144.12,0,1,2025-04
1001479,2025-04-21,Home & Kitchen,East,Supplier B,WH-South,Standard,18,219.92,8,363.66,16,2,17,8,5818.56,3518.72,2299.84,1,1,2025-04
1002272,2025-04-21,Health & Beauty,North,Supplier A,WH-North,Same Day,24,304.0,10,416.64,20,4,61,10,8332.8,6080.0,2252.8,1,0,2025-04
1003140,2025-04-21,Office Supplies,East,Supplier A,WH-South,Express,7,11.82,9,15.35,6,1,52,8,92.1,70.92,21.18,1,0,2025-04
1005680,2025-04-22,Electronics,West,Supplier A,WH-West,Standard,5,163.89,2,258.72,3,2,33,4,776.16,491.67,284.49,1,1,2025-04
1001391,2025-04-22,Apparel,South,Supplier B,WH-East,Standard,15,253.29,15,399.0,14,1,37,15,5586.0,3546.06,2039.94,1,0,2025-04
1001064,2025-04-22,Apparel,South,Supplier E,WH-South,Express,19,241.46,6,322.01,19,0,36,5,6118.19,4587.74,1530.45,0,1,2025-04
1001911,2025-04-22,Health & Beauty,East,Supplier D,WH-West,Express,4,220.17,13,256.41,3,1,27,11,769.23,660.51,108.72,1,0,2025-04
1003959,2025-04-22,Electronics,North,Supplier E,WH-West,Standard,5,162.79,6,266.4,5,0,66,8,1332.0,813.95,518.05,0,1,2025-04
1004684,2025-04-23,Health & Beauty,North,Supplier E,WH-East,Express,8,93.62,12,149.55,8,0,46,11,1196.4,748.96,447.44,0,0,2025-04
1003371,2025-04-23,Health & Beauty,South,Supplier E,WH-North,Standard,13,118.05,7,167.41,12,1,41,8,2008.92,1416.6,592.32,1,1,2025-04
1005168,2025-04-23,Home & Kitchen,South,Supplier E,WH-South,Standard,8,447.77,4,648.1,8,0,13,4,5184.8,3582.16,1602.64,0,1,2025-04
1005816,2025-04-24,Health & Beauty,East,Supplier E,WH-South,Standard,1,162.31,9,221.2,1,0,64,7,221.2,162.31,58.89,0,1,2025-04
1003525,2025-04-24,Apparel,South,Supplier D,WH-South,Standard,18,124.79,7,214.86,13,5,24,5,2793.18,1622.27,1170.91,1,1,2025-04
1005966,2025-04-24,Home & Kitchen,West,Supplier B,WH-South,Standard,23,366.98,4,438.44,23,0,20,4,10084.12,8440.54,1643.58,0,1,2025-04
1004776,2025-04-24,Health & Beauty,West,Supplier C,WH-North,Standard,20,384.16,12,469.06,19,1,29,13,8912.14,7299.04,1613.1,1,0,2025-04
1004707,2025-04-24,Apparel,North,Supplier D,WH-West,Standard,13,446.96,3,598.94,10,3,12,1,5989.4,4469.6,1519.8,1,1,2025-04
1004403,2025-04-24,Electronics,South,Supplier D,WH-North,Standard,3,308.23,13,461.07,3,0,77,13,1383.21,924.69,458.52,0,0,2025-04
1004815,2025-04-24,Health & Beauty,East,Supplier E,WH-South,Express,22,158.71,11,214.93,21,1,16,11,4513.53,3332.91,1180.62,1,0,2025-04
1003161,2025-04-24,Office Supplies,East,Supplier E,WH-South,Standard,3,418.22,8,607.88,3,0,54,10,1823.64,1254.66,568.98,0,1,2025-04
1004142,2025-04-24,Health & Beauty,West,Supplier A,WH-South,Standard,8,172.94,8,206.04,7,1,60,8,1442.28,1210.58,231.7,1,1,2025-04
1005317,2025-04-25,Home & Kitchen,North,Supplier D,WH-East,Standard,9,279.89,9,471.08,9,0,48,9,4239.72,2519.01,1720.71,0,1,2025-04
1005127,2025-04-25,Office Supplies,West,Supplier B,WH-South,Express,6,100.3,9,157.67,5,1,54,11,788.35,501.5,286.85,1,0,2025-04
1004587,2025-04-25,Office Supplies,North,Supplier E,WH-West,Express,22,144.47,6,232.86,21,1,49,8,4890.06,3033.87,1856.19,1,0,2025-04
1004336,2025-04-25,Electronics,West,Supplier E,WH-North,Standard,13,419.12,8,519.8,13,0,39,6,6757.4,5448.56,1308.84,0,1,2025-04
1000797,2025-04-25,Health & Beauty,South,Supplier C,WH-South,Standard,17,178.31,15,253.63,17,0,65,15,4311.71,3031.27,1280.44,0,0,2025-04
1002745,2025-04-25,Apparel,North,Supplier E,WH-West,Standard,20,310.04,17,480.56,19,1,13,17,9130.64,5890.76,3239.88,1,0,2025-04
1005199,2025-04-25,Home & Kitchen,East,Supplier D,WH-North,Standard,8,219.4,2,310.07,6,2,41,2,1860.42,1316.4,544.02,1,1,2025-04
1005184,2025-04-25,Electronics,East,Supplier B,WH-West,Standard,18,353.63,14,582.19,18,0,24,15,10479.42,6365.34,4114.08,0,0,2025-04
1000333,2025-04-25,Office Supplies,East,Supplier B,WH-East,Express,17,94.31,7,111.83,17,0,11,8,1901.11,1603.27,297.84,0,0,2025-04
1002311,2025-04-25,Health & Beauty,East,Supplier C,WH-East,Standard,16,149.58,5,197.43,15,1,79,4,2961.45,2243.7,717.75,1,1,2025-04
1001696,2025-04-26,Electronics,West,Supplier A,WH-East,Standard,2,254.28,14,381.94,2,0,54,14,763.88,508.56,255.32,0,0,2025-04
1003159,2025-04-26,Apparel,North,Supplier A,WH-West,Standard,16,68.26,12,113.84,12,4,54,13,1366.08,819.12,546.96,1,0,2025-04
1004695,2025-04-26,Home & Kitchen,South,Supplier A,WH-South,Standard,18,309.31,11,509.24,18,0,49,10,9166.32,5567.58,3598.74,0,1,2025-04
1001369,2025-04-26,Health & Beauty,East,Supplier B,WH-North,Standard,15,249.27,3,292.54,14,1,41,1,4095.56,3489.78,605.78,1,1,2025-04
1002065,2025-04-26,Health & Beauty,North,Supplier D,WH-East,Standard,1,239.95,4,381.67,1,0,40,3,381.67,239.95,141.72,0,1,2025-04
1002372,2025-04-26,Home & Kitchen,North,Supplier A,WH-West,Express,14,239.47,6,293.54,12,2,66,6,3522.48,2873.64,648.84,1,0,2025-04
1003044,2025-04-27,Office Supplies,North,Supplier B,WH-East,Same Day,12,73.18,15,106.71,12,0,36,16,1280.52,878.16,402.36,0,0,2025-04
1002196,2025-04-27,Health & Beauty,East,Supplier E,WH-East,Standard,14,327.67,13,520.77,14,0,18,13,7290.78,4587.38,2703.4,0,0,2025-04
1004328,2025-04-27,Apparel,South,Supplier C,WH-South,Standard,13,26.13,12,39.2,11,2,50,13,431.2,287.43,143.77,1,0,2025-04
1005585,2025-04-27,Electronics,West,Supplier E,WH-North,Same Day,16,261.43,4,450.96,14,2,25,4,6313.44,3660.02,2653.42,1,0,2025-04
1002434,2025-04-27,Office Supplies,West,Supplier A,WH-South,Express,12,241.32,3,378.93,10,2,22,3,3789.3,2413.2,1376.1,1,1,2025-04
1002368,2025-04-27,Office Supplies,East,Supplier D,WH-South,Standard,8,148.5,17,212.8,8,0,68,17,1702.4,1188.0,514.4,0,0,2025-04
1003449,2025-04-27,Home & Kitchen,West,Supplier B,WH-South,Standard,12,258.54,7,329.46,11,1,52,9,3624.06,2843.94,780.12,1,1,2025-04
1002662,2025-04-27,Apparel,West,Supplier B,WH-North,Standard,4,10.98,9,16.85,3,1,26,11,50.55,32.94,17.61,1,1,2025-04
1004215,2025-04-27,Electronics,East,Supplier C,WH-East,Express,15,390.83,2,556.45,14,1,27,1,7790.3,5471.62,2318.68,1,1,2025-04
1002523,2025-04-27,Health & Beauty,South,Supplier B,WH-West,Standard,23,173.72,9,296.85,21,2,13,7,6233.85,3648.12,2585.73,1,1,2025-04
1001665,2025-04-28,Home & Kitchen,South,Supplier A,WH-East,Express,3,197.3,12,329.76,2,1,54,11,659.52,394.6,264.92,1,0,2025-04
1000580,2025-04-28,Apparel,East,Supplier A,WH-North,Standard,16,444.13,8,522.33,16,0,22,8,8357.28,7106.08,1251.2,0,1,2025-04
1003632,2025-04-28,Health & Beauty,South,Supplier A,WH-West,Standard,17,269.27,6,309.95,14,3,18,4,4339.3,3769.78,569.52,1,1,2025-04
1003811,2025-04-28,Home & Kitchen,South,Supplier E,WH-East,Standard,6,55.82,10,69.73,6,0,38,11,418.38,334.92,83.46,0,1,2025-04
1002947,2025-04-29,Health & Beauty,North,Supplier A,WH-South,Standard,10,322.73,4,451.22,9,1,35,6,4060.98,2904.57,1156.41,1,1,2025-04
1004712,2025-04-29,Apparel,West,Supplier C,WH-South,Express,9,386.42,16,629.61,7,2,39,16,4407.27,2704.94,1702.33,1,0,2025-04
1003282,2025-04-29,Home & Kitchen,East,Supplier E,WH-West,Standard,6,323.36,9,456.02,6,0,55,9,2736.12,1940.16,795.96,0,1,2025-04
1001409,2025-04-29,Electronics,West,Supplier D,WH-North,Express,1,135.52,11,226.66,1,0,51,10,226.66,135.52,91.14,0,0,2025-04
1001982,2025-04-29,Electronics,South,Supplier E,WH-West,Standard,9,167.6,13,292.96,8,1,39,15,2343.68,1340.8,1002.88,1,0,2025-04
1004977,2025-04-29,Electronics,East,Supplier A,WH-West,Express,15,375.11,6,478.9,13,2,65,5,6225.7,4876.43,1349.27,1,1,2025-04
1004728,2025-04-29,Apparel,North,Supplier D,WH-East,Standard,21,61.21,9,106.88,18,3,56,8,1923.84,1101.78,822.06,1,1,2025-04
1004550,2025-04-29,Office Supplies,West,Supplier D,WH-North,Express,2,409.46,13,642.64,2,0,28,11,1285.28,818.92,466.36,0,0,2025-04
1002430,2025-04-29,Home & Kitchen,West,Supplier C,WH-South,Standard,21,356.0,8,476.35,18,3,41,6,8574.3,6408.0,2166.3,1,1,2025-04
1000147,2025-04-29,Apparel,West,Supplier B,WH-North,Express,7,38.82,10,49.42,7,0,43,10,345.94,271.74,74.2,0,0,2025-04
1000893,2025-04-29,Electronics,East,Supplier B,WH-West,Standard,1,319.93,5,446.25,1,0,35,5,446.25,319.93,126.32,0,1,2025-04
1000046,2025-04-29,Home & Kitchen,East,Supplier A,WH-East,Standard,12,37.27,8,45.83,12,0,40,8,549.96,447.24,102.72,0,1,2025-04
1003404,2025-04-29,Apparel,East,Supplier E,WH-East,Standard,5,234.22,13,385.48,5,0,72,14,1927.4,1171.1,756.3,0,0,2025-04
1003005,2025-04-30,Home & Kitchen,South,Supplier E,WH-West,Standard,11,433.75,10,741.06,11,0,38,8,8151.66,4771.25,3380.41,0,1,2025-04
1005080,2025-04-30,Home & Kitchen,West,Supplier C,WH-East,Standard,18,388.14,13,478.58,16,2,72,14,7657.28,6210.24,1447.04,1,0,2025-04
1003382,2025-04-30,Office Supplies,West,Supplier D,WH-East,Express,18,420.29,7,545.85,18,0,40,5,9825.3,7565.22,2260.08,0,1,2025-04
1002965,2025-04-30,Home & Kitchen,East,Supplier A,WH-North,Standard,19,248.59,15,388.47,17,2,60,15,6603.99,4226.03,2377.96,1,0,2025-04
1005016,2025-04-30,Health & Beauty,North,Supplier D,WH-East,Standard,2,428.67,9,701.95,1,1,11,8,701.95,428.67,273.28,1,1,2025-04
1005476,2025-05-01,Apparel,West,Supplier E,WH-South,Express,17,227.4,2,331.53,14,3,70,3,4641.42,3183.6,1457.82,1,1,2025-05
1003477,2025-05-01,Apparel,North,Supplier A,WH-East,Express,7,392.62,15,683.96,6,1,21,17,4103.76,2355.72,1748.04,1,0,2025-05
1005115,2025-05-01,Electronics,West,Supplier A,WH-South,Express,5,270.65,7,436.96,4,1,71,6,1747.84,1082.6,665.24,1,0,2025-05
1003548,2025-05-02,Office Supplies,West,Supplier E,WH-West,Standard,22,369.02,14,424.84,22,0,50,12,9346.48,8118.44,1228.04,0,1,2025-05
1004199,2025-05-02,Office Supplies,North,Supplier E,WH-West,Express,5,12.49,4,14.81,5,0,36,2,74.05,62.45,11.6,0,1,2025-05
1002585,2025-05-02,Home & Kitchen,East,Supplier E,WH-West,Express,13,316.59,2,515.95,13,0,50,3,6707.35,4115.67,2591.68,0,1,2025-05
1000451,2025-05-02,Apparel,South,Supplier C,WH-West,Standard,20,210.24,14,361.27,20,0,39,13,7225.4,4204.8,3020.6,0,0,2025-05
1003747,2025-05-02,Apparel,North,Supplier D,WH-South,Express,22,438.22,8,617.75,19,3,75,8,11737.25,8326.18,3411.07,1,0,2025-05
1000762,2025-05-02,Electronics,South,Supplier C,WH-South,Standard,12,109.8,12,171.38,11,1,74,12,1885.18,1207.8,677.38,1,1,2025-05
1005067,2025-05-02,Home & Kitchen,East,Supplier A,WH-East,Standard,16,82.33,9,136.9,13,3,52,7,1779.7,1070.29,709.41,1,1,2025-05
1002571,2025-05-02,Home & Kitchen,East,Supplier E,WH-West,Express,18,240.42,16,348.34,15,3,50,14,5225.1,3606.3,1618.8,1,0,2025-05
1003426,2025-05-03,Office Supplies,North,Supplier E,WH-West,Standard,23,226.69,3,393.69,23,0,19,2,9054.87,5213.87,3841.0,0,1,2025-05
1003883,2025-05-03,Home & Kitchen,East,Supplier A,WH-East,Standard,17,368.19,13,509.94,16,1,54,13,8159.04,5891.04,2268.0,1,0,2025-05
1004156,2025-05-03,Home & Kitchen,East,Supplier D,WH-East,Standard,23,116.02,7,153.57,23,0,33,5,3532.11,2668.46,863.65,0,1,2025-05
1004259,2025-05-03,Apparel,North,Supplier B,WH-East,Standard,11,328.43,5,510.36,8,3,71,4,4082.88,2627.44,1455.44,1,1,2025-05
1002055,2025-05-03,Electronics,South,Supplier B,WH-South,Standard,17,447.34,11,771.18,16,1,31,11,12338.88,7157.44,5181.44,1,1,2025-05
1001419,2025-05-03,Office Supplies,West,Supplier E,WH-South,Standard,13,384.84,11,660.04,11,2,18,11,7260.44,4233.24,3027.2,1,1,2025-05
1000254,2025-05-03,Office Supplies,North,Supplier B,WH-East,Standard,9,124.67,12,178.21,9,0,57,13,1603.89,1122.03,481.86,0,0,2025-05
1001702,2025-05-03,Apparel,North,Supplier E,WH-East,Express,18,194.33,10,315.66,16,2,15,10,5050.56,3109.28,1941.28,1,0,2025-05
1003829,2025-05-03,Office Supplies,North,Supplier D,WH-North,Standard,11,438.12,2,657.24,10,1,31,3,6572.4,4381.2,2191.2,1,1,2025-05
1002863,2025-05-04,Electronics,North,Supplier C,WH-North,Express,7,78.09,16,132.1,6,1,56,15,792.6,468.54,324.06,1,0,2025-05
1000376,2025-05-04,Health & Beauty,North,Supplier A,WH-East,Standard,6,228.16,8,296.94,6,0,41,6,1781.64,1368.96,412.68,0,1,2025-05
1005384,2025-05-04,Health & Beauty,West,Supplier B,WH-West,Standard,2,156.89,13,223.59,2,0,11,13,447.18,313.78,133.4,0,0,2025-05
1005679,2025-05-04,Apparel,North,Supplier A,WH-East,Standard,3,251.75,7,376.64,3,0,27,5,1129.92,755.25,374.67,0,1,2025-05
1005028,2025-05-04,Home & Kitchen,East,Supplier C,WH-North,Standard,1,9.16,10,13.99,1,0,78,9,13.99,9.16,4.83,0,1,2025-05
1004727,2025-05-04,Office Supplies,North,Supplier E,WH-West,Express,20,207.25,16,280.46,20,0,53,18,5609.2,4145.0,1464.2,0,0,2025-05
1000114,2025-05-04,Electronics,North,Supplier C,WH-North,Standard,23,51.31,12,85.7,22,1,34,12,1885.4,1128.82,756.58,1,1,2025-05
1001545,2025-05-04,Office Supplies,South,Supplier E,WH-West,Same Day,9,402.8,2,685.24,8,1,19,2,5481.92,3222.4,2259.52,1,1,2025-05
1005557,2025-05-04,Apparel,South,Supplier D,WH-East,Standard,12,315.23,13,396.23,10,2,47,14,3962.3,3152.3,810.0,1,0,2025-05
1001988,2025-05-04,Home & Kitchen,North,Supplier C,WH-East,Express,21,401.19,17,694.68,18,3,57,15,12504.24,7221.42,5282.82,1,0,2025-05
1001442,2025-05-04,Health & Beauty,West,Supplier B,WH-East,Express,10,284.05,9,390.64,9,1,74,7,3515.76,2556.45,959.31,1,0,2025-05
1002333,2025-05-04,Electronics,West,Supplier B,WH-South,Standard,9,44.35,7,62.45,9,0,28,6,562.05,399.15,162.9,0,1,2025-05
1004436,2025-05-04,Home & Kitchen,West,Supplier D,WH-East,Standard,16,296.22,17,474.12,15,1,67,17,7111.8,4443.3,2668.5,1,0,2025-05
1005730,2025-05-04,Health & Beauty,East,Supplier A,WH-South,Standard,24,119.35,14,156.89,22,2,73,13,3451.58,2625.7,825.88,1,0,2025-05
1005441,2025-05-05,Office Supplies,East,Supplier A,WH-West,Standard,3,135.05,15,156.57,2,1,63,14,313.14,270.1,43.04,1,0,2025-05
1005590,2025-05-05,Apparel,North,Supplier D,WH-East,Standard,15,185.22,16,270.62,13,2,53,15,3518.06,2407.86,1110.2,1,0,2025-05
1002664,2025-05-05,Home & Kitchen,South,Supplier A,WH-North,Standard,9,245.85,3,409.38,8,1,61,3,3275.04,1966.8,1308.24,1,1,2025-05
1001246,2025-05-05,Office Supplies,West,Supplier B,WH-East,Express,14,301.38,13,366.36,13,1,45,15,4762.68,3917.94,844.74,1,0,2025-05
1002540,2025-05-05,Office Supplies,West,Supplier B,WH-North,Same Day,14,363.5,4,586.22,13,1,38,5,7620.86,4725.5,2895.36,1,0,2025-05
1001366,2025-05-05,Apparel,East,Supplier A,WH-South,Express,19,159.65,6,185.79,18,1,70,4,3344.22,2873.7,470.52,1,1,2025-05
1003872,2025-05-05,Home & Kitchen,West,Supplier B,WH-East,Express,22,269.93,8,409.43,20,2,56,8,8188.6,5398.6,2790.0,1,0,2025-05
1003191,2025-05-06,Electronics,North,Supplier B,WH-North,Standard,14,274.27,11,354.7,11,3,41,12,3901.7,3016.97,884.73,1,1,2025-05
1002843,2025-05-06,Apparel,South,Supplier D,WH-North,Standard,22,437.71,10,581.68,22,0,13,8,12796.96,9629.62,3167.34,0,1,2025-05
1003925,2025-05-06,Home & Kitchen,West,Supplier A,WH-North,Standard,8,174.12,13,218.51,7,1,74,15,1529.57,1218.84,310.73,1,0,2025-05
1001731,2025-05-06,Apparel,North,Supplier E,WH-East,Standard,8,41.59,2,58.39,7,1,13,1,408.73,291.13,117.6,1,1,2025-05
1000022,2025-05-06,Home & Kitchen,South,Supplier E,WH-East,Standard,21,18.56,6,28.52,20,1,49,7,570.4,371.2,199.2,1,1,2025-05
1000601,2025-05-06,Apparel,North,Supplier E,WH-North,Standard,1,360.82,5,455.71,1,0,49,3,455.71,360.82,94.89,0,1,2025-05
1003855,2025-05-06,Office Supplies,South,Supplier B,WH-North,Standard,15,186.18,17,242.84,14,1,12,18,3399.76,2606.52,793.24,1,0,2025-05
1005261,2025-05-06,Home & Kitchen,East,Supplier B,WH-East,Same Day,24,196.14,16,290.51,23,1,45,17,6681.73,4511.22,2170.51,1,0,2025-05
1005209,2025-05-07,Electronics,East,Supplier C,WH-South,Standard,4,235.68,4,371.47,3,1,20,4,1114.41,707.04,407.37,1,1,2025-05
1001464,2025-05-07,Office Supplies,East,Supplier C,WH-West,Standard,11,233.6,14,374.86,10,1,27,13,3748.6,2336.0,1412.6,1,0,2025-05
1003915,2025-05-07,Electronics,South,Supplier A,WH-South,Standard,9,124.34,13,154.84,9,0,36,12,1393.56,1119.06,274.5,0,1,2025-05
1005726,2025-05-07,Electronics,South,Supplier C,WH-South,Standard,8,36.27,15,43.58,5,3,72,13,217.9,181.35,36.55,1,0,2025-05
1004397,2025-05-07,Health & Beauty,East,Supplier D,WH-East,Standard,9,54.84,12,68.59,9,0,51,12,617.31,493.56,123.75,0,1,2025-05
1000529,2025-05-07,Apparel,South,Supplier B,WH-North,Standard,14,65.53,11,110.06,14,0,25,12,1540.84,917.42,623.42,0,1,2025-05
1000095,2025-05-07,Electronics,North,Supplier B,WH-East,Standard,4,289.13,9,504.7,4,0,57,8,2018.8,1156.52,862.28,0,1,2025-05
1002458,2025-05-07,Health & Beauty,West,Supplier B,WH-South,Standard,23,111.5,16,161.6,22,1,71,14,3555.2,2453.0,1102.2,1,0,2025-05
1001528,2025-05-07,Apparel,South,Supplier A,WH-East,Standard,9,80.69,16,109.36,8,1,51,16,874.88,645.52,229.36,1,0,2025-05
1003245,2025-05-08,Office Supplies,West,Supplier D,WH-South,Express,11,340.62,15,473.71,10,1,57,14,4737.1,3406.2,1330.9,1,0,2025-05
1002412,2025-05-08,Office Supplies,South,Supplier E,WH-East,Standard,7,332.17,14,443.59,7,0,31,16,3105.13,2325.19,779.94,0,0,2025-05
1002125,2025-05-08,Apparel,East,Supplier A,WH-South,Standard,15,230.02,15,329.94,14,1,54,15,4619.16,3220.28,1398.88,1,0,2025-05
1005248,2025-05-08,Electronics,West,Supplier B,WH-North,Express,21,51.17,2,76.85,21,0,49,1,1613.85,1074.57,539.28,0,1,2025-05
1004067,2025-05-08,Electronics,East,Supplier D,WH-East,Standard,10,334.65,17,394.82,8,2,53,16,3158.56,2677.2,481.36,1,0,2025-05
1004435,2025-05-08,Home & Kitchen,South,Supplier C,WH-North,Standard,3,251.36,14,349.42,3,0,19,12,1048.26,754.08,294.18,0,1,2025-05
1002060,2025-05-08,Home & Kitchen,East,Supplier D,WH-North,Standard,3,161.83,8,226.55,3,0,31,7,679.65,485.49,194.16,0,1,2025-05
1002880,2025-05-08,Electronics,East,Supplier B,WH-East,Standard,16,196.22,4,320.96,15,1,28,6,4814.4,2943.3,1871.1,1,1,2025-05
1003520,2025-05-08,Home & Kitchen,East,Supplier B,WH-South,Standard,9,359.34,13,449.65,9,0,29,13,4046.85,3234.06,812.79,0,0,2025-05
1001300,2025-05-08,Office Supplies,South,Supplier B,WH-South,Standard,22,312.4,13,453.48,22,0,60,15,9976.56,6872.8,3103.76,0,0,2025-05
1004966,2025-05-08,Electronics,South,Supplier C,WH-West,Standard,20,283.15,9,443.22,19,1,24,7,8421.18,5379.85,3041.33,1,1,2025-05
1005498,2025-05-08,Apparel,North,Supplier E,WH-South,Standard,22,315.25,8,496.37,18,4,48,8,8934.66,5674.5,3260.16,1,1,2025-05
1003147,2025-05-08,Home & Kitchen,South,Supplier E,WH-South,Standard,2,390.23,8,514.13,2,0,33,10,1028.26,780.46,247.8,0,1,2025-05
1005558,2025-05-08,Health & Beauty,West,Supplier D,WH-East,Standard,13,247.48,3,327.09,12,1,75,3,3925.08,2969.76,955.32,1,1,2025-05
1003961,2025-05-09,Electronics,North,Supplier B,WH-North,Standard,19,65.89,17,91.53,16,3,46,15,1464.48,1054.24,410.24,1,0,2025-05
1002019,2025-05-09,Electronics,East,Supplier D,WH-West,Express,13,111.32,11,180.47,12,1,33,13,2165.64,1335.84,829.8,1,0,2025-05
1005553,2025-05-09,Electronics,East,Supplier A,WH-South,Standard,17,167.71,7,200.76,17,0,21,5,3412.92,2851.07,561.85,0,1,2025-05
1005371,2025-05-09,Home & Kitchen,North,Supplier D,WH-West,Standard,7,299.72,7,457.34,5,2,61,9,2286.7,1498.6,788.1,1,1,2025-05
1002001,2025-05-09,Health & Beauty,West,Supplier B,WH-West,Express,7,58.93,4,81.47,7,0,39,4,570.29,412.51,157.78,0,1,2025-05
1004320,2025-05-09,Electronics,East,Supplier D,WH-East,Express,5,391.0,16,607.57,5,0,64,14,3037.85,1955.0,1082.85,0,0,2025-05
1005838,2025-05-09,Office Supplies,South,Supplier E,WH-North,Standard,6,11.3,4,18.01,6,0,13,5,108.06,67.8,40.26,0,1,2025-05
1001775,2025-05-09,Home & Kitchen,East,Supplier D,WH-East,Standard,2,158.23,15,248.64,2,0,71,14,497.28,316.46,180.82,0,0,2025-05
1004542,2025-05-09,Home & Kitchen,North,Supplier A,WH-South,Express,21,218.14,17,295.37,20,1,35,17,5907.4,4362.8,1544.6,1,0,2025-05
1000618,2025-05-10,Office Supplies,West,Supplier B,WH-East,Express,1,430.29,8,551.6,1,0,49,6,551.6,430.29,121.31,0,0,2025-05
1003720,2025-05-10,Home & Kitchen,West,Supplier B,WH-West,Standard,15,121.58,15,188.25,14,1,24,14,2635.5,1702.12,933.38,1,0,2025-05
1005402,2025-05-10,Electronics,East,Supplier C,WH-East,Express,16,64.14,6,90.9,13,3,17,8,1181.7,833.82,347.88,1,0,2025-05
1004123,2025-05-10,Apparel,West,Supplier E,WH-South,Standard,13,35.69,17,62.27,12,1,40,17,747.24,428.28,318.96,1,0,2025-05
1001964,2025-05-11,Electronics,East,Supplier A,WH-East,Standard,24,53.95,14,71.27,23,1,73,14,1639.21,1240.85,398.36,1,0,2025-05
1000353,2025-05-11,Office Supplies,South,Supplier B,WH-South,Standard,7,140.35,16,193.54,5,2,28,16,967.7,701.75,265.95,1,0,2025-05
1000200,2025-05-11,Office Supplies,North,Supplier E,WH-West,Standard,11,216.91,10,377.72,8,3,56,11,3021.76,1735.28,1286.48,1,1,2025-05
1002085,2025-05-11,Home & Kitchen,North,Supplier D,WH-West,Express,4,280.81,5,440.88,3,1,79,5,1322.64,842.43,480.21,1,1,2025-05
1005141,2025-05-11,Electronics,West,Supplier A,WH-North,Standard,8,429.73,16,718.93,7,1,27,15,5032.51,3008.11,2024.4,1,0,2025-05
1003437,2025-05-11,Electronics,East,Supplier B,WH-West,Same Day,18,418.02,8,512.02,17,1,52,8,8704.34,7106.34,1598.0,1,0,2025-05
1000494,2025-05-11,Office Supplies,South,Supplier C,WH-North,Standard,3,378.93,2,649.63,3,0,23,2,1948.89,1136.79,812.1,0,1,2025-05
1002600,2025-05-11,Electronics,West,Supplier D,WH-West,Standard,6,244.41,3,352.12,6,0,71,4,2112.72,1466.46,646.26,0,1,2025-05
1002466,2025-05-11,Office Supplies,North,Supplier D,WH-South,Standard,2,15.43,6,26.88,2,0,28,6,53.76,30.86,22.9,0,1,2025-05
1001400,2025-05-11,Home & Kitchen,South,Supplier E,WH-West,Express,12,211.23,6,307.79,12,0,13,6,3693.48,2534.76,1158.72,0,0,2025-05
1001457,2025-05-11,Office Supplies,East,Supplier D,WH-East,Express,19,327.79,12,551.51,18,1,52,11,9927.18,5900.22,4026.96,1,0,2025-05
1001386,2025-05-12,Apparel,South,Supplier E,WH-North,Standard,20,387.68,6,500.54,20,0,29,5,10010.8,7753.6,2257.2,0,1,2025-05
1001434,2025-05-12,Electronics,North,Supplier A,WH-East,Standard,2,35.74,4,58.27,2,0,67,6,116.54,71.48,45.06,0,1,2025-05
1002107,2025-05-12,Office Supplies,East,Supplier D,WH-West,Standard,8,88.16,17,141.73,8,0,13,17,1133.84,705.28,428.56,0,0,2025-05
1005976,2025-05-12,Home & Kitchen,West,Supplier D,WH-North,Standard,18,42.59,4,55.1,17,1,11,3,936.7,724.03,212.67,1,1,2025-05
1005152,2025-05-12,Office Supplies,South,Supplier D,WH-North,Express,6,433.31,16,550.95,6,0,16,15,3305.7,2599.86,705.84,0,0,2025-05
1004594,2025-05-13,Office Supplies,North,Supplier D,WH-East,Standard,4,81.09,12,121.79,4,0,70,14,487.16,324.36,162.8,0,0,2025-05
1004637,2025-05-13,Electronics,West,Supplier A,WH-North,Standard,16,28.58,7,37.89,15,1,40,8,568.35,428.7,139.65,1,1,2025-05
1003444,2025-05-13,Office Supplies,South,Supplier E,WH-East,Express,2,13.22,7,22.24,2,0,27,9,44.48,26.44,18.04,0,0,2025-05
1004562,2025-05-13,Home & Kitchen,North,Supplier B,WH-South,Standard,5,195.94,8,285.1,5,0,18,6,1425.5,979.7,445.8,0,1,2025-05
1003999,2025-05-13,Health & Beauty,West,Supplier B,WH-West,Express,9,446.64,9,579.29,8,1,17,9,4634.32,3573.12,1061.2,1,0,2025-05
1000517,2025-05-13,Electronics,West,Supplier D,WH-South,Standard,10,243.21,11,365.76,10,0,58,10,3657.6,2432.1,1225.5,0,1,2025-05
1000107,2025-05-13,Electronics,North,Supplier B,WH-West,Express,21,252.15,9,367.49,21,0,32,11,7717.29,5295.15,2422.14,0,0,2025-05
1003501,2025-05-13,Health & Beauty,North,Supplier C,WH-East,Standard,10,356.04,11,459.11,10,0,78,11,4591.1,3560.4,1030.7,0,1,2025-05
1004827,2025-05-13,Electronics,West,Supplier D,WH-West,Same Day,11,235.83,13,385.87,10,1,19,15,3858.7,2358.3,1500.4,1,0,2025-05
1002537,2025-05-13,Office Supplies,North,Supplier A,WH-South,Standard,13,261.43,8,356.93,12,1,66,8,4283.16,3137.16,1146.0,1,1,2025-05
1005211,2025-05-13,Office Supplies,East,Supplier B,WH-West,Standard,14,21.12,5,24.55,14,0,11,7,343.7,295.68,48.02,0,1,2025-05
1004239,2025-05-14,Health & Beauty,South,Supplier C,WH-East,Standard,6,249.32,14,401.25,6,0,65,14,2407.5,1495.92,911.58,0,0,2025-05
1004709,2025-05-14,Home & Kitchen,West,Supplier A,WH-West,Express,6,175.35,14,277.21,6,0,22,15,1663.26,1052.1,611.16,0,0,2025-05
1000621,2025-05-14,Office Supplies,West,Supplier C,WH-South,Standard,23,349.91,14,603.4,19,4,53,16,11464.6,6648.29,4816.31,1,0,2025-05
1002308,2025-05-14,Home & Kitchen,South,Supplier D,WH-West,Standard,20,248.2,4,288.61,17,3,16,5,4906.37,4219.4,686.97,1,1,2025-05
1005124,2025-05-14,Apparel,South,Supplier C,WH-South,Standard,10,175.71,5,285.22,9,1,43,6,2566.98,1581.39,985.59,1,1,2025-05
1002675,2025-05-14,Apparel,North,Supplier D,WH-South,Same Day,8,449.92,5,558.3,8,0,31,5,4466.4,3599.36,867.04,0,0,2025-05
1002720,2025-05-14,Home & Kitchen,East,Supplier D,WH-East,Standard,5,39.57,8,52.45,5,0,13,6,262.25,197.85,64.4,0,1,2025-05
1001059,2025-05-14,Apparel,North,Supplier D,WH-East,Standard,23,419.75,10,596.62,23,0,46,10,13722.26,9654.25,4068.01,0,1,2025-05
1005991,2025-05-14,Apparel,North,Supplier E,WH-North,Standard,10,75.35,4,105.35,9,1,65,5,948.15,678.15,270.0,1,1,2025-05
1002768,2025-05-14,Home & Kitchen,West,Supplier A,WH-East,Same Day,19,248.22,16,422.37,16,3,52,17,6757.92,3971.52,2786.4,1,0,2025-05
1001277,2025-05-14,Health & Beauty,West,Supplier D,WH-North,Standard,12,377.7,16,595.42,10,2,67,16,5954.2,3777.0,2177.2,1,0,2025-05
1001248,2025-05-14,Home & Kitchen,South,Supplier E,WH-South,Same Day,15,322.49,5,502.9,12,3,61,5,6034.8,3869.88,2164.92,1,0,2025-05
1003420,2025-05-14,Apparel,East,Supplier B,WH-East,Express,3,381.4,2,475.03,3,0,46,1,1425.09,1144.2,280.89,0,1,2025-05
1000527,2025-05-15,Apparel,East,Supplier B,WH-South,Express,21,336.83,10,544.36,18,3,46,10,9798.48,6062.94,3735.54,1,0,2025-05
1001168,2025-05-15,Office Supplies,South,Supplier B,WH-West,Standard,23,46.07,17,65.88,22,1,69,17,1449.36,1013.54,435.82,1,0,2025-05
1003084,2025-05-15,Apparel,East,Supplier E,WH-West,Standard,15,44.24,6,55.48,14,1,61,5,776.72,619.36,157.36,1,1,2025-05
1001761,2025-05-15,Apparel,East,Supplier C,WH-North,Standard,2,74.91,7,89.97,2,0,20,9,179.94,149.82,30.12,0,1,2025-05
1001373,2025-05-15,Home & Kitchen,South,Supplier C,WH-South,Standard,24,264.36,15,329.75,22,2,79,16,7254.5,5815.92,1438.58,1,0,2025-05
1003800,2025-05-15,Health & Beauty,North,Supplier B,WH-South,Standard,17,161.93,11,224.77,16,1,67,9,3596.32,2590.88,1005.44,1,1,2025-05
1004830,2025-05-15,Health & Beauty,South,Supplier C,WH-South,Standard,24,321.48,4,525.86,23,1,58,2,12094.78,7394.04,4700.74,1,1,2025-05
1003714,2025-05-16,Electronics,South,Supplier A,WH-West,Same Day,15,227.59,12,271.45,14,1,71,12,3800.3,3186.26,614.04,1,0,2025-05
1001210,2025-05-16,Health & Beauty,West,Supplier C,WH-East,Express,3,102.86,14,165.4,1,2,25,14,165.4,102.86,62.54,1,0,2025-05
1003791,2025-05-16,Apparel,South,Supplier D,WH-West,Standard,8,8.63,14,14.82,7,1,76,14,103.74,60.41,43.33,1,0,2025-05
1001921,2025-05-16,Electronics,East,Supplier D,WH-South,Standard,11,176.19,8,242.17,10,1,37,8,2421.7,1761.9,659.8,1,1,2025-05
1000706,2025-05-16,Apparel,West,Supplier D,WH-West,Express,17,10.4,13,16.57,15,2,75,14,248.55,156.0,92.55,1,0,2025-05
1005575,2025-05-17,Electronics,West,Supplier E,WH-East,Standard,10,437.65,16,684.84,9,1,72,16,6163.56,3938.85,2224.71,1,0,2025-05
1000135,2025-05-17,Health & Beauty,North,Supplier B,WH-West,Express,14,109.97,2,165.2,13,1,37,4,2147.6,1429.61,717.99,1,1,2025-05
1000937,2025-05-17,Health & Beauty,East,Supplier E,WH-West,Standard,6,179.84,11,209.29,6,0,56,10,1255.74,1079.04,176.7,0,1,2025-05
1001048,2025-05-17,Health & Beauty,North,Supplier D,WH-East,Standard,2,405.0,11,685.68,2,0,35,11,1371.36,810.0,561.36,0,1,2025-05
1005041,2025-05-17,Electronics,North,Supplier D,WH-West,Standard,20,354.7,10,594.06,20,0,48,8,11881.2,7094.0,4787.2,0,1,2025-05
1005341,2025-05-17,Home & Kitchen,West,Supplier A,WH-West,Standard,17,243.85,2,306.97,16,1,12,2,4911.52,3901.6,1009.92,1,1,2025-05
1004420,2025-05-17,Home & Kitchen,East,Supplier D,WH-East,Standard,23,60.19,6,102.23,20,3,24,6,2044.6,1203.8,840.8,1,1,2025-05
1000122,2025-05-17,Home & Kitchen,East,Supplier C,WH-South,Standard,7,195.69,10,297.36,7,0,61,9,2081.52,1369.83,711.69,0,1,2025-05
1004430,2025-05-18,Home & Kitchen,East,Supplier B,WH-West,Standard,6,440.18,7,699.67,4,2,33,9,2798.68,1760.72,1037.96,1,1,2025-05
1004128,2025-05-18,Health & Beauty,South,Supplier D,WH-East,Standard,9,426.36,15,551.48,8,1,61,15,4411.84,3410.88,1000.96,1,0,2025-05
1003821,2025-05-18,Home & Kitchen,East,Supplier E,WH-West,Standard,9,366.17,6,534.99,9,0,40,7,4814.91,3295.53,1519.38,0,1,2025-05
1001925,2025-05-18,Home & Kitchen,West,Supplier D,WH-East,Standard,17,350.67,8,547.12,17,0,50,7,9301.04,5961.39,3339.65,0,1,2025-05
1002939,2025-05-18,Electronics,South,Supplier E,WH-South,Same Day,23,16.36,12,24.24,22,1,27,14,533.28,359.92,173.36,1,0,2025-05
1004799,2025-05-18,Apparel,East,Supplier D,WH-West,Standard,20,370.44,5,538.31,19,1,10,5,10227.89,7038.36,3189.53,1,1,2025-05
1005523,2025-05-18,Office Supplies,East,Supplier C,WH-North,Express,5,323.13,10,561.9,4,1,52,8,2247.6,1292.52,955.08,1,0,2025-05
1000960,2025-05-18,Electronics,North,Supplier E,WH-North,Standard,3,128.32,12,187.37,3,0,36,12,562.11,384.96,177.15,0,1,2025-05
1004697,2025-05-18,Electronics,South,Supplier A,WH-South,Standard,18,46.21,5,76.37,15,3,15,4,1145.55,693.15,452.4,1,1,2025-05
1000309,2025-05-18,Health & Beauty,West,Supplier B,WH-East,Standard,23,206.64,6,269.15,23,0,50,8,6190.45,4752.72,1437.73,0,1,2025-05
1005479,2025-05-18,Office Supplies,West,Supplier D,WH-North,Express,3,427.56,3,711.98,3,0,44,4,2135.94,1282.68,853.26,0,1,2025-05
1003326,2025-05-19,Home & Kitchen,West,Supplier C,WH-East,Standard,16,387.27,15,570.03,11,5,44,17,6270.33,4259.97,2010.36,1,0,2025-05
1002516,2025-05-19,Electronics,West,Supplier B,WH-West,Express,18,155.96,4,212.79,18,0,35,4,3830.22,2807.28,1022.94,0,1,2025-05
1004145,2025-05-19,Electronics,West,Supplier C,WH-West,Standard,4,19.84,14,23.16,4,0,25,16,92.64,79.36,13.28,0,0,2025-05
1004761,2025-05-19,Health & Beauty,North,Supplier B,WH-South,Same Day,22,50.24,11,83.65,21,1,68,11,1756.65,1055.04,701.61,1,0,2025-05
1004633,2025-05-19,Electronics,West,Supplier D,WH-West,Standard,14,113.31,5,195.87,12,2,11,5,2350.44,1359.72,990.72,1,1,2025-05
1000653,2025-05-19,Electronics,West,Supplier C,WH-West,Standard,18,122.06,8,201.35,18,0,75,8,3624.3,2197.08,1427.22,0,1,2025-05
1003181,2025-05-19,Apparel,South,Supplier D,WH-West,Standard,10,32.67,10,43.17,9,1,71,12,388.53,294.03,94.5,1,1,2025-05
1005768,2025-05-19,Health & Beauty,East,Supplier E,WH-East,Standard,6,406.86,5,641.16,5,1,26,7,3205.8,2034.3,1171.5,1,1,2025-05
1004068,2025-05-19,Home & Kitchen,East,Supplier E,WH-South,Express,8,279.87,2,468.76,6,2,34,4,2812.56,1679.22,1133.34,1,1,2025-05
1000044,2025-05-19,Health & Beauty,North,Supplier A,WH-North,Standard,3,186.89,10,260.74,3,0,12,11,782.22,560.67,221.55,0,1,2025-05
1002767,2025-05-19,Apparel,North,Supplier B,WH-South,Standard,8,180.42,16,256.78,7,1,30,17,1797.46,1262.94,534.52,1,0,2025-05
1002988,2025-05-20,Apparel,South,Supplier C,WH-East,Standard,20,96.24,10,162.73,20,0,44,10,3254.6,1924.8,1329.8,0,1,2025-05
1000388,2025-05-20,Health & Beauty,North,Supplier E,WH-South,Standard,1,179.04,6,302.63,1,0,38,6,302.63,179.04,123.59,0,1,2025-05
1000572,2025-05-20,Apparel,East,Supplier C,WH-West,Express,17,307.83,15,429.83,16,1,24,15,6877.28,4925.28,1952.0,1,0,2025-05
1005201,2025-05-20,Home & Kitchen,West,Supplier A,WH-North,Standard,19,67.69,6,87.45,19,0,14,7,1661.55,1286.11,375.44,0,1,2025-05
1001534,2025-05-20,Home & Kitchen,East,Supplier B,WH-West,Same Day,18,361.81,4,614.92,15,3,66,4,9223.8,5427.15,3796.65,1,0,2025-05
1000889,2025-05-20,Apparel,West,Supplier C,WH-East,Standard,21,163.91,14,222.07,21,0,50,13,4663.47,3442.11,1221.36,0,0,2025-05
1001278,2025-05-20,Home & Kitchen,West,Supplier C,WH-North,Standard,10,331.92,9,503.69,9,1,21,9,4533.21,2987.28,1545.93,1,1,2025-05
1000170,2025-05-20,Apparel,South,Supplier E,WH-South,Standard,13,382.52,17,465.62,13,0,21,17,6053.06,4972.76,1080.3,0,0,2025-05
1001723,2025-05-21,Electronics,North,Supplier D,WH-East,Standard,10,392.36,6,477.81,9,1,53,6,4300.29,3531.24,769.05,1,1,2025-05
1004381,2025-05-21,Office Supplies,East,Supplier D,WH-West,Express,20,420.74,15,661.76,18,2,31,15,11911.68,7573.32,4338.36,1,0,2025-05
1003089,2025-05-21,Electronics,East,Supplier A,WH-East,Standard,20,401.45,7,633.94,19,1,67,8,12044.86,7627.55,4417.31,1,1,2025-05
1005999,2025-05-21,Apparel,West,Supplier D,WH-East,Express,19,257.19,10,300.34,16,3,50,10,4805.44,4115.04,690.4,1,0,2025-05
1001367,2025-05-21,Apparel,South,Supplier C,WH-South,Express,18,80.56,2,110.51,18,0,40,1,1989.18,1450.08,539.1,0,1,2025-05
1003862,2025-05-21,Electronics,South,Supplier B,WH-North,Express,11,40.34,14,68.81,10,1,78,13,688.1,403.4,284.7,1,0,2025-05
1004681,2025-05-21,Home & Kitchen,North,Supplier B,WH-West,Standard,17,226.91,4,277.01,17,0,45,6,4709.17,3857.47,851.7,0,1,2025-05
1000655,2025-05-22,Electronics,North,Supplier B,WH-North,Standard,5,171.43,3,291.4,5,0,18,4,1457.0,857.15,599.85,0,1,2025-05
1000808,2025-05-22,Electronics,North,Supplier D,WH-South,Express,24,220.12,16,255.17,23,1,11,17,5868.91,5062.76,806.15,1,0,2025-05
1004828,2025-05-22,Electronics,North,Supplier C,WH-North,Express,2,217.83,12,313.41,2,0,45,12,626.82,435.66,191.16,0,0,2025-05
1003112,2025-05-22,Electronics,West,Supplier A,WH-East,Same Day,20,367.8,5,642.4,15,5,14,5,9636.0,5517.0,4119.0,1,0,2025-05
1004343,2025-05-22,Electronics,East,Supplier A,WH-East,Standard,17,305.03,14,410.48,14,3,43,16,5746.72,4270.42,1476.3,1,0,2025-05
1002943,2025-05-22,Home & Kitchen,North,Supplier B,WH-East,Same Day,23,341.49,4,594.82,21,2,35,4,12491.22,7171.29,5319.93,1,0,2025-05
1000887,2025-05-22,Apparel,East,Supplier B,WH-South,Standard,7,164.49,14,207.39,6,1,63,14,1244.34,986.94,257.4,1,0,2025-05
1005862,2025-05-22,Electronics,North,Supplier B,WH-West,Standard,17,233.95,15,279.68,16,1,49,13,4474.88,3743.2,731.68,1,0,2025-05
1003603,2025-05-22,Home & Kitchen,East,Supplier D,WH-East,Standard,4,113.49,7,159.18,3,1,56,8,477.54,340.47,137.07,1,1,2025-05
1002212,2025-05-23,Apparel,South,Supplier C,WH-East,Standard,17,392.91,9,636.3,16,1,34,11,10180.8,6286.56,3894.24,1,1,2025-05
1004439,2025-05-23,Apparel,West,Supplier C,WH-South,Standard,19,409.88,2,563.79,16,3,55,2,9020.64,6558.08,2462.56,1,1,2025-05
1005412,2025-05-23,Electronics,North,Supplier E,WH-East,Same Day,18,175.99,7,247.7,17,1,14,6,4210.9,2991.83,1219.07,1,0,2025-05
1003453,2025-05-23,Apparel,East,Supplier A,WH-South,Standard,19,165.4,13,199.07,19,0,56,13,3782.33,3142.6,639.73,0,0,2025-05
1004167,2025-05-23,Apparel,North,Supplier C,WH-East,Standard,20,294.27,14,491.1,19,1,49,16,9330.9,5591.13,3739.77,1,0,2025-05
1004583,2025-05-23,Office Supplies,South,Supplier B,WH-East,Standard,11,406.3,5,493.25,8,3,77,4,3946.0,3250.4,695.6,1,1,2025-05
1002309,2025-05-23,Electronics,West,Supplier A,WH-South,Standard,13,70.35,17,97.36,13,0,39,15,1265.68,914.55,351.13,0,0,2025-05
1000063,2025-05-23,Home & Kitchen,East,Supplier B,WH-North,Express,14,315.77,6,417.98,13,1,10,8,5433.74,4105.01,1328.73,1,0,2025-05
1004093,2025-05-23,Health & Beauty,South,Supplier B,WH-North,Express,12,133.51,13,201.43,11,1,61,13,2215.73,1468.61,747.12,1,0,2025-05
1002473,2025-05-24,Electronics,North,Supplier B,WH-South,Same Day,24,409.29,2,561.77,19,5,29,2,10673.63,7776.51,2897.12,1,1,2025-05
1000204,2025-05-24,Apparel,North,Supplier C,WH-North,Standard,14,103.02,14,168.36,14,0,14,15,2357.04,1442.28,914.76,0,0,2025-05
1002442,2025-05-24,Apparel,East,Supplier A,WH-North,Standard,9,31.64,6,38.45,9,0,28,8,346.05,284.76,61.29,0,1,2025-05
1000296,2025-05-24,Apparel,North,Supplier E,WH-North,Standard,9,329.46,14,540.48,9,0,72,13,4864.32,2965.14,1899.18,0,0,2025-05
1005274,2025-05-24,Office Supplies,East,Supplier B,WH-South,Standard,2,176.34,16,299.61,2,0,21,16,599.22,352.68,246.54,0,0,2025-05
1000986,2025-05-25,Home & Kitchen,South,Supplier B,WH-East,Standard,15,109.54,11,170.63,14,1,73,13,2388.82,1533.56,855.26,1,0,2025-05
1003511,2025-05-25,Electronics,South,Supplier A,WH-West,Standard,16,249.43,17,309.77,15,1,62,19,4646.55,3741.45,905.1,1,0,2025-05
1005148,2025-05-25,Electronics,East,Supplier B,WH-West,Express,10,256.3,6,396.43,9,1,69,6,3567.87,2306.7,1261.17,1,0,2025-05
1000035,2025-05-25,Home & Kitchen,East,Supplier C,WH-West,Standard,11,376.35,8,452.33,10,1,55,8,4523.3,3763.5,759.8,1,1,2025-05
1000738,2025-05-25,Office Supplies,North,Supplier C,WH-West,Standard,6,226.65,3,355.74,6,0,29,3,2134.44,1359.9,774.54,0,1,2025-05
1000238,2025-05-25,Electronics,North,Supplier C,WH-North,Standard,7,368.19,4,446.45,7,0,51,4,3125.15,2577.33,547.82,0,1,2025-05
1000623,2025-05-25,Electronics,East,Supplier E,WH-South,Express,4,178.13,12,218.83,3,1,26,13,656.49,534.39,122.1,1,0,2025-05
1005271,2025-05-25,Electronics,North,Supplier B,WH-East,Standard,23,319.46,11,540.17,21,2,22,11,11343.57,6708.66,4634.91,1,1,2025-05
1001974,2025-05-25,Home & Kitchen,East,Supplier B,WH-East,Standard,24,328.76,8,395.31,23,1,33,8,9092.13,7561.48,1530.65,1,1,2025-05
1000250,2025-05-25,Apparel,West,Supplier D,WH-South,Standard,19,401.48,4,699.19,19,0,60,3,13284.61,7628.12,5656.49,0,1,2025-05
1004892,2025-05-25,Apparel,South,Supplier C,WH-West,Express,13,228.64,16,397.37,13,0,67,17,5165.81,2972.32,2193.49,0,0,2025-05
1004110,2025-05-25,Office Supplies,East,Supplier A,WH-South,Standard,11,418.16,15,592.51,10,1,12,15,5925.1,4181.6,1743.5,1,0,2025-05
1004947,2025-05-25,Office Supplies,North,Supplier B,WH-South,Standard,5,24.98,16,39.58,4,1,44,16,158.32,99.92,58.4,1,0,2025-05
1005859,2025-05-25,Office Supplies,North,Supplier A,WH-South,Standard,24,261.49,8,423.77,23,1,54,7,9746.71,6014.27,3732.44,1,1,2025-05
1003977,2025-05-26,Home & Kitchen,North,Supplier D,WH-East,Standard,8,141.83,11,177.48,7,1,21,9,1242.36,992.81,249.55,1,1,2025-05
1000393,2025-05-26,Apparel,North,Supplier A,WH-South,Standard,24,218.0,6,380.29,24,0,52,6,9126.96,5232.0,3894.96,0,1,2025-05
1001348,2025-05-26,Apparel,South,Supplier A,WH-North,Express,24,147.85,13,252.01,23,1,40,11,5796.23,3400.55,2395.68,1,0,2025-05
1000340,2025-05-26,Apparel,South,Supplier C,WH-West,Standard,1,409.77,7,631.29,1,0,64,7,631.29,409.77,221.52,0,1,2025-05
1001894,2025-05-26,Health & Beauty,West,Supplier B,WH-North,Express,7,266.32,16,366.14,5,2,19,16,1830.7,1331.6,499.1,1,0,2025-05
1004465,2025-05-26,Apparel,North,Supplier A,WH-East,Express,10,162.33,11,266.73,10,0,33,11,2667.3,1623.3,1044.0,0,0,2025-05
1001954,2025-05-27,Office Supplies,North,Supplier C,WH-West,Standard,9,448.1,12,654.51,9,0,16,10,5890.59,4032.9,1857.69,0,1,2025-05
1000682,2025-05-27,Office Supplies,South,Supplier A,WH-North,Standard,16,421.25,5,688.7,15,1,29,3,10330.5,6318.75,4011.75,1,1,2025-05
1001015,2025-05-27,Apparel,North,Supplier C,WH-West,Standard,22,320.38,12,441.27,22,0,26,10,9707.94,7048.36,2659.58,0,1,2025-05
1000840,2025-05-27,Home & Kitchen,North,Supplier A,WH-South,Express,4,370.65,15,553.11,4,0,26,16,2212.44,1482.6,729.84,0,0,2025-05
1000445,2025-05-27,Health & Beauty,West,Supplier C,WH-East,Standard,13,147.55,17,202.85,10,3,77,17,2028.5,1475.5,553.0,1,0,2025-05
1001264,2025-05-28,Health & Beauty,North,Supplier C,WH-North,Express,8,236.08,4,344.17,7,1,22,6,2409.19,1652.56,756.63,1,0,2025-05
1003131,2025-05-28,Apparel,East,Supplier D,WH-East,Express,24,18.41,14,30.23,22,2,36,15,665.06,405.02,260.04,1,0,2025-05
1004227,2025-05-28,Apparel,South,Supplier D,WH-West,Standard,14,423.1,4,687.95,13,1,66,3,8943.35,5500.3,3443.05,1,1,2025-05
1004310,2025-05-28,Home & Kitchen,North,Supplier E,WH-East,Standard,24,401.03,11,649.24,22,2,37,13,14283.28,8822.66,5460.62,1,0,2025-05
1003306,2025-05-28,Electronics,West,Supplier B,WH-North,Standard,22,349.15,17,528.15,22,0,72,15,11619.3,7681.3,3938.0,0,0,2025-05
1005356,2025-05-28,Home & Kitchen,North,Supplier E,WH-North,Express,15,78.22,14,96.14,15,0,23,14,1442.1,1173.3,268.8,0,0,2025-05
1004752,2025-05-28,Apparel,South,Supplier C,WH-North,Standard,8,105.23,6,169.95,7,1,55,8,1189.65,736.61,453.04,1,1,2025-05
1002885,2025-05-28,Electronics,West,Supplier A,WH-East,Standard,12,135.87,12,235.5,11,1,31,11,2590.5,1494.57,1095.93,1,1,2025-05
1002286,2025-05-29,Apparel,South,Supplier B,WH-North,Express,19,201.55,15,343.32,15,4,50,14,5149.8,3023.25,2126.55,1,0,2025-05
1001843,2025-05-29,Electronics,East,Supplier E,WH-West,Standard,16,202.66,10,339.43,16,0,14,11,5430.88,3242.56,2188.32,0,1,2025-05
1002639,2025-05-29,Office Supplies,North,Supplier C,WH-East,Standard,8,367.1,12,561.76,7,1,46,10,3932.32,2569.7,1362.62,1,1,2025-05
1005529,2025-05-29,Electronics,East,Supplier E,WH-East,Express,10,399.07,14,553.39,8,2,47,12,4427.12,3192.56,1234.56,1,0,2025-05
1004105,2025-05-29,Home & Kitchen,East,Supplier A,WH-West,Standard,9,298.82,13,425.25,9,0,61,14,3827.25,2689.38,1137.87,0,0,2025-05
1002659,2025-05-29,Health & Beauty,North,Supplier D,WH-North,Standard,15,310.44,7,501.32,14,1,58,9,7018.48,4346.16,2672.32,1,1,2025-05
1002715,2025-05-29,Electronics,North,Supplier A,WH-West,Standard,11,331.7,11,495.53,10,1,73,9,4955.3,3317.0,1638.3,1,1,2025-05
1004843,2025-05-29,Apparel,South,Supplier B,WH-North,Standard,2,212.25,11,245.07,2,0,28,12,490.14,424.5,65.64,0,1,2025-05
1004181,2025-05-29,Office Supplies,East,Supplier D,WH-East,Standard,13,101.01,8,163.67,13,0,72,7,2127.71,1313.13,814.58,0,1,2025-05
1003839,2025-05-30,Home & Kitchen,North,Supplier B,WH-East,Standard,5,231.13,17,366.26,5,0,44,17,1831.3,1155.65,675.65,0,0,2025-05
1001458,2025-05-30,Office Supplies,West,Supplier E,WH-South,Express,6,384.94,3,462.68,5,1,21,4,2313.4,1924.7,388.7,1,1,2025-05
1005000,2025-05-30,Electronics,West,Supplier B,WH-North,Express,5,185.97,10,319.57,4,1,72,9,1278.28,743.88,534.4,1,0,2025-05
1000490,2025-05-30,Health & Beauty,West,Supplier D,WH-South,Standard,1,82.77,17,116.23,1,0,27,18,116.23,82.77,33.46,0,0,2025-05
1001882,2025-05-30,Electronics,East,Supplier E,WH-North,Standard,24,214.54,16,312.13,22,2,71,17,6866.86,4719.88,2146.98,1,0,2025-05
1000939,2025-05-30,Electronics,South,Supplier D,WH-South,Standard,12,344.95,15,529.82,12,0,72,13,6357.84,4139.4,2218.44,0,0,2025-05
1002712,2025-05-30,Electronics,West,Supplier B,WH-West,Standard,23,203.9,17,284.31,23,0,11,16,6539.13,4689.7,1849.43,0,0,2025-05
1003056,2025-05-30,Health & Beauty,South,Supplier E,WH-North,Standard,19,317.23,5,392.63,14,5,34,4,5496.82,4441.22,1055.6,1,1,2025-05
1000336,2025-05-30,Office Supplies,North,Supplier D,WH-South,Standard,11,357.95,8,523.3,10,1,14,8,5233.0,3579.5,1653.5,1,1,2025-05
1001699,2025-05-30,Office Supplies,West,Supplier E,WH-South,Standard,2,155.19,13,182.7,2,0,18,13,365.4,310.38,55.02,0,0,2025-05
1002295,2025-05-31,Home & Kitchen,South,Supplier A,WH-East,Express,1,245.25,5,410.72,1,0,35,5,410.72,245.25,165.47,0,1,2025-05
1004251,2025-05-31,Electronics,North,Supplier B,WH-East,Standard,10,98.97,14,150.3,7,3,32,14,1052.1,692.79,359.31,1,0,2025-05
1002396,2025-05-31,Office Supplies,North,Supplier E,WH-East,Express,24,247.38,10,308.87,22,2,71,9,6795.14,5442.36,1352.78,1,0,2025-05
1002018,2025-05-31,Office Supplies,West,Supplier E,WH-West,Standard,23,328.49,2,416.81,22,1,45,2,9169.82,7226.78,1943.04,1,1,2025-05
1002246,2025-05-31,Health & Beauty,West,Supplier D,WH-South,Standard,11,124.03,11,206.79,11,0,64,11,2274.69,1364.33,910.36,0,1,2025-05
1002884,2025-05-31,Office Supplies,West,Supplier E,WH-East,Standard,16,71.01,12,112.84,14,2,53,12,1579.76,994.14,585.62,1,1,2025-05
1001077,2025-05-31,Health & Beauty,East,Supplier C,WH-North,Standard,5,123.01,12,160.88,5,0,35,13,804.4,615.05,189.35,0,0,2025-05
1003479,2025-05-31,Apparel,South,Supplier E,WH-North,Standard,23,377.93,8,613.92,21,2,60,9,12892.32,7936.53,4955.79,1,1,2025-05
1000612,2025-05-31,Health & Beauty,South,Supplier B,WH-West,Express,7,418.33,12,616.45,7,0,43,10,4315.15,2928.31,1386.84,0,0,2025-05
1003462,2025-05-31,Electronics,West,Supplier B,WH-South,Standard,23,380.54,2,644.24,20,3,24,1,12884.8,7610.8,5274.0,1,1,2025-05
1004791,2025-05-31,Home & Kitchen,South,Supplier B,WH-West,Standard,18,123.23,17,205.34,18,0,22,19,3696.12,2218.14,1477.98,0,0,2025-05
1001536,2025-05-31,Apparel,North,Supplier C,WH-South,Standard,17,265.73,14,388.81,16,1,72,15,6220.96,4251.68,1969.28,1,0,2025-05
1005666,2025-05-31,Home & Kitchen,West,Supplier A,WH-West,Standard,4,320.98,8,536.15,3,1,35,9,1608.45,962.94,645.51,1,1,2025-05
1003911,2025-06-01,Health & Beauty,South,Supplier C,WH-South,Standard,24,10.43,14,18.01,22,2,13,14,396.22,229.46,166.76,1,0,2025-06
1000741,2025-06-01,Health & Beauty,West,Supplier E,WH-East,Express,4,12.6,6,16.48,4,0,76,4,65.92,50.4,15.52,0,1,2025-06
1004292,2025-06-01,Office Supplies,West,Supplier D,WH-South,Standard,5,175.48,12,282.56,5,0,54,13,1412.8,877.4,535.4,0,0,2025-06
1000924,2025-06-01,Electronics,West,Supplier E,WH-South,Express,10,165.15,11,258.85,9,1,33,11,2329.65,1486.35,843.3,1,0,2025-06
1000348,2025-06-01,Health & Beauty,East,Supplier D,WH-West,Standard,11,190.54,8,222.07,10,1,13,9,2220.7,1905.4,315.3,1,1,2025-06
1004658,2025-06-01,Apparel,South,Supplier A,WH-West,Standard,8,200.43,16,243.33,6,2,55,15,1459.98,1202.58,257.4,1,0,2025-06
1004939,2025-06-02,Health & Beauty,North,Supplier B,WH-West,Standard,9,147.74,3,192.8,9,0,14,1,1735.2,1329.66,405.54,0,1,2025-06
1003804,2025-06-02,Apparel,West,Supplier A,WH-West,Standard,12,401.03,12,685.16,11,1,13,12,7536.76,4411.33,3125.43,1,1,2025-06
1001431,2025-06-02,Office Supplies,West,Supplier A,WH-East,Standard,23,380.76,10,648.86,21,2,26,9,13626.06,7995.96,5630.1,1,1,2025-06
1002435,2025-06-02,Home & Kitchen,East,Supplier B,WH-West,Express,1,125.34,9,170.67,1,0,19,8,170.67,125.34,45.33,0,0,2025-06
1002831,2025-06-02,Home & Kitchen,North,Supplier C,WH-East,Standard,11,90.45,3,157.25,10,1,55,3,1572.5,904.5,668.0,1,1,2025-06
1000604,2025-06-02,Apparel,North,Supplier B,WH-South,Express,19,407.63,5,625.75,18,1,38,5,11263.5,7337.34,3926.16,1,1,2025-06
1004231,2025-06-02,Home & Kitchen,East,Supplier A,WH-East,Standard,8,366.28,16,636.88,7,1,79,14,4458.16,2563.96,1894.2,1,0,2025-06
1001909,2025-06-03,Home & Kitchen,South,Supplier C,WH-East,Express,22,296.94,14,386.47,20,2,23,13,7729.4,5938.8,1790.6,1,0,2025-06
1003913,2025-06-03,Electronics,East,Supplier A,WH-North,Standard,8,211.93,3,329.71,7,1,61,2,2307.97,1483.51,824.46,1,1,2025-06
1002968,2025-06-03,Apparel,West,Supplier B,WH-West,Same Day,12,194.46,14,297.06,9,3,53,14,2673.54,1750.14,923.4,1,0,2025-06
1003460,2025-06-03,Office Supplies,West,Supplier A,WH-South,Standard,5,104.89,17,139.45,5,0,40,17,697.25,524.45,172.8,0,0,2025-06
1000821,2025-06-03,Home & Kitchen,West,Supplier C,WH-South,Standard,23,36.26,15,55.5,23,0,25,15,1276.5,833.98,442.52,0,0,2025-06
1002545,2025-06-03,Office Supplies,West,Supplier A,WH-East,Standard,1,343.81,15,403.56,1,0,11,17,403.56,343.81,59.75,0,0,2025-06
1005614,2025-06-03,Apparel,North,Supplier C,WH-North,Standard,24,191.58,11,290.66,22,2,12,9,6394.52,4214.76,2179.76,1,1,2025-06
1004737,2025-06-03,Electronics,West,Supplier A,WH-North,Standard,24,37.6,9,62.52,24,0,60,11,1500.48,902.4,598.08,0,1,2025-06
1001740,2025-06-03,Office Supplies,South,Supplier B,WH-South,Express,11,406.52,14,534.67,10,1,10,14,5346.7,4065.2,1281.5,1,0,2025-06
1003955,2025-06-03,Apparel,West,Supplier C,WH-West,Standard,24,131.25,2,161.74,22,2,70,4,3558.28,2887.5,670.78,1,1,2025-06
1003267,2025-06-03,Home & Kitchen,East,Supplier D,WH-North,Standard,13,122.56,5,151.4,12,1,48,5,1816.8,1470.72,346.08,1,1,2025-06
1001541,2025-06-04,Home & Kitchen,North,Supplier B,WH-South,Express,24,270.72,15,435.6,23,1,12,15,10018.8,6226.56,3792.24,1,0,2025-06
1000100,2025-06-04,Apparel,West,Supplier A,WH-West,Standard,17,17.06,17,23.03,16,1,39,19,368.48,272.96,95.52,1,0,2025-06
1004140,2025-06-04,Home & Kitchen,East,Supplier C,WH-East,Express,19,414.54,2,549.99,17,2,22,4,9349.83,7047.18,2302.65,1,1,2025-06
1002169,2025-06-04,Office Supplies,North,Supplier D,WH-South,Standard,7,282.32,4,348.78,6,1,11,3,2092.68,1693.92,398.76,1,1,2025-06
1001292,2025-06-04,Office Supplies,East,Supplier A,WH-North,Express,8,295.43,8,377.45,7,1,49,6,2642.15,2068.01,574.14,1,0,2025-06
1001758,2025-06-04,Electronics,West,Supplier A,WH-South,Standard,19,244.31,6,412.01,17,2,50,8,7004.17,4153.27,2850.9,1,1,2025-06
1001568,2025-06-04,Office Supplies,East,Supplier D,WH-East,Standard,20,293.5,9,378.71,20,0,71,9,7574.2,5870.0,1704.2,0,1,2025-06
1001076,2025-06-05,Office Supplies,West,Supplier A,WH-North,Standard,7,319.26,17,415.18,7,0,26,18,2906.26,2234.82,671.44,0,0,2025-06
1000482,2025-06-05,Apparel,West,Supplier E,WH-West,Express,8,90.69,5,157.65,8,0,44,7,1261.2,725.52,535.68,0,0,2025-06
1002580,2025-06-05,Office Supplies,East,Supplier A,WH-North,Standard,7,241.54,5,421.67,7,0,30,5,2951.69,1690.78,1260.91,0,1,2025-06
1005767,2025-06-05,Office Supplies,West,Supplier B,WH-North,Standard,7,336.09,8,435.46,6,1,32,10,2612.76,2016.54,596.22,1,1,2025-06
1003704,2025-06-06,Office Supplies,West,Supplier E,WH-West,Standard,7,225.57,11,377.12,7,0,57,10,2639.84,1578.99,1060.85,0,1,2025-06
1005971,2025-06-06,Health & Beauty,East,Supplier D,WH-West,Standard,23,40.26,13,48.52,21,2,52,14,1018.92,845.46,173.46,1,0,2025-06
1001266,2025-06-06,Home & Kitchen,West,Supplier E,WH-West,Express,12,208.8,5,344.71,11,1,20,6,3791.81,2296.8,1495.01,1,0,2025-06
1002208,2025-06-06,Home & Kitchen,North,Supplier D,WH-South,Standard,3,52.11,16,79.71,3,0,63,17,239.13,156.33,82.8,0,0,2025-06
1005570,2025-06-06,Health & Beauty,South,Supplier D,WH-West,Express,6,9.5,12,11.83,6,0,46,14,70.98,57.0,13.98,0,0,2025-06
1003923,2025-06-06,Electronics,West,Supplier E,WH-West,Express,20,231.5,8,326.3,16,4,44,9,5220.8,3704.0,1516.8,1,0,2025-06
1005931,2025-06-06,Home & Kitchen,West,Supplier A,WH-East,Standard,14,415.9,8,493.71,13,1,31,8,6418.23,5406.7,1011.53,1,1,2025-06
1004967,2025-06-06,Electronics,East,Supplier C,WH-North,Standard,5,205.0,3,291.9,4,1,69,4,1167.6,820.0,347.6,1,1,2025-06
1002579,2025-06-06,Apparel,West,Supplier D,WH-North,Standard,24,285.25,3,490.71,22,2,41,3,10795.62,6275.5,4520.12,1,1,2025-06
1003483,2025-06-07,Electronics,North,Supplier D,WH-North,Standard,7,48.52,14,58.04,6,1,68,14,348.24,291.12,57.12,1,0,2025-06
1002977,2025-06-07,Apparel,North,Supplier A,WH-South,Standard,11,42.11,15,55.4,9,2,63,15,498.6,378.99,119.61,1,0,2025-06
1000843,2025-06-07,Electronics,South,Supplier B,WH-North,Express,17,203.62,10,336.49,17,0,12,11,5720.33,3461.54,2258.79,0,0,2025-06
1005785,2025-06-07,Office Supplies,South,Supplier A,WH-North,Standard,16,394.71,14,525.44,13,3,40,14,6830.72,5131.23,1699.49,1,0,2025-06
1001729,2025-06-07,Apparel,South,Supplier D,WH-North,Standard,17,52.37,3,90.68,16,1,29,1,1450.88,837.92,612.96,1,1,2025-06
1001393,2025-06-07,Apparel,North,Supplier C,WH-South,Express,6,165.62,9,200.84,6,0,20,10,1205.04,993.72,211.32,0,0,2025-06
1001636,2025-06-07,Health & Beauty,South,Supplier E,WH-North,Standard,6,20.26,8,25.65,6,0,10,8,153.9,121.56,32.34,0,1,2025-06
1001671,2025-06-07,Office Supplies,West,Supplier D,WH-South,Standard,11,237.9,6,294.43,8,3,53,4,2355.44,1903.2,452.24,1,1,2025-06
1001849,2025-06-07,Electronics,East,Supplier C,WH-South,Standard,14,371.39,2,565.26,13,1,24,4,7348.38,4828.07,2520.31,1,1,2025-06
1005119,2025-06-08,Apparel,West,Supplier C,WH-East,Standard,3,391.35,5,653.38,3,0,15,7,1960.14,1174.05,786.09,0,1,2025-06
1003755,2025-06-08,Apparel,West,Supplier E,WH-East,Express,9,57.48,14,88.5,9,0,76,14,796.5,517.32,279.18,0,0,2025-06
1005043,2025-06-08,Office Supplies,North,Supplier A,WH-South,Standard,9,126.32,3,211.18,9,0,31,4,1900.62,1136.88,763.74,0,1,2025-06
1003766,2025-06-08,Electronics,North,Supplier E,WH-West,Standard,16,174.78,6,277.59,16,0,36,6,4441.44,2796.48,1644.96,0,1,2025-06
1004213,2025-06-08,Office Supplies,North,Supplier D,WH-West,Standard,10,303.56,11,386.1,9,1,63,13,3474.9,2732.04,742.86,1,0,2025-06
1001639,2025-06-08,Home & Kitchen,North,Supplier E,WH-West,Standard,1,229.82,10,267.11,1,0,11,10,267.11,229.82,37.29,0,1,2025-06
1000154,2025-06-08,Office Supplies,South,Supplier B,WH-West,Standard,11,132.13,9,204.3,11,0,34,11,2247.3,1453.43,793.87,0,1,2025-06
1000550,2025-06-08,Electronics,North,Supplier D,WH-North,Standard,20,84.07,12,129.01,19,1,49,12,2451.19,1597.33,853.86,1,1,2025-06
1000904,2025-06-08,Health & Beauty,South,Supplier A,WH-South,Standard,12,432.66,13,738.97,11,1,78,14,8128.67,4759.26,3369.41,1,0,2025-06
1000387,2025-06-08,Health & Beauty,South,Supplier A,WH-North,Standard,11,128.13,11,172.19,11,0,42,11,1894.09,1409.43,484.66,0,1,2025-06
1001445,2025-06-09,Electronics,East,Supplier B,WH-South,Same Day,11,431.95,11,541.47,11,0,62,13,5956.17,4751.45,1204.72,0,0,2025-06
1001291,2025-06-09,Home & Kitchen,East,Supplier C,WH-West,Express,10,369.14,13,465.27,10,0,77,14,4652.7,3691.4,961.3,0,0,2025-06
1001914,2025-06-09,Office Supplies,South,Supplier D,WH-West,Standard,9,98.54,11,160.85,9,0,50,13,1447.65,886.86,560.79,0,0,2025-06
1000880,2025-06-09,Apparel,West,Supplier A,WH-North,Express,2,173.17,14,215.42,1,1,30,14,215.42,173.17,42.25,1,0,2025-06
1001038,2025-06-09,Electronics,East,Supplier E,WH-East,Standard,3,10.82,13,15.24,3,0,23,13,45.72,32.46,13.26,0,0,2025-06
1000872,2025-06-09,Health & Beauty,South,Supplier A,WH-North,Same Day,6,312.38,2,540.16,6,0,25,2,3240.96,1874.28,1366.68,0,1,2025-06
1002714,2025-06-09,Home & Kitchen,East,Supplier B,WH-West,Standard,16,253.41,12,353.78,15,1,57,10,5306.7,3801.15,1505.55,1,1,2025-06
1005433,2025-06-09,Office Supplies,East,Supplier C,WH-North,Standard,22,178.12,14,273.18,21,1,65,14,5736.78,3740.52,1996.26,1,0,2025-06
1002348,2025-06-09,Office Supplies,West,Supplier D,WH-North,Standard,7,402.74,10,611.99,5,2,23,8,3059.95,2013.7,1046.25,1,1,2025-06
1000679,2025-06-09,Apparel,South,Supplier B,WH-South,Same Day,10,299.47,15,512.58,10,0,23,15,5125.8,2994.7,2131.1,0,0,2025-06
1004274,2025-06-09,Health & Beauty,East,Supplier B,WH-West,Standard,3,21.9,4,26.37,3,0,32,4,79.11,65.7,13.41,0,1,2025-06
1002438,2025-06-09,Electronics,East,Supplier D,WH-West,Standard,7,233.89,14,343.81,6,1,61,14,2062.86,1403.34,659.52,1,0,2025-06
1005407,2025-06-09,Office Supplies,South,Supplier B,WH-West,Express,8,240.6,17,336.59,7,1,47,15,2356.13,1684.2,671.93,1,0,2025-06
1001726,2025-06-10,Home & Kitchen,North,Supplier A,WH-South,Standard,6,363.85,12,493.6,6,0,12,14,2961.6,2183.1,778.5,0,0,2025-06
1003173,2025-06-10,Health & Beauty,West,Supplier E,WH-South,Standard,19,165.95,11,286.28,18,1,23,10,5153.04,2987.1,2165.94,1,1,2025-06
1001752,2025-06-10,Health & Beauty,South,Supplier D,WH-South,Standard,15,115.22,6,158.06,15,0,69,8,2370.9,1728.3,642.6,0,1,2025-06
1005833,2025-06-10,Home & Kitchen,South,Supplier D,WH-North,Express,14,56.35,14,75.43,12,2,29,14,905.16,676.2,228.96,1,0,2025-06
1005784,2025-06-10,Electronics,South,Supplier A,WH-North,Standard,10,292.33,4,484.12,9,1,38,3,4357.08,2630.97,1726.11,1,1,2025-06
1001456,2025-06-10,Office Supplies,North,Supplier C,WH-West,Express,2,16.14,12,21.11,2,0,11,10,42.22,32.28,9.94,0,0,2025-06
1003588,2025-06-11,Home & Kitchen,South,Supplier A,WH-South,Standard,22,374.18,4,558.95,20,2,31,2,11179.0,7483.6,3695.4,1,1,2025-06
1003730,2025-06-11,Office Supplies,West,Supplier E,WH-North,Standard,15,382.75,9,642.97,13,2,16,9,8358.61,4975.75,3382.86,1,1,2025-06
1004416,2025-06-11,Health & Beauty,North,Supplier A,WH-South,Standard,19,215.22,14,299.13,18,1,39,16,5384.34,3873.96,1510.38,1,0,2025-06
1005875,2025-06-11,Electronics,West,Supplier C,WH-West,Standard,19,17.59,7,23.65,17,2,32,6,402.05,299.03,103.02,1,1,2025-06
1004127,2025-06-11,Apparel,East,Supplier C,WH-West,Standard,6,128.35,5,224.37,6,0,27,7,1346.22,770.1,576.12,0,1,2025-06
1003807,2025-06-11,Electronics,West,Supplier E,WH-West,Standard,14,235.21,7,330.92,13,1,22,7,4301.96,3057.73,1244.23,1,1,2025-06
1004736,2025-06-11,Electronics,North,Supplier D,WH-North,Standard,9,132.26,7,178.21,8,1,43,9,1425.68,1058.08,367.6,1,1,2025-06
1002878,2025-06-12,Office Supplies,East,Supplier B,WH-North,Standard,12,280.71,3,422.59,12,0,16,5,5071.08,3368.52,1702.56,0,1,2025-06
1001160,2025-06-12,Apparel,South,Supplier D,WH-South,Express,13,166.59,14,261.96,12,1,50,14,3143.52,1999.08,1144.44,1,0,2025-06
1005397,2025-06-12,Home & Kitchen,North,Supplier A,WH-East,Standard,23,318.51,10,396.53,20,3,33,10,7930.6,6370.2,1560.4,1,1,2025-06
1004617,2025-06-12,Health & Beauty,West,Supplier D,WH-West,Standard,15,260.41,9,326.64,13,2,55,7,4246.32,3385.33,860.99,1,1,2025-06
1003485,2025-06-12,Health & Beauty,South,Supplier C,WH-South,Standard,15,82.74,4,139.37,15,0,28,6,2090.55,1241.1,849.45,0,1,2025-06
1003852,2025-06-12,Apparel,East,Supplier B,WH-North,Standard,12,82.64,4,124.43,11,1,31,6,1368.73,909.04,459.69,1,1,2025-06
1003238,2025-06-12,Health & Beauty,East,Supplier C,WH-West,Express,21,35.81,15,49.33,21,0,22,17,1035.93,752.01,283.92,0,0,2025-06
1005330,2025-06-13,Apparel,West,Supplier D,WH-North,Express,6,427.75,3,616.37,6,0,68,3,3698.22,2566.5,1131.72,0,1,2025-06
1002602,2025-06-13,Apparel,North,Supplier A,WH-North,Express,9,362.08,12,569.76,8,1,79,13,4558.08,2896.64,1661.44,1,0,2025-06
1004462,2025-06-13,Office Supplies,South,Supplier A,WH-North,Standard,1,198.29,6,311.84,1,0,65,7,311.84,198.29,113.55,0,1,2025-06
1005584,2025-06-13,Office Supplies,East,Supplier E,WH-West,Standard,23,167.54,11,234.23,19,4,67,12,4450.37,3183.26,1267.11,1,1,2025-06
1005036,2025-06-13,Electronics,West,Supplier B,WH-West,Standard,8,17.81,3,28.88,8,0,31,3,231.04,142.48,88.56,0,1,2025-06
1005536,2025-06-13,Electronics,South,Supplier D,WH-West,Standard,11,58.06,2,87.25,10,1,16,2,872.5,580.6,291.9,1,1,2025-06
1001906,2025-06-13,Home & Kitchen,North,Supplier E,WH-North,Standard,6,362.89,15,476.92,5,1,25,16,2384.6,1814.45,570.15,1,0,2025-06
1005812,2025-06-13,Office Supplies,South,Supplier D,WH-North,Standard,12,33.42,10,53.48,12,0,51,9,641.76,401.04,240.72,0,1,2025-06
1002227,2025-06-14,Electronics,West,Supplier A,WH-East,Standard,13,152.38,2,215.1,13,0,72,2,2796.3,1980.94,815.36,0,1,2025-06
1000636,2025-06-14,Apparel,North,Supplier A,WH-West,Express,16,333.5,8,480.13,13,3,53,6,6241.69,4335.5,1906.19,1,0,2025-06
1002184,2025-06-14,Home & Kitchen,East,Supplier A,WH-East,Standard,2,172.34,3,216.87,2,0,33,1,433.74,344.68,89.06,0,1,2025-06
1005721,2025-06-14,Office Supplies,South,Supplier A,WH-North,Standard,6,193.59,14,294.4,5,1,38,14,1472.0,967.95,504.05,1,0,2025-06
1001272,2025-06-15,Office Supplies,West,Supplier E,WH-East,Standard,9,401.34,11,653.31,9,0,48,11,5879.79,3612.06,2267.73,0,1,2025-06
1000673,2025-06-15,Office Supplies,South,Supplier E,WH-East,Same Day,19,11.08,10,15.4,17,2,34,10,261.8,188.36,73.44,1,0,2025-06
1004916,2025-06-15,Electronics,West,Supplier C,WH-South,Standard,2,236.56,14,380.88,2,0,67,14,761.76,473.12,288.64,0,0,2025-06
1002384,2025-06-15,Electronics,West,Supplier A,WH-West,Standard,16,160.02,16,213.37,16,0,59,18,3413.92,2560.32,853.6,0,0,2025-06
1005877,2025-06-15,Home & Kitchen,East,Supplier A,WH-East,Standard,4,379.18,3,494.33,4,0,24,3,1977.32,1516.72,460.6,0,1,2025-06
1002908,2025-06-15,Home & Kitchen,North,Supplier C,WH-South,Express,15,387.71,9,509.86,13,2,68,9,6628.18,5040.23,1587.95,1,0,2025-06
1004670,2025-06-15,Electronics,West,Supplier B,WH-West,Standard,4,145.42,3,227.41,4,0,52,5,909.64,581.68,327.96,0,1,2025-06
1005425,2025-06-15,Electronics,North,Supplier B,WH-South,Standard,12,21.34,12,26.6,11,1,45,10,292.6,234.74,57.86,1,1,2025-06
1001885,2025-06-15,Health & Beauty,West,Supplier A,WH-South,Standard,4,400.34,5,624.2,4,0,78,5,2496.8,1601.36,895.44,0,1,2025-06
1000976,2025-06-15,Apparel,South,Supplier D,WH-North,Express,13,234.25,17,282.02,13,0,29,15,3666.26,3045.25,621.01,0,0,2025-06
1003179,2025-06-16,Apparel,West,Supplier A,WH-South,Same Day,9,383.03,15,606.88,8,1,61,15,4855.04,3064.24,1790.8,1,0,2025-06
1002828,2025-06-16,Apparel,South,Supplier D,WH-East,Standard,4,89.33,16,146.55,4,0,24,16,586.2,357.32,228.88,0,0,2025-06
1003751,2025-06-16,Home & Kitchen,North,Supplier B,WH-South,Standard,24,60.55,10,96.7,20,4,73,11,1934.0,1211.0,723.0,1,1,2025-06
1003618,2025-06-16,Electronics,East,Supplier C,WH-West,Standard,5,156.51,10,227.67,5,0,67,11,1138.35,782.55,355.8,0,1,2025-06
1002982,2025-06-16,Electronics,North,Supplier A,WH-North,Standard,17,93.09,6,143.5,16,1,78,6,2296.0,1489.44,806.56,1,1,2025-06
1003709,2025-06-16,Electronics,South,Supplier A,WH-East,Express,6,260.36,16,448.56,4,2,20,16,1794.24,1041.44,752.8,1,0,2025-06
1003060,2025-06-16,Electronics,East,Supplier D,WH-North,Standard,8,211.85,10,255.27,8,0,12,10,2042.16,1694.8,347.36,0,1,2025-06
1003440,2025-06-16,Apparel,North,Supplier A,WH-East,Standard,16,102.49,11,164.28,14,2,18,13,2299.92,1434.86,865.06,1,0,2025-06
1002619,2025-06-17,Office Supplies,West,Supplier B,WH-East,Standard,3,377.23,6,597.36,3,0,55,6,1792.08,1131.69,660.39,0,1,2025-06
1005750,2025-06-17,Electronics,North,Supplier B,WH-East,Standard,11,75.28,11,99.88,10,1,49,11,998.8,752.8,246.0,1,1,2025-06
1005526,2025-06-17,Electronics,West,Supplier D,WH-West,Standard,10,251.59,11,403.87,8,2,76,12,3230.96,2012.72,1218.24,1,1,2025-06
1004785,2025-06-17,Health & Beauty,North,Supplier B,WH-North,Same Day,1,72.24,6,113.11,1,0,45,8,113.11,72.24,40.87,0,0,2025-06
1000838,2025-06-17,Home & Kitchen,South,Supplier D,WH-West,Standard,1,359.6,14,565.36,0,1,10,14,0.0,0.0,0.0,1,0,2025-06
1005652,2025-06-17,Home & Kitchen,West,Supplier E,WH-South,Express,4,10.32,5,13.61,4,0,15,4,54.44,41.28,13.16,0,1,2025-06
1004657,2025-06-17,Health & Beauty,East,Supplier C,WH-South,Standard,2,105.05,13,174.08,2,0,14,15,348.16,210.1,138.06,0,0,2025-06
1001623,2025-06-18,Home & Kitchen,South,Supplier C,WH-East,Standard,10,323.62,16,418.19,8,2,58,17,3345.52,2588.96,756.56,1,0,2025-06
1004499,2025-06-18,Home & Kitchen,East,Supplier B,WH-East,Standard,10,106.72,17,161.91,8,2,27,16,1295.28,853.76,441.52,1,0,2025-06
1003571,2025-06-18,Apparel,East,Supplier E,WH-South,Standard,5,380.77,10,490.46,5,0,74,8,2452.3,1903.85,548.45,0,1,2025-06
1001749,2025-06-19,Health & Beauty,West,Supplier B,WH-East,Standard,8,297.18,10,424.3,7,1,13,8,2970.1,2080.26,889.84,1,1,2025-06
1003703,2025-06-19,Apparel,South,Supplier C,WH-South,Standard,20,349.62,12,586.57,20,0,70,14,11731.4,6992.4,4739.0,0,0,2025-06
1004079,2025-06-19,Electronics,South,Supplier E,WH-East,Express,14,205.01,5,274.83,13,1,73,6,3572.79,2665.13,907.66,1,0,2025-06
1004080,2025-06-19,Electronics,East,Supplier C,WH-North,Standard,20,141.46,5,214.03,19,1,21,3,4066.57,2687.74,1378.83,1,1,2025-06
1002699,2025-06-19,Health & Beauty,West,Supplier D,WH-East,Standard,15,362.69,6,512.8,14,1,70,6,7179.2,5077.66,2101.54,1,1,2025-06
1003777,2025-06-19,Home & Kitchen,East,Supplier C,WH-West,Standard,13,230.23,16,305.83,11,2,26,16,3364.13,2532.53,831.6,1,0,2025-06
1002721,2025-06-19,Office Supplies,South,Supplier C,WH-East,Standard,14,83.53,4,142.51,12,2,42,2,1710.12,1002.36,707.76,1,1,2025-06
1001152,2025-06-20,Electronics,South,Supplier A,WH-North,Standard,16,276.14,4,360.16,14,2,77,3,5042.24,3865.96,1176.28,1,1,2025-06
1001413,2025-06-20,Electronics,North,Supplier E,WH-South,Standard,5,16.13,2,27.14,4,1,60,3,108.56,64.52,44.04,1,1,2025-06
1002358,2025-06-20,Apparel,East,Supplier D,WH-West,Standard,2,256.19,15,412.56,2,0,63,14,825.12,512.38,312.74,0,0,2025-06
1002374,2025-06-20,Home & Kitchen,West,Supplier E,WH-West,Standard,24,287.25,3,356.3,19,5,47,2,6769.7,5457.75,1311.95,1,1,2025-06
1005270,2025-06-20,Electronics,South,Supplier D,WH-South,Standard,1,181.4,6,211.67,1,0,74,6,211.67,181.4,30.27,0,1,2025-06
1001850,2025-06-20,Electronics,North,Supplier C,WH-West,Express,18,357.69,5,489.91,17,1,47,3,8328.47,6080.73,2247.74,1,1,2025-06
1004117,2025-06-20,Home & Kitchen,South,Supplier A,WH-South,Standard,21,446.55,15,587.68,20,1,39,15,11753.6,8931.0,2822.6,1,0,2025-06
1002992,2025-06-20,Home & Kitchen,North,Supplier A,WH-West,Standard,24,238.32,12,312.51,22,2,19,13,6875.22,5243.04,1632.18,1,0,2025-06
1004849,2025-06-20,Electronics,East,Supplier A,WH-West,Standard,12,449.54,3,732.48,12,0,40,5,8789.76,5394.48,3395.28,0,1,2025-06
1001571,2025-06-20,Home & Kitchen,North,Supplier D,WH-West,Standard,1,139.92,17,162.67,1,0,26,16,162.67,139.92,22.75,0,0,2025-06
1004619,2025-06-20,Health & Beauty,West,Supplier B,WH-West,Standard,4,322.29,16,387.16,3,1,12,17,1161.48,966.87,194.61,1,0,2025-06
1000902,2025-06-20,Apparel,South,Supplier B,WH-West,Express,7,292.1,8,485.45,5,2,25,9,2427.25,1460.5,966.75,1,0,2025-06
1002030,2025-06-21,Health & Beauty,South,Supplier E,WH-North,Standard,16,97.7,14,149.91,15,1,24,14,2248.65,1465.5,783.15,1,0,2025-06
1000385,2025-06-21,Office Supplies,South,Supplier B,WH-South,Standard,5,443.36,16,541.17,5,0,17,14,2705.85,2216.8,489.05,0,0,2025-06
1001420,2025-06-21,Electronics,West,Supplier D,WH-North,Express,11,175.4,7,267.9,11,0,14,7,2946.9,1929.4,1017.5,0,0,2025-06
1004926,2025-06-21,Apparel,South,Supplier C,WH-North,Standard,20,80.89,3,93.91,19,1,66,4,1784.29,1536.91,247.38,1,1,2025-06
1005980,2025-06-21,Apparel,South,Supplier B,WH-North,Standard,21,234.2,9,351.42,18,3,46,7,6325.56,4215.6,2109.96,1,1,2025-06
1001695,2025-06-21,Electronics,North,Supplier E,WH-East,Standard,23,332.43,13,397.67,20,3,54,13,7953.4,6648.6,1304.8,1,0,2025-06
1002248,2025-06-22,Health & Beauty,East,Supplier B,WH-West,Same Day,21,101.02,10,134.95,19,2,60,12,2564.05,1919.38,644.67,1,0,2025-06
1001712,2025-06-22,Electronics,West,Supplier E,WH-South,Standard,23,383.56,3,584.78,23,0,21,2,13449.94,8821.88,4628.06,0,1,2025-06
1002126,2025-06-22,Home & Kitchen,East,Supplier A,WH-West,Standard,16,244.53,2,394.35,13,3,39,2,5126.55,3178.89,1947.66,1,1,2025-06
1001733,2025-06-22,Apparel,South,Supplier B,WH-South,Standard,4,56.85,7,76.08,3,1,66,7,228.24,170.55,57.69,1,1,2025-06
1003301,2025-06-23,Home & Kitchen,South,Supplier A,WH-North,Same Day,1,408.06,13,535.8,1,0,25,14,535.8,408.06,127.74,0,0,2025-06
1005977,2025-06-23,Home & Kitchen,East,Supplier C,WH-West,Standard,10,384.87,4,533.5,9,1,52,6,4801.5,3463.83,1337.67,1,1,2025-06
1000703,2025-06-23,Office Supplies,North,Supplier A,WH-East,Standard,4,420.25,14,568.02,2,2,53,12,1136.04,840.5,295.54,1,1,2025-06
1004781,2025-06-23,Apparel,South,Supplier D,WH-South,Standard,6,34.91,13,40.81,6,0,63,13,244.86,209.46,35.4,0,0,2025-06
1003746,2025-06-23,Electronics,South,Supplier C,WH-South,Express,18,335.8,17,432.83,14,4,34,19,6059.62,4701.2,1358.42,1,0,2025-06
1004992,2025-06-23,Apparel,North,Supplier E,WH-South,Same Day,21,165.13,16,193.3,18,3,60,14,3479.4,2972.34,507.06,1,0,2025-06
1003849,2025-06-23,Electronics,North,Supplier E,WH-South,Express,22,398.78,12,683.49,21,1,66,13,14353.29,8374.38,5978.91,1,0,2025-06
1004866,2025-06-23,Electronics,West,Supplier C,WH-West,Standard,1,305.75,3,420.88,1,0,46,3,420.88,305.75,115.13,0,1,2025-06
1003187,2025-06-23,Health & Beauty,East,Supplier A,WH-North,Standard,7,129.48,2,178.06,6,1,13,1,1068.36,776.88,291.48,1,1,2025-06
1004569,2025-06-23,Electronics,East,Supplier D,WH-West,Same Day,18,328.85,2,532.12,17,1,74,1,9046.04,5590.45,3455.59,1,1,2025-06
1003716,2025-06-23,Apparel,South,Supplier C,WH-North,Same Day,20,196.83,15,343.02,18,2,49,15,6174.36,3542.94,2631.42,1,0,2025-06
1002538,2025-06-23,Office Supplies,South,Supplier D,WH-North,Standard,24,344.62,16,422.93,22,2,39,14,9304.46,7581.64,1722.82,1,0,2025-06
1004852,2025-06-24,Office Supplies,East,Supplier E,WH-South,Standard,22,330.88,3,446.87,20,2,67,3,8937.4,6617.6,2319.8,1,1,2025-06
1001563,2025-06-24,Office Supplies,North,Supplier D,WH-East,Standard,13,20.67,6,26.17,13,0,38,5,340.21,268.71,71.5,0,1,2025-06
1003778,2025-06-24,Health & Beauty,East,Supplier A,WH-South,Standard,16,158.21,8,244.65,16,0,34,8,3914.4,2531.36,1383.04,0,1,2025-06
1000152,2025-06-24,Home & Kitchen,South,Supplier B,WH-South,Standard,22,56.92,2,94.23,18,4,31,1,1696.14,1024.56,671.58,1,1,2025-06
1004623,2025-06-24,Electronics,East,Supplier E,WH-North,Standard,12,217.59,4,297.33,9,3,24,4,2675.97,1958.31,717.66,1,1,2025-06
1005982,2025-06-24,Electronics,West,Supplier A,WH-North,Standard,9,177.29,9,297.06,7,2,78,8,2079.42,1241.03,838.39,1,1,2025-06
1002621,2025-06-24,Electronics,South,Supplier D,WH-South,Standard,1,202.29,3,243.47,1,0,78,5,243.47,202.29,41.18,0,1,2025-06
1004716,2025-06-24,Home & Kitchen,West,Supplier A,WH-North,Express,8,162.7,4,221.24,7,1,70,3,1548.68,1138.9,409.78,1,1,2025-06
1004115,2025-06-25,Electronics,North,Supplier C,WH-West,Standard,4,236.62,14,362.28,4,0,52,14,1449.12,946.48,502.64,0,0,2025-06
1003088,2025-06-25,Electronics,West,Supplier B,WH-East,Same Day,16,60.21,6,70.34,16,0,60,6,1125.44,963.36,162.08,0,0,2025-06
1004648,2025-06-25,Electronics,West,Supplier A,WH-South,Standard,20,84.74,8,110.37,17,3,34,8,1876.29,1440.58,435.71,1,1,2025-06
1003550,2025-06-25,Home & Kitchen,South,Supplier C,WH-South,Standard,22,91.67,8,141.51,20,2,17,10,2830.2,1833.4,996.8,1,1,2025-06
1000799,2025-06-25,Home & Kitchen,West,Supplier B,WH-North,Standard,1,46.32,7,78.35,0,1,51,9,0.0,0.0,0.0,1,1,2025-06
1002288,2025-06-25,Office Supplies,East,Supplier D,WH-West,Standard,20,24.61,14,35.39,17,3,37,14,601.63,418.37,183.26,1,0,2025-06
1002734,2025-06-25,Apparel,South,Supplier B,WH-East,Express,11,78.27,6,101.5,10,1,46,8,1015.0,782.7,232.3,1,0,2025-06
1003403,2025-06-25,Apparel,West,Supplier E,WH-East,Standard,23,332.94,7,419.91,23,0,70,7,9657.93,7657.62,2000.31,0,1,2025-06
1002801,2025-06-26,Home & Kitchen,West,Supplier E,WH-West,Standard,23,304.09,12,420.39,19,4,71,14,7987.41,5777.71,2209.7,1,0,2025-06
1005374,2025-06-26,Office Supplies,South,Supplier D,WH-North,Standard,14,77.31,16,133.14,14,0,45,17,1863.96,1082.34,781.62,0,0,2025-06
1002383,2025-06-26,Apparel,West,Supplier A,WH-East,Standard,20,348.41,11,418.44,20,0,15,11,8368.8,6968.2,1400.6,0,1,2025-06
1000947,2025-06-26,Office Supplies,West,Supplier A,WH-West,Same Day,14,269.86,17,388.19,13,1,67,16,5046.47,3508.18,1538.29,1,0,2025-06
1004193,2025-06-27,Electronics,East,Supplier A,WH-South,Standard,22,357.92,10,443.74,20,2,59,10,8874.8,7158.4,1716.4,1,1,2025-06
1002596,2025-06-27,Home & Kitchen,South,Supplier E,WH-South,Standard,8,341.0,12,494.44,8,0,46,12,3955.52,2728.0,1227.52,0,1,2025-06
1002975,2025-06-27,Apparel,West,Supplier C,WH-South,Standard,15,402.04,2,611.17,13,2,66,2,7945.21,5226.52,2718.69,1,1,2025-06
1005100,2025-06-27,Electronics,North,Supplier A,WH-West,Standard,13,414.15,14,528.22,12,1,55,13,6338.64,4969.8,1368.84,1,0,2025-06
1003628,2025-06-27,Home & Kitchen,North,Supplier A,WH-East,Standard,23,155.18,5,197.61,22,1,13,6,4347.42,3413.96,933.46,1,1,2025-06
1001778,2025-06-27,Home & Kitchen,South,Supplier E,WH-West,Standard,17,415.55,4,502.86,15,2,73,4,7542.9,6233.25,1309.65,1,1,2025-06
1004507,2025-06-27,Apparel,North,Supplier D,WH-South,Express,18,167.37,10,220.88,16,2,77,10,3534.08,2677.92,856.16,1,0,2025-06
1000501,2025-06-28,Health & Beauty,North,Supplier E,WH-East,Standard,23,34.93,12,40.78,23,0,24,12,937.94,803.39,134.55,0,1,2025-06
1000810,2025-06-29,Apparel,East,Supplier C,WH-West,Standard,24,344.37,14,415.04,21,3,56,15,8715.84,7231.77,1484.07,1,0,2025-06
1003028,2025-06-29,Office Supplies,South,Supplier D,WH-West,Standard,2,162.68,14,231.91,2,0,77,14,463.82,325.36,138.46,0,0,2025-06
1002475,2025-06-29,Home & Kitchen,West,Supplier A,WH-North,Standard,13,305.96,2,381.2,13,0,27,3,4955.6,3977.48,978.12,0,1,2025-06
1001470,2025-06-29,Electronics,South,Supplier D,WH-West,Standard,21,380.08,8,571.56,21,0,16,8,12002.76,7981.68,4021.08,0,1,2025-06
1000846,2025-06-29,Health & Beauty,North,Supplier A,WH-North,Express,18,120.76,3,208.69,18,0,35,2,3756.42,2173.68,1582.74,0,1,2025-06
1003998,2025-06-29,Office Supplies,East,Supplier C,WH-North,Express,16,211.51,11,358.91,13,3,61,13,4665.83,2749.63,1916.2,1,0,2025-06
1001014,2025-06-30,Home & Kitchen,South,Supplier B,WH-East,Express,7,386.17,2,468.41,7,0,16,4,3278.87,2703.19,575.68,0,1,2025-06
1005986,2025-06-30,Health & Beauty,South,Supplier C,WH-South,Standard,14,353.72,6,527.78,14,0,77,5,7388.92,4952.08,2436.84,0,1,2025-06
1004520,2025-06-30,Home & Kitchen,East,Supplier B,WH-South,Standard,8,21.11,4,33.19,8,0,28,4,265.52,168.88,96.64,0,1,2025-06
1003567,2025-06-30,Electronics,East,Supplier A,WH-East,Standard,3,332.21,8,518.18,3,0,44,8,1554.54,996.63,557.91,0,1,2025-06
1003538,2025-06-30,Home & Kitchen,East,Supplier D,WH-North,Standard,5,275.98,5,374.51,5,0,68,6,1872.55,1379.9,492.65,0,1,2025-06
1000129,2025-06-30,Home & Kitchen,West,Supplier B,WH-East,Express,17,62.54,16,106.46,13,4,53,16,1383.98,813.02,570.96,1,0,2025-06
1000337,2025-06-30,Health & Beauty,South,Supplier C,WH-North,Standard,13,407.56,3,564.28,12,1,37,4,6771.36,4890.72,1880.64,1,1,2025-06
1003086,2025-06-30,Office Supplies,North,Supplier D,WH-South,Standard,12,149.1,17,243.75,11,1,29,18,2681.25,1640.1,1041.15,1,0,2025-06
1002779,2025-06-30,Electronics,North,Supplier C,WH-East,Standard,7,61.85,14,102.21,7,0,77,12,715.47,432.95,282.52,0,1,2025-06
1000712,2025-06-30,Apparel,West,Supplier D,WH-West,Standard,24,63.22,5,78.16,22,2,66,5,1719.52,1390.84,328.68,1,1,2025-06
1000542,2025-07-01,Electronics,West,Supplier E,WH-North,Express,8,430.95,2,639.33,7,1,41,3,4475.31,3016.65,1458.66,1,1,2025-07
1004510,2025-07-01,Office Supplies,West,Supplier B,WH-North,Express,15,131.95,10,226.02,14,1,32,8,3164.28,1847.3,1316.98,1,0,2025-07
1002804,2025-07-01,Electronics,East,Supplier B,WH-West,Standard,22,26.36,5,33.25,21,1,78,5,698.25,553.56,144.69,1,1,2025-07
1000950,2025-07-01,Office Supplies,North,Supplier C,WH-West,Standard,17,408.49,3,702.1,14,3,17,4,9829.4,5718.86,4110.54,1,1,2025-07
1003975,2025-07-01,Electronics,North,Supplier C,WH-West,Express,2,13.31,5,23.28,2,0,66,5,46.56,26.62,19.94,0,1,2025-07
1002270,2025-07-01,Electronics,North,Supplier C,WH-South,Standard,16,445.92,4,638.66,16,0,24,4,10218.56,7134.72,3083.84,0,1,2025-07
1001260,2025-07-01,Apparel,West,Supplier D,WH-South,Standard,14,264.09,2,358.33,13,1,52,1,4658.29,3433.17,1225.12,1,1,2025-07
1001362,2025-07-01,Office Supplies,East,Supplier D,WH-North,Express,19,60.14,12,88.93,17,2,26,10,1511.81,1022.38,489.43,1,0,2025-07
1003556,2025-07-02,Office Supplies,West,Supplier E,WH-West,Standard,23,385.23,2,601.69,21,2,13,1,12635.49,8089.83,4545.66,1,1,2025-07
1005349,2025-07-02,Home & Kitchen,West,Supplier B,WH-West,Express,16,48.56,17,75.07,13,3,64,18,975.91,631.28,344.63,1,0,2025-07
1001866,2025-07-02,Apparel,East,Supplier D,WH-West,Standard,3,156.87,3,229.99,2,1,26,3,459.98,313.74,146.24,1,1,2025-07
1003236,2025-07-02,Home & Kitchen,North,Supplier E,WH-North,Standard,13,261.26,8,316.53,12,1,14,7,3798.36,3135.12,663.24,1,1,2025-07
1003558,2025-07-02,Office Supplies,East,Supplier A,WH-North,Express,16,448.53,11,746.72,15,1,55,12,11200.8,6727.95,4472.85,1,0,2025-07
1004445,2025-07-02,Electronics,South,Supplier C,WH-South,Standard,14,298.83,10,508.93,12,2,22,9,6107.16,3585.96,2521.2,1,1,2025-07
1003407,2025-07-02,Electronics,West,Supplier A,WH-South,Standard,23,315.22,7,444.91,19,4,11,7,8453.29,5989.18,2464.11,1,1,2025-07
1004459,2025-07-02,Apparel,West,Supplier A,WH-East,Standard,5,407.86,13,560.44,4,1,71,11,2241.76,1631.44,610.32,1,1,2025-07
1001102,2025-07-03,Apparel,East,Supplier D,WH-East,Express,22,62.07,15,97.46,18,4,68,14,1754.28,1117.26,637.02,1,0,2025-07
1003081,2025-07-03,Electronics,South,Supplier D,WH-West,Same Day,17,229.26,2,330.42,17,0,40,2,5617.14,3897.42,1719.72,0,1,2025-07
1005655,2025-07-03,Health & Beauty,West,Supplier D,WH-West,Standard,13,97.42,2,117.41,12,1,69,2,1408.92,1169.04,239.88,1,1,2025-07
1002307,2025-07-03,Office Supplies,East,Supplier E,WH-South,Express,21,388.04,15,481.77,20,1,42,16,9635.4,7760.8,1874.6,1,0,2025-07
1004808,2025-07-03,Office Supplies,South,Supplier A,WH-South,Express,17,25.36,15,36.27,16,1,77,16,580.32,405.76,174.56,1,0,2025-07
1001068,2025-07-03,Electronics,South,Supplier C,WH-West,Standard,11,155.15,3,190.58,11,0,22,3,2096.38,1706.65,389.73,0,1,2025-07
1002548,2025-07-03,Electronics,West,Supplier A,WH-East,Standard,1,13.33,9,22.3,1,0,30,8,22.3,13.33,8.97,0,1,2025-07
1003180,2025-07-03,Health & Beauty,East,Supplier A,WH-South,Standard,17,423.18,7,646.68,16,1,26,9,10346.88,6770.88,3576.0,1,1,2025-07
1000984,2025-07-03,Home & Kitchen,North,Supplier B,WH-South,Express,14,92.19,3,127.36,13,1,58,1,1655.68,1198.47,457.21,1,1,2025-07
1005228,2025-07-03,Apparel,East,Supplier A,WH-East,Same Day,9,237.21,16,381.6,9,0,72,17,3434.4,2134.89,1299.51,0,0,2025-07
1001002,2025-07-03,Home & Kitchen,East,Supplier E,WH-East,Standard,11,180.33,13,217.98,10,1,68,12,2179.8,1803.3,376.5,1,1,2025-07
1004423,2025-07-03,Office Supplies,North,Supplier E,WH-East,Standard,19,367.31,16,463.91,17,2,17,16,7886.47,6244.27,1642.2,1,0,2025-07
1005924,2025-07-04,Electronics,West,Supplier E,WH-South,Standard,5,253.8,12,429.76,5,0,28,12,2148.8,1269.0,879.8,0,1,2025-07
1003068,2025-07-04,Electronics,South,Supplier C,WH-South,Standard,22,307.11,10,434.7,20,2,72,10,8694.0,6142.2,2551.8,1,1,2025-07
1000256,2025-07-04,Office Supplies,South,Supplier D,WH-East,Standard,15,73.88,4,125.3,13,2,25,3,1628.9,960.44,668.46,1,1,2025-07
1004126,2025-07-04,Health & Beauty,West,Supplier D,WH-West,Standard,4,432.04,11,726.23,3,1,37,12,2178.69,1296.12,882.57,1,1,2025-07
1000767,2025-07-04,Apparel,North,Supplier A,WH-East,Express,3,188.2,15,309.03,3,0,31,15,927.09,564.6,362.49,0,0,2025-07
1000476,2025-07-04,Apparel,North,Supplier D,WH-East,Standard,12,139.42,8,216.12,10,2,29,9,2161.2,1394.2,767.0,1,1,2025-07
1001630,2025-07-04,Electronics,East,Supplier D,WH-North,Standard,18,27.88,9,36.84,18,0,53,10,663.12,501.84,161.28,0,1,2025-07
1005076,2025-07-04,Home & Kitchen,North,Supplier A,WH-North,Standard,8,373.05,8,594.78,8,0,73,7,4758.24,2984.4,1773.84,0,1,2025-07
1003300,2025-07-04,Home & Kitchen,South,Supplier B,WH-North,Same Day,1,37.42,3,56.38,1,0,43,3,56.38,37.42,18.96,0,0,2025-07
1003242,2025-07-04,Apparel,East,Supplier E,WH-South,Standard,9,55.17,4,65.89,9,0,52,6,593.01,496.53,96.48,0,1,2025-07
1004051,2025-07-05,Health & Beauty,North,Supplier D,WH-West,Standard,18,353.95,10,570.94,15,3,65,10,8564.1,5309.25,3254.85,1,1,2025-07
1005379,2025-07-05,Electronics,North,Supplier A,WH-East,Standard,17,113.82,16,134.84,15,2,77,18,2022.6,1707.3,315.3,1,0,2025-07
1001293,2025-07-05,Office Supplies,North,Supplier E,WH-South,Standard,2,381.22,13,458.28,2,0,67,14,916.56,762.44,154.12,0,0,2025-07
1005335,2025-07-05,Electronics,East,Supplier B,WH-West,Standard,11,378.49,10,527.35,11,0,65,10,5800.85,4163.39,1637.46,0,1,2025-07
1002419,2025-07-05,Electronics,West,Supplier D,WH-East,Same Day,20,66.01,9,96.15,20,0,51,9,1923.0,1320.2,602.8,0,0,2025-07
1001907,2025-07-05,Home & Kitchen,South,Supplier D,WH-North,Standard,18,365.95,2,504.9,16,2,75,4,8078.4,5855.2,2223.2,1,1,2025-07
1003717,2025-07-06,Office Supplies,North,Supplier A,WH-West,Standard,6,9.28,9,13.2,5,1,26,7,66.0,46.4,19.6,1,1,2025-07
1004323,2025-07-06,Apparel,South,Supplier B,WH-West,Standard,7,373.88,17,569.97,6,1,58,19,3419.82,2243.28,1176.54,1,0,2025-07
1001824,2025-07-06,Electronics,East,Supplier E,WH-South,Standard,8,383.55,14,620.8,7,1,23,13,4345.6,2684.85,1660.75,1,0,2025-07
1004061,2025-07-06,Electronics,West,Supplier C,WH-West,Standard,10,195.05,8,334.65,10,0,45,8,3346.5,1950.5,1396.0,0,1,2025-07
1003237,2025-07-06,Office Supplies,West,Supplier E,WH-South,Express,8,301.03,9,494.89,8,0,50,10,3959.12,2408.24,1550.88,0,0,2025-07
1001788,2025-07-06,Home & Kitchen,North,Supplier C,WH-West,Standard,8,199.86,12,236.72,8,0,40,12,1893.76,1598.88,294.88,0,1,2025-07
1001919,2025-07-06,Electronics,West,Supplier D,WH-North,Standard,24,430.11,11,517.48,23,1,55,11,11902.04,9892.53,2009.51,1,1,2025-07
1005755,2025-07-06,Health & Beauty,South,Supplier D,WH-South,Express,2,263.37,7,453.82,2,0,45,9,907.64,526.74,380.9,0,0,2025-07
1005744,2025-07-07,Home & Kitchen,South,Supplier C,WH-East,Same Day,4,111.5,10,184.06,1,3,61,9,184.06,111.5,72.56,1,0,2025-07
1002219,2025-07-07,Home & Kitchen,West,Supplier E,WH-East,Same Day,4,139.2,2,243.24,4,0,14,1,972.96,556.8,416.16,0,1,2025-07
1002482,2025-07-07,Health & Beauty,West,Supplier C,WH-East,Standard,21,25.01,5,33.4,17,4,70,5,567.8,425.17,142.63,1,1,2025-07
1002484,2025-07-07,Apparel,South,Supplier A,WH-North,Standard,5,448.0,15,687.05,4,1,16,15,2748.2,1792.0,956.2,1,0,2025-07
1002231,2025-07-07,Home & Kitchen,South,Supplier D,WH-East,Standard,20,284.62,17,360.58,19,1,56,17,6851.02,5407.78,1443.24,1,0,2025-07
1000921,2025-07-07,Home & Kitchen,West,Supplier E,WH-West,Standard,15,409.36,14,645.75,14,1,18,16,9040.5,5731.04,3309.46,1,0,2025-07
1002929,2025-07-07,Apparel,North,Supplier D,WH-North,Standard,24,91.44,9,130.78,21,3,36,10,2746.38,1920.24,826.14,1,1,2025-07
1001057,2025-07-07,Health & Beauty,West,Supplier E,WH-West,Same Day,2,48.46,3,62.15,2,0,69,4,124.3,96.92,27.38,0,0,2025-07
1002955,2025-07-07,Electronics,North,Supplier A,WH-South,Same Day,2,190.78,13,319.07,1,1,77,14,319.07,190.78,128.29,1,0,2025-07
1003432,2025-07-07,Home & Kitchen,North,Supplier C,WH-South,Same Day,24,18.67,13,28.87,20,4,22,12,577.4,373.4,204.0,1,0,2025-07
1000140,2025-07-07,Electronics,East,Supplier B,WH-East,Standard,17,23.04,11,33.88,16,1,42,11,542.08,368.64,173.44,1,1,2025-07
1004219,2025-07-08,Home & Kitchen,West,Supplier B,WH-South,Standard,22,411.15,4,581.39,20,2,15,4,11627.8,8223.0,3404.8,1,1,2025-07
1003809,2025-07-08,Electronics,South,Supplier D,WH-East,Standard,17,241.06,14,349.3,17,0,43,14,5938.1,4098.02,1840.08,0,0,2025-07
1003225,2025-07-08,Health & Beauty,North,Supplier D,WH-South,Standard,6,32.04,2,55.12,5,1,64,4,275.6,160.2,115.4,1,1,2025-07
1005608,2025-07-08,Apparel,West,Supplier E,WH-South,Standard,11,240.39,7,369.28,10,1,39,6,3692.8,2403.9,1288.9,1,1,2025-07
1000166,2025-07-09,Electronics,South,Supplier B,WH-North,Standard,19,82.42,6,134.63,18,1,34,6,2423.34,1483.56,939.78,1,1,2025-07
1005839,2025-07-09,Home & Kitchen,North,Supplier D,WH-West,Standard,16,261.05,13,390.33,16,0,47,13,6245.28,4176.8,2068.48,0,0,2025-07
1002821,2025-07-09,Electronics,South,Supplier E,WH-North,Standard,9,331.88,10,542.38,9,0,57,9,4881.42,2986.92,1894.5,0,1,2025-07
1000661,2025-07-09,Home & Kitchen,North,Supplier C,WH-South,Standard,18,116.97,10,187.66,18,0,63,12,3377.88,2105.46,1272.42,0,1,2025-07
1000510,2025-07-09,Electronics,South,Supplier A,WH-North,Same Day,3,76.45,15,103.87,3,0,24,13,311.61,229.35,82.26,0,0,2025-07
1005292,2025-07-09,Office Supplies,North,Supplier A,WH-South,Standard,8,351.16,15,428.37,7,1,18,14,2998.59,2458.12,540.47,1,0,2025-07
1000077,2025-07-09,Apparel,South,Supplier B,WH-North,Standard,5,375.52,12,610.73,5,0,45,11,3053.65,1877.6,1176.05,0,1,2025-07
1005834,2025-07-09,Home & Kitchen,South,Supplier E,WH-East,Standard,20,140.06,4,205.83,17,3,49,5,3499.11,2381.02,1118.09,1,1,2025-07
1005437,2025-07-09,Electronics,East,Supplier E,WH-West,Standard,12,338.02,8,566.81,12,0,61,6,6801.72,4056.24,2745.48,0,1,2025-07
1001966,2025-07-09,Office Supplies,North,Supplier A,WH-West,Express,9,259.28,9,380.32,9,0,16,7,3422.88,2333.52,1089.36,0,0,2025-07
1003250,2025-07-10,Apparel,South,Supplier B,WH-West,Standard,20,140.95,10,175.91,19,1,63,9,3342.29,2678.05,664.24,1,1,2025-07
1000161,2025-07-10,Electronics,North,Supplier D,WH-West,Standard,10,137.09,12,175.87,9,1,69,10,1582.83,1233.81,349.02,1,1,2025-07
1004668,2025-07-10,Apparel,East,Supplier E,WH-South,Standard,19,348.58,5,461.62,19,0,51,5,8770.78,6623.02,2147.76,0,1,2025-07
1003392,2025-07-10,Electronics,East,Supplier D,WH-East,Standard,2,207.9,6,261.54,2,0,57,8,523.08,415.8,107.28,0,1,2025-07
1005120,2025-07-10,Office Supplies,North,Supplier B,WH-East,Express,3,436.66,16,556.41,3,0,74,17,1669.23,1309.98,359.25,0,0,2025-07
1005477,2025-07-10,Home & Kitchen,West,Supplier A,WH-South,Standard,22,220.61,15,311.42,22,0,25,14,6851.24,4853.42,1997.82,0,0,2025-07
1001621,2025-07-10,Home & Kitchen,East,Supplier B,WH-East,Standard,21,110.71,5,179.67,19,2,72,3,3413.73,2103.49,1310.24,1,1,2025-07
1001610,2025-07-10,Office Supplies,East,Supplier D,WH-South,Express,20,182.81,14,248.88,20,0,10,13,4977.6,3656.2,1321.4,0,0,2025-07
1000711,2025-07-11,Apparel,East,Supplier C,WH-West,Express,15,247.92,9,408.09,13,2,37,7,5305.17,3222.96,2082.21,1,0,2025-07
1004540,2025-07-11,Office Supplies,North,Supplier B,WH-West,Standard,24,232.06,10,375.65,21,3,14,11,7888.65,4873.26,3015.39,1,1,2025-07
1004066,2025-07-11,Electronics,South,Supplier D,WH-North,Same Day,4,9.26,7,13.44,4,0,29,9,53.76,37.04,16.72,0,0,2025-07
1003482,2025-07-11,Home & Kitchen,North,Supplier A,WH-West,Standard,2,350.79,9,547.59,2,0,28,9,1095.18,701.58,393.6,0,1,2025-07
1001751,2025-07-11,Apparel,East,Supplier D,WH-West,Standard,9,53.41,17,84.16,9,0,48,17,757.44,480.69,276.75,0,0,2025-07
1005832,2025-07-11,Home & Kitchen,South,Supplier D,WH-North,Express,5,253.05,17,333.49,5,0,72,18,1667.45,1265.25,402.2,0,0,2025-07
1003249,2025-07-11,Health & Beauty,South,Supplier B,WH-South,Standard,14,210.04,17,251.13,13,1,64,17,3264.69,2730.52,534.17,1,0,2025-07
1003765,2025-07-11,Apparel,West,Supplier B,WH-East,Standard,20,43.68,15,51.36,19,1,25,13,975.84,829.92,145.92,1,0,2025-07
1003898,2025-07-11,Office Supplies,East,Supplier B,WH-South,Express,3,393.88,11,653.21,3,0,25,9,1959.63,1181.64,777.99,0,0,2025-07
1003080,2025-07-11,Home & Kitchen,West,Supplier A,WH-South,Express,20,314.52,2,524.41,19,1,13,2,9963.79,5975.88,3987.91,1,1,2025-07
1001336,2025-07-11,Home & Kitchen,West,Supplier D,WH-West,Standard,10,82.08,15,106.77,10,0,65,14,1067.7,820.8,246.9,0,0,2025-07
1005878,2025-07-11,Health & Beauty,North,Supplier C,WH-South,Standard,5,29.59,2,35.52,5,0,60,1,177.6,147.95,29.65,0,1,2025-07
1005714,2025-07-12,Home & Kitchen,South,Supplier E,WH-South,Express,2,379.52,7,565.85,1,1,68,9,565.85,379.52,186.33,1,0,2025-07
1004574,2025-07-12,Apparel,North,Supplier A,WH-East,Standard,19,155.54,12,223.76,19,0,71,12,4251.44,2955.26,1296.18,0,1,2025-07
1006000,2025-07-12,Health & Beauty,East,Supplier C,WH-West,Standard,24,433.58,15,636.63,23,1,58,15,14642.49,9972.34,4670.15,1,0,2025-07
1003364,2025-07-12,Home & Kitchen,West,Supplier A,WH-East,Standard,5,439.26,4,537.85,5,0,19,4,2689.25,2196.3,492.95,0,1,2025-07
1003172,2025-07-12,Office Supplies,East,Supplier D,WH-East,Standard,23,45.68,4,79.07,21,2,32,2,1660.47,959.28,701.19,1,1,2025-07
1000979,2025-07-12,Health & Beauty,West,Supplier B,WH-North,Express,22,253.13,13,402.35,17,5,50,14,6839.95,4303.21,2536.74,1,0,2025-07
1004264,2025-07-12,Home & Kitchen,East,Supplier D,WH-North,Express,15,261.5,10,428.07,15,0,49,9,6421.05,3922.5,2498.55,0,0,2025-07
1002951,2025-07-12,Apparel,East,Supplier A,WH-North,Standard,15,111.88,5,164.69,14,1,49,5,2305.66,1566.32,739.34,1,1,2025-07
1003472,2025-07-12,Office Supplies,South,Supplier C,WH-North,Standard,3,122.6,9,163.38,2,1,79,9,326.76,245.2,81.56,1,1,2025-07
1002760,2025-07-12,Apparel,West,Supplier A,WH-East,Express,1,171.17,3,282.22,1,0,32,3,282.22,171.17,111.05,0,1,2025-07
1003881,2025-07-12,Apparel,North,Supplier B,WH-North,Standard,14,232.06,8,377.69,14,0,13,10,5287.66,3248.84,2038.82,0,1,2025-07
1002162,2025-07-12,Apparel,North,Supplier A,WH-North,Standard,3,325.14,5,471.01,2,1,24,5,942.02,650.28,291.74,1,1,2025-07
1004338,2025-07-13,Apparel,South,Supplier B,WH-South,Standard,20,110.06,3,170.25,20,0,61,2,3405.0,2201.2,1203.8,0,1,2025-07
1004354,2025-07-13,Office Supplies,South,Supplier B,WH-West,Standard,22,339.29,11,590.03,19,3,41,12,11210.57,6446.51,4764.06,1,1,2025-07
1004146,2025-07-13,Office Supplies,East,Supplier B,WH-South,Standard,23,13.01,15,18.97,20,3,73,15,379.4,260.2,119.2,1,0,2025-07
1002496,2025-07-13,Electronics,South,Supplier B,WH-South,Standard,14,121.94,8,172.55,12,2,21,6,2070.6,1463.28,607.32,1,1,2025-07
1004599,2025-07-13,Apparel,East,Supplier E,WH-West,Standard,20,402.42,14,635.88,19,1,27,15,12081.72,7645.98,4435.74,1,0,2025-07
1003350,2025-07-13,Office Supplies,South,Supplier B,WH-East,Standard,8,449.03,3,660.14,8,0,47,1,5281.12,3592.24,1688.88,0,1,2025-07
1003931,2025-07-13,Home & Kitchen,North,Supplier A,WH-East,Express,3,290.11,10,479.47,3,0,67,12,1438.41,870.33,568.08,0,0,2025-07
1000449,2025-07-13,Electronics,North,Supplier C,WH-North,Standard,2,23.13,17,30.28,2,0,24,19,60.56,46.26,14.3,0,0,2025-07
1004654,2025-07-13,Office Supplies,South,Supplier D,WH-East,Express,1,191.45,7,221.49,1,0,18,9,221.49,191.45,30.04,0,0,2025-07
1000032,2025-07-14,Health & Beauty,South,Supplier B,WH-North,Standard,11,226.92,14,389.44,10,1,38,12,3894.4,2269.2,1625.2,1,1,2025-07
1003658,2025-07-14,Health & Beauty,East,Supplier D,WH-West,Standard,19,41.95,3,57.94,19,0,25,5,1100.86,797.05,303.81,0,1,2025-07
1002336,2025-07-14,Home & Kitchen,East,Supplier C,WH-East,Express,16,280.59,4,459.07,13,3,42,3,5967.91,3647.67,2320.24,1,1,2025-07
1002558,2025-07-14,Health & Beauty,East,Supplier D,WH-West,Standard,22,391.17,7,507.5,21,1,40,9,10657.5,8214.57,2442.93,1,1,2025-07
1004184,2025-07-14,Home & Kitchen,East,Supplier A,WH-West,Standard,7,19.37,12,28.02,6,1,27,10,168.12,116.22,51.9,1,1,2025-07
1001188,2025-07-14,Home & Kitchen,East,Supplier C,WH-East,Standard,11,179.81,9,214.56,11,0,42,8,2360.16,1977.91,382.25,0,1,2025-07
1002195,2025-07-14,Apparel,West,Supplier C,WH-South,Same Day,20,340.44,2,587.87,19,1,46,4,11169.53,6468.36,4701.17,1,0,2025-07
1004691,2025-07-14,Health & Beauty,East,Supplier A,WH-South,Standard,24,449.36,5,641.82,23,1,78,5,14761.86,10335.28,4426.58,1,1,2025-07
1002904,2025-07-14,Apparel,East,Supplier D,WH-South,Standard,2,262.03,12,454.54,2,0,39,12,909.08,524.06,385.02,0,1,2025-07
1002244,2025-07-14,Home & Kitchen,West,Supplier B,WH-East,Express,13,26.87,10,39.22,12,1,79,9,470.64,322.44,148.2,1,0,2025-07
1001744,2025-07-15,Office Supplies,South,Supplier E,WH-North,Standard,21,220.76,2,288.31,18,3,20,3,5189.58,3973.68,1215.9,1,1,2025-07
1003148,2025-07-15,Home & Kitchen,South,Supplier D,WH-North,Same Day,21,373.47,16,503.77,18,3,44,16,9067.86,6722.46,2345.4,1,0,2025-07
1000067,2025-07-15,Office Supplies,West,Supplier B,WH-South,Standard,13,321.72,17,527.39,13,0,27,16,6856.07,4182.36,2673.71,0,0,2025-07
1004872,2025-07-15,Apparel,North,Supplier E,WH-East,Express,4,102.97,13,166.18,4,0,58,15,664.72,411.88,252.84,0,0,2025-07
1001887,2025-07-15,Apparel,North,Supplier D,WH-East,Express,9,20.53,11,31.2,9,0,74,11,280.8,184.77,96.03,0,0,2025-07
1002253,2025-07-15,Apparel,North,Supplier E,WH-East,Standard,2,443.55,6,558.43,1,1,53,4,558.43,443.55,114.88,1,1,2025-07
1002626,2025-07-15,Apparel,South,Supplier E,WH-North,Standard,9,268.28,7,371.34,9,0,67,5,3342.06,2414.52,927.54,0,1,2025-07
1004870,2025-07-16,Home & Kitchen,East,Supplier C,WH-North,Standard,10,377.26,11,590.34,9,1,46,10,5313.06,3395.34,1917.72,1,1,2025-07
1003296,2025-07-16,Apparel,West,Supplier A,WH-North,Standard,17,324.47,15,437.51,14,3,13,16,6125.14,4542.58,1582.56,1,0,2025-07
1005951,2025-07-16,Health & Beauty,North,Supplier E,WH-West,Standard,8,447.74,14,548.22,8,0,57,16,4385.76,3581.92,803.84,0,0,2025-07
1000325,2025-07-16,Health & Beauty,East,Supplier B,WH-North,Express,15,149.06,8,215.34,14,1,44,9,3014.76,2086.84,927.92,1,0,2025-07
1000801,2025-07-16,Apparel,East,Supplier D,WH-West,Express,16,275.86,6,386.41,15,1,16,6,5796.15,4137.9,1658.25,1,0,2025-07
1003399,2025-07-16,Home & Kitchen,East,Supplier A,WH-West,Standard,13,224.46,5,298.4,12,1,29,7,3580.8,2693.52,887.28,1,1,2025-07
1003436,2025-07-16,Apparel,West,Supplier B,WH-South,Express,6,218.5,15,290.75,6,0,50,15,1744.5,1311.0,433.5,0,0,2025-07
1002539,2025-07-16,Home & Kitchen,North,Supplier C,WH-West,Express,12,289.82,14,386.16,11,1,53,16,4247.76,3188.02,1059.74,1,0,2025-07
1004154,2025-07-16,Electronics,North,Supplier D,WH-North,Same Day,1,115.63,12,190.39,1,0,38,12,190.39,115.63,74.76,0,0,2025-07
1000041,2025-07-16,Electronics,North,Supplier B,WH-East,Standard,1,383.41,14,598.1,0,1,53,15,0.0,0.0,0.0,1,0,2025-07
1002777,2025-07-16,Office Supplies,West,Supplier E,WH-West,Express,17,114.3,6,136.24,14,3,18,6,1907.36,1600.2,307.16,1,0,2025-07
1000202,2025-07-17,Health & Beauty,South,Supplier A,WH-West,Standard,20,49.82,11,60.04,15,5,58,12,900.6,747.3,153.3,1,1,2025-07
1004976,2025-07-17,Home & Kitchen,West,Supplier B,WH-North,Same Day,15,282.66,5,464.96,13,2,36,5,6044.48,3674.58,2369.9,1,0,2025-07
1001521,2025-07-17,Office Supplies,North,Supplier B,WH-North,Standard,2,301.72,6,499.77,2,0,53,4,999.54,603.44,396.1,0,1,2025-07
1002476,2025-07-17,Electronics,West,Supplier B,WH-North,Express,23,135.19,6,219.46,22,1,72,6,4828.12,2974.18,1853.94,1,0,2025-07
1000145,2025-07-17,Electronics,South,Supplier A,WH-South,Express,6,429.38,10,505.04,6,0,55,9,3030.24,2576.28,453.96,0,0,2025-07
1000571,2025-07-17,Home & Kitchen,East,Supplier A,WH-West,Same Day,19,254.38,13,442.27,19,0,64,13,8403.13,4833.22,3569.91,0,0,2025-07
1005375,2025-07-17,Apparel,West,Supplier E,WH-West,Same Day,11,60.72,12,72.62,9,2,56,14,653.58,546.48,107.1,1,0,2025-07
1002124,2025-07-17,Home & Kitchen,East,Supplier C,WH-North,Standard,14,144.46,10,184.99,13,1,51,12,2404.87,1877.98,526.89,1,1,2025-07
1003875,2025-07-17,Home & Kitchen,North,Supplier C,WH-South,Standard,18,224.0,16,374.96,18,0,40,14,6749.28,4032.0,2717.28,0,0,2025-07
1003635,2025-07-17,Home & Kitchen,North,Supplier D,WH-South,Standard,16,321.58,9,512.21,14,2,49,8,7170.94,4502.12,2668.82,1,1,2025-07
1004245,2025-07-18,Health & Beauty,North,Supplier E,WH-East,Standard,17,137.89,11,228.97,16,1,31,9,3663.52,2206.24,1457.28,1,1,2025-07
1005169,2025-07-18,Apparel,West,Supplier B,WH-North,Same Day,20,79.18,14,116.22,18,2,45,15,2091.96,1425.24,666.72,1,0,2025-07
1000057,2025-07-18,Health & Beauty,East,Supplier E,WH-South,Standard,6,26.84,11,34.68,5,1,26,12,173.4,134.2,39.2,1,1,2025-07
1000747,2025-07-18,Apparel,East,Supplier C,WH-West,Express,4,38.84,7,66.17,4,0,10,7,264.68,155.36,109.32,0,0,2025-07
1003613,2025-07-18,Home & Kitchen,North,Supplier D,WH-North,Express,22,154.87,11,260.45,20,2,50,10,5209.0,3097.4,2111.6,1,0,2025-07
1003761,2025-07-18,Apparel,East,Supplier C,WH-North,Standard,7,287.22,4,380.28,7,0,61,4,2661.96,2010.54,651.42,0,1,2025-07
1000581,2025-07-18,Health & Beauty,West,Supplier E,WH-East,Standard,7,118.43,15,157.24,7,0,47,15,1100.68,829.01,271.67,0,0,2025-07
1002680,2025-07-19,Electronics,North,Supplier B,WH-East,Standard,19,347.08,2,586.35,17,2,72,1,9967.95,5900.36,4067.59,1,1,2025-07
1004095,2025-07-19,Office Supplies,East,Supplier C,WH-North,Express,4,289.07,8,343.26,3,1,74,6,1029.78,867.21,162.57,1,0,2025-07
1000216,2025-07-19,Electronics,North,Supplier D,WH-North,Express,23,287.76,8,387.37,20,3,26,9,7747.4,5755.2,1992.2,1,0,2025-07
1000367,2025-07-19,Home & Kitchen,South,Supplier E,WH-North,Express,16,113.48,10,164.47,15,1,46,8,2467.05,1702.2,764.85,1,0,2025-07
1003530,2025-07-19,Health & Beauty,East,Supplier A,WH-East,Standard,4,8.88,5,13.13,3,1,58,5,39.39,26.64,12.75,1,1,2025-07
1003634,2025-07-19,Home & Kitchen,East,Supplier A,WH-West,Standard,3,62.55,2,81.66,3,0,75,1,244.98,187.65,57.33,0,1,2025-07
1005871,2025-07-19,Office Supplies,North,Supplier C,WH-East,Standard,11,359.89,9,481.88,9,2,72,10,4336.92,3239.01,1097.91,1,1,2025-07
1003891,2025-07-19,Apparel,North,Supplier D,WH-North,Standard,22,180.83,10,306.54,20,2,50,10,6130.8,3616.6,2514.2,1,1,2025-07
1000071,2025-07-19,Electronics,East,Supplier C,WH-South,Same Day,17,422.38,8,619.54,15,2,31,7,9293.1,6335.7,2957.4,1,0,2025-07
1000684,2025-07-19,Office Supplies,North,Supplier A,WH-North,Same Day,1,231.07,9,387.95,1,0,76,9,387.95,231.07,156.88,0,0,2025-07
1005961,2025-07-19,Office Supplies,North,Supplier C,WH-West,Express,8,294.99,6,440.08,8,0,50,6,3520.64,2359.92,1160.72,0,0,2025-07
1005160,2025-07-20,Health & Beauty,West,Supplier B,WH-South,Express,13,167.08,2,277.4,12,1,24,2,3328.8,2004.96,1323.84,1,1,2025-07
1004882,2025-07-20,Home & Kitchen,South,Supplier A,WH-West,Same Day,24,169.24,6,252.64,21,3,32,8,5305.44,3554.04,1751.4,1,0,2025-07
1000042,2025-07-20,Home & Kitchen,North,Supplier E,WH-East,Express,23,319.55,14,388.98,19,4,64,13,7390.62,6071.45,1319.17,1,0,2025-07
1004508,2025-07-20,Office Supplies,East,Supplier D,WH-West,Standard,17,228.14,5,332.42,15,2,34,6,4986.3,3422.1,1564.2,1,1,2025-07
1003609,2025-07-20,Home & Kitchen,East,Supplier C,WH-West,Standard,1,191.28,12,314.9,1,0,38,12,314.9,191.28,123.62,0,1,2025-07
1001139,2025-07-20,Office Supplies,South,Supplier A,WH-North,Express,11,139.44,8,192.35,10,1,73,8,1923.5,1394.4,529.1,1,0,2025-07
1001855,2025-07-20,Apparel,East,Supplier E,WH-South,Standard,2,105.78,16,127.68,2,0,63,15,255.36,211.56,43.8,0,0,2025-07
1002950,2025-07-20,Health & Beauty,South,Supplier E,WH-West,Standard,3,414.95,16,542.53,3,0,61,18,1627.59,1244.85,382.74,0,0,2025-07
1003984,2025-07-20,Electronics,South,Supplier C,WH-North,Standard,6,224.6,15,342.41,5,1,21,16,1712.05,1123.0,589.05,1,0,2025-07
1004447,2025-07-21,Office Supplies,South,Supplier E,WH-North,Standard,10,242.15,5,333.62,9,1,57,6,3002.58,2179.35,823.23,1,1,2025-07
1003362,2025-07-21,Home & Kitchen,East,Supplier A,WH-South,Standard,9,263.53,16,423.17,8,1,41,16,3385.36,2108.24,1277.12,1,0,2025-07
1001595,2025-07-21,Office Supplies,West,Supplier E,WH-West,Express,15,378.57,8,620.69,15,0,52,6,9310.35,5678.55,3631.8,0,0,2025-07
1003688,2025-07-21,Electronics,North,Supplier C,WH-East,Express,23,213.95,11,361.0,21,2,56,12,7581.0,4492.95,3088.05,1,0,2025-07
1005205,2025-07-21,Apparel,North,Supplier D,WH-West,Express,17,327.96,11,403.05,15,2,45,9,6045.75,4919.4,1126.35,1,0,2025-07
1004988,2025-07-21,Apparel,West,Supplier B,WH-East,Standard,21,169.67,11,275.18,19,2,69,11,5228.42,3223.73,2004.69,1,1,2025-07
1000584,2025-07-22,Office Supplies,East,Supplier D,WH-East,Standard,2,339.11,9,562.24,2,0,51,9,1124.48,678.22,446.26,0,1,2025-07
1005780,2025-07-22,Office Supplies,South,Supplier D,WH-North,Standard,8,148.27,9,243.53,8,0,66,9,1948.24,1186.16,762.08,0,1,2025-07
1002800,2025-07-22,Office Supplies,North,Supplier A,WH-West,Standard,19,249.98,10,403.43,19,0,13,8,7665.17,4749.62,2915.55,0,1,2025-07
1004252,2025-07-22,Home & Kitchen,South,Supplier B,WH-South,Same Day,5,28.21,2,39.11,5,0,68,1,195.55,141.05,54.5,0,1,2025-07
1001399,2025-07-22,Office Supplies,East,Supplier C,WH-North,Same Day,23,410.05,6,496.6,20,3,26,6,9932.0,8201.0,1731.0,1,0,2025-07
1004284,2025-07-22,Apparel,East,Supplier D,WH-West,Express,14,189.68,13,313.46,14,0,57,12,4388.44,2655.52,1732.92,0,0,2025-07
1003880,2025-07-22,Office Supplies,West,Supplier C,WH-South,Standard,9,221.79,17,309.83,8,1,13,15,2478.64,1774.32,704.32,1,0,2025-07
1001725,2025-07-23,Office Supplies,North,Supplier B,WH-South,Standard,13,125.95,12,196.95,12,1,72,10,2363.4,1511.4,852.0,1,1,2025-07
1005242,2025-07-23,Electronics,South,Supplier B,WH-South,Standard,15,103.05,6,156.15,15,0,55,5,2342.25,1545.75,796.5,0,1,2025-07
1004293,2025-07-23,Home & Kitchen,East,Supplier E,WH-East,Standard,18,359.2,7,571.46,18,0,59,9,10286.28,6465.6,3820.68,0,1,2025-07
1004450,2025-07-23,Apparel,North,Supplier B,WH-West,Standard,4,30.54,8,39.42,3,1,39,8,118.26,91.62,26.64,1,1,2025-07
1000409,2025-07-23,Electronics,East,Supplier D,WH-West,Standard,1,57.47,4,92.18,0,1,61,3,0.0,0.0,0.0,1,1,2025-07
1000368,2025-07-23,Electronics,North,Supplier A,WH-South,Standard,4,426.39,11,595.65,4,0,65,13,2382.6,1705.56,677.04,0,0,2025-07
1001694,2025-07-23,Office Supplies,South,Supplier C,WH-North,Standard,14,156.76,2,239.22,13,1,24,2,3109.86,2037.88,1071.98,1,1,2025-07
1005420,2025-07-23,Electronics,North,Supplier E,WH-South,Standard,20,237.05,16,375.84,17,3,51,16,6389.28,4029.85,2359.43,1,0,2025-07
1004971,2025-07-23,Apparel,East,Supplier B,WH-West,Same Day,15,40.65,3,53.82,15,0,49,2,807.3,609.75,197.55,0,1,2025-07
1005428,2025-07-24,Apparel,East,Supplier B,WH-South,Express,9,33.57,15,48.02,7,2,46,15,336.14,234.99,101.15,1,0,2025-07
1004134,2025-07-24,Home & Kitchen,West,Supplier E,WH-West,Same Day,6,181.64,16,217.06,6,0,12,16,1302.36,1089.84,212.52,0,0,2025-07
1001418,2025-07-24,Electronics,West,Supplier D,WH-South,Standard,18,189.08,16,275.89,16,2,79,16,4414.24,3025.28,1388.96,1,0,2025-07
1003239,2025-07-24,Home & Kitchen,South,Supplier E,WH-East,Express,23,283.14,10,367.46,23,0,12,12,8451.58,6512.22,1939.36,0,0,2025-07
1003947,2025-07-24,Health & Beauty,North,Supplier E,WH-East,Express,24,85.78,14,111.6,23,1,30,16,2566.8,1972.94,593.86,1,0,2025-07
1004891,2025-07-24,Home & Kitchen,West,Supplier D,WH-South,Express,20,353.36,7,599.36,18,2,40,8,10788.48,6360.48,4428.0,1,0,2025-07
1001606,2025-07-24,Electronics,North,Supplier A,WH-South,Express,4,443.61,8,527.76,4,0,27,10,2111.04,1774.44,336.6,0,0,2025-07
1002899,2025-07-24,Office Supplies,East,Supplier B,WH-South,Standard,24,62.95,14,107.43,22,2,23,14,2363.46,1384.9,978.56,1,0,2025-07
1004717,2025-07-24,Apparel,West,Supplier E,WH-West,Standard,11,285.4,9,385.76,10,1,62,7,3857.6,2854.0,1003.6,1,1,2025-07
1001522,2025-07-24,Health & Beauty,South,Supplier D,WH-West,Standard,9,35.96,17,62.02,9,0,48,15,558.18,323.64,234.54,0,0,2025-07
1005355,2025-07-24,Health & Beauty,West,Supplier A,WH-South,Standard,12,61.03,13,88.97,11,1,11,13,978.67,671.33,307.34,1,0,2025-07
1002989,2025-07-24,Health & Beauty,South,Supplier E,WH-South,Standard,11,385.97,9,607.13,11,0,34,10,6678.43,4245.67,2432.76,0,1,2025-07
1003853,2025-07-24,Home & Kitchen,North,Supplier A,WH-West,Standard,9,421.08,11,657.15,9,0,36,9,5914.35,3789.72,2124.63,0,1,2025-07
1001607,2025-07-24,Home & Kitchen,East,Supplier B,WH-East,Express,21,183.74,14,276.16,21,0,73,16,5799.36,3858.54,1940.82,0,0,2025-07
1000268,2025-07-25,Apparel,West,Supplier A,WH-West,Standard,23,143.9,3,167.09,21,2,33,5,3508.89,3021.9,486.99,1,1,2025-07
1001018,2025-07-25,Home & Kitchen,West,Supplier E,WH-North,Standard,9,232.26,17,290.7,9,0,66,16,2616.3,2090.34,525.96,0,0,2025-07
1004682,2025-07-25,Electronics,West,Supplier A,WH-South,Standard,8,336.4,9,431.15,8,0,76,9,3449.2,2691.2,758.0,0,1,2025-07
1002495,2025-07-25,Home & Kitchen,South,Supplier C,WH-East,Express,7,350.05,14,579.91,7,0,16,14,4059.37,2450.35,1609.02,0,0,2025-07
1003009,2025-07-25,Electronics,West,Supplier A,WH-South,Standard,21,105.55,11,133.59,16,5,48,11,2137.44,1688.8,448.64,1,1,2025-07
1000419,2025-07-25,Health & Beauty,South,Supplier B,WH-West,Express,6,267.78,13,390.49,5,1,11,11,1952.45,1338.9,613.55,1,0,2025-07
1005489,2025-07-25,Apparel,West,Supplier C,WH-East,Express,23,100.02,15,144.96,19,4,76,13,2754.24,1900.38,853.86,1,0,2025-07
1001659,2025-07-25,Health & Beauty,East,Supplier A,WH-North,Express,20,44.1,15,68.02,17,3,52,17,1156.34,749.7,406.64,1,0,2025-07
1004858,2025-07-26,Home & Kitchen,North,Supplier B,WH-East,Express,15,226.09,6,381.74,15,0,17,5,5726.1,3391.35,2334.75,0,1,2025-07
1004816,2025-07-26,Apparel,South,Supplier E,WH-East,Standard,14,396.06,8,541.89,13,1,10,9,7044.57,5148.78,1895.79,1,1,2025-07
1003584,2025-07-26,Electronics,East,Supplier D,WH-West,Standard,7,420.69,3,595.97,6,1,17,3,3575.82,2524.14,1051.68,1,1,2025-07
1004851,2025-07-26,Office Supplies,West,Supplier E,WH-South,Standard,20,447.77,9,618.1,16,4,79,11,9889.6,7164.32,2725.28,1,1,2025-07
1003895,2025-07-26,Apparel,South,Supplier C,WH-South,Standard,7,358.01,10,536.39,7,0,74,10,3754.73,2506.07,1248.66,0,1,2025-07
1000859,2025-07-26,Electronics,West,Supplier B,WH-South,Same Day,19,116.62,15,185.95,18,1,22,16,3347.1,2099.16,1247.94,1,0,2025-07
1005343,2025-07-26,Electronics,West,Supplier C,WH-North,Standard,15,163.45,17,279.09,15,0,59,19,4186.35,2451.75,1734.6,0,0,2025-07
1002769,2025-07-26,Office Supplies,South,Supplier D,WH-East,Express,17,387.15,17,621.51,16,1,19,19,9944.16,6194.4,3749.76,1,0,2025-07
1002869,2025-07-26,Office Supplies,East,Supplier C,WH-West,Standard,5,105.53,13,122.9,4,1,65,13,491.6,422.12,69.48,1,0,2025-07
1002870,2025-07-26,Apparel,South,Supplier D,WH-East,Standard,1,328.71,14,463.37,1,0,45,13,463.37,328.71,134.66,0,0,2025-07
1003202,2025-07-26,Health & Beauty,West,Supplier A,WH-West,Standard,15,83.96,3,125.52,12,3,59,2,1506.24,1007.52,498.72,1,1,2025-07
1001544,2025-07-26,Home & Kitchen,South,Supplier B,WH-North,Express,5,179.62,2,241.2,5,0,73,1,1206.0,898.1,307.9,0,1,2025-07
1004473,2025-07-26,Home & Kitchen,South,Supplier A,WH-East,Express,20,423.37,6,685.32,18,2,74,8,12335.76,7620.66,4715.1,1,0,2025-07
1004679,2025-07-27,Home & Kitchen,West,Supplier C,WH-North,Standard,3,414.52,8,491.62,3,0,44,9,1474.86,1243.56,231.3,0,1,2025-07
1000162,2025-07-27,Office Supplies,South,Supplier D,WH-East,Standard,10,196.91,10,307.6,8,2,67,12,2460.8,1575.28,885.52,1,1,2025-07
1002445,2025-07-27,Electronics,East,Supplier B,WH-North,Standard,15,79.23,2,95.66,15,0,39,1,1434.9,1188.45,246.45,0,1,2025-07
1002433,2025-07-27,Home & Kitchen,West,Supplier D,WH-North,Standard,2,292.45,11,361.65,2,0,78,12,723.3,584.9,138.4,0,1,2025-07
1000961,2025-07-27,Health & Beauty,West,Supplier B,WH-West,Express,1,13.85,2,20.46,1,0,21,3,20.46,13.85,6.61,0,1,2025-07
1004287,2025-07-27,Health & Beauty,East,Supplier C,WH-East,Standard,12,254.21,8,442.0,12,0,30,7,5304.0,3050.52,2253.48,0,1,2025-07
1003320,2025-07-27,Apparel,South,Supplier D,WH-West,Same Day,24,448.77,17,530.21,21,3,79,17,11134.41,9424.17,1710.24,1,0,2025-07
1000124,2025-07-27,Health & Beauty,South,Supplier C,WH-South,Standard,12,318.03,7,405.05,12,0,21,6,4860.6,3816.36,1044.24,0,1,2025-07
1004730,2025-07-27,Office Supplies,South,Supplier E,WH-South,Standard,1,238.26,7,319.26,1,0,20,8,319.26,238.26,81.0,0,1,2025-07
1003902,2025-07-27,Electronics,North,Supplier B,WH-South,Express,14,26.67,13,39.22,13,1,12,13,509.86,346.71,163.15,1,0,2025-07
1001029,2025-07-27,Electronics,West,Supplier C,WH-South,Express,12,274.53,8,321.48,12,0,19,9,3857.76,3294.36,563.4,0,0,2025-07
1004616,2025-07-27,Apparel,West,Supplier E,WH-West,Standard,7,146.06,3,169.7,5,2,57,5,848.5,730.3,118.2,1,1,2025-07
1004784,2025-07-28,Home & Kitchen,East,Supplier C,WH-West,Standard,9,190.19,7,225.27,9,0,19,7,2027.43,1711.71,315.72,0,1,2025-07
1000143,2025-07-28,Electronics,North,Supplier A,WH-West,Standard,3,343.63,7,423.16,3,0,31,8,1269.48,1030.89,238.59,0,1,2025-07
1002980,2025-07-28,Apparel,East,Supplier E,WH-South,Standard,9,53.81,16,63.28,7,2,43,15,442.96,376.67,66.29,1,0,2025-07
1004406,2025-07-28,Electronics,East,Supplier C,WH-North,Standard,10,77.69,6,100.08,9,1,20,6,900.72,699.21,201.51,1,1,2025-07
1005440,2025-07-28,Health & Beauty,North,Supplier D,WH-South,Express,19,381.46,5,579.66,15,4,29,7,8694.9,5721.9,2973.0,1,0,2025-07
1002046,2025-07-28,Apparel,South,Supplier E,WH-East,Standard,8,362.1,12,421.78,7,1,67,10,2952.46,2534.7,417.76,1,1,2025-07
1001043,2025-07-28,Home & Kitchen,South,Supplier A,WH-West,Express,9,92.74,7,117.27,9,0,45,8,1055.43,834.66,220.77,0,0,2025-07
1001525,2025-07-28,Apparel,East,Supplier C,WH-West,Express,19,105.18,3,164.74,18,1,67,4,2965.32,1893.24,1072.08,1,1,2025-07
1005605,2025-07-28,Home & Kitchen,South,Supplier C,WH-West,Express,10,232.65,2,344.59,10,0,16,2,3445.9,2326.5,1119.4,0,1,2025-07
1003516,2025-07-28,Health & Beauty,East,Supplier C,WH-East,Express,11,126.52,2,192.85,11,0,30,1,2121.35,1391.72,729.63,0,1,2025-07
1001150,2025-07-28,Electronics,West,Supplier B,WH-South,Express,4,183.49,8,278.56,4,0,54,7,1114.24,733.96,380.28,0,0,2025-07
1004183,2025-07-28,Health & Beauty,South,Supplier A,WH-East,Standard,14,288.11,9,375.44,14,0,13,8,5256.16,4033.54,1222.62,0,1,2025-07
1000404,2025-07-28,Home & Kitchen,East,Supplier C,WH-South,Express,1,146.4,9,202.19,1,0,26,9,202.19,146.4,55.79,0,0,2025-07
1001956,2025-07-29,Apparel,West,Supplier C,WH-South,Express,19,385.85,3,578.57,18,1,67,4,10414.26,6945.3,3468.96,1,1,2025-07
1003375,2025-07-29,Office Supplies,East,Supplier B,WH-South,Standard,16,338.32,9,499.55,15,1,68,11,7493.25,5074.8,2418.45,1,1,2025-07
1004726,2025-07-29,Home & Kitchen,North,Supplier E,WH-South,Standard,16,149.34,2,232.95,16,0,60,4,3727.2,2389.44,1337.76,0,1,2025-07
1001337,2025-07-29,Electronics,West,Supplier C,WH-South,Standard,21,161.21,7,203.16,19,2,51,7,3860.04,3062.99,797.05,1,1,2025-07
1005578,2025-07-29,Home & Kitchen,South,Supplier A,WH-West,Standard,13,240.14,4,417.36,12,1,17,6,5008.32,2881.68,2126.64,1,1,2025-07
1003146,2025-07-29,Electronics,North,Supplier D,WH-North,Standard,17,388.6,6,499.51,16,1,55,7,7992.16,6217.6,1774.56,1,1,2025-07
1000506,2025-07-30,Health & Beauty,West,Supplier E,WH-West,Standard,16,265.97,8,384.64,16,0,26,6,6154.24,4255.52,1898.72,0,1,2025-07
1001491,2025-07-30,Apparel,East,Supplier D,WH-North,Standard,4,183.99,8,296.71,4,0,55,8,1186.84,735.96,450.88,0,1,2025-07
1003675,2025-07-30,Health & Beauty,South,Supplier D,WH-West,Standard,8,268.31,13,411.11,8,0,32,11,3288.88,2146.48,1142.4,0,1,2025-07
1005938,2025-07-30,Electronics,North,Supplier E,WH-East,Same Day,9,275.37,15,470.36,9,0,60,15,4233.24,2478.33,1754.91,0,0,2025-07
1002883,2025-07-30,Health & Beauty,North,Supplier B,WH-West,Same Day,6,217.64,9,318.43,5,1,22,9,1592.15,1088.2,503.95,1,0,2025-07
1001895,2025-07-31,Apparel,South,Supplier A,WH-East,Express,4,408.67,7,522.52,4,0,20,9,2090.08,1634.68,455.4,0,0,2025-07
1000783,2025-07-31,Home & Kitchen,West,Supplier D,WH-North,Standard,12,136.83,9,210.24,11,1,47,8,2312.64,1505.13,807.51,1,1,2025-07
1000159,2025-07-31,Office Supplies,West,Supplier C,WH-West,Same Day,8,187.91,5,230.43,8,0,42,7,1843.44,1503.28,340.16,0,0,2025-07
1005308,2025-07-31,Electronics,South,Supplier A,WH-North,Standard,10,10.43,15,14.91,8,2,67,13,119.28,83.44,35.84,1,0,2025-07
1002314,2025-07-31,Home & Kitchen,South,Supplier D,WH-South,Standard,17,374.68,4,565.3,14,3,14,4,7914.2,5245.52,2668.68,1,1,2025-07
1005772,2025-07-31,Electronics,East,Supplier D,WH-West,Standard,3,213.21,5,310.9,3,0,25,4,932.7,639.63,293.07,0,1,2025-07
1002353,2025-07-31,Office Supplies,South,Supplier D,WH-West,Same Day,17,318.12,14,502.05,15,2,11,14,7530.75,4771.8,2758.95,1,0,2025-07
1003055,2025-08-01,Home & Kitchen,West,Supplier D,WH-North,Standard,24,135.82,16,186.4,22,2,41,15,4100.8,2988.04,1112.76,1,0,2025-08
1003190,2025-08-01,Office Supplies,West,Supplier C,WH-West,Standard,21,236.66,13,326.16,21,0,62,13,6849.36,4969.86,1879.5,0,0,2025-08
1001054,2025-08-01,Home & Kitchen,North,Supplier A,WH-South,Standard,18,100.63,8,171.53,18,0,67,10,3087.54,1811.34,1276.2,0,1,2025-08
1003552,2025-08-01,Office Supplies,South,Supplier B,WH-North,Express,2,89.63,15,145.44,2,0,76,16,290.88,179.26,111.62,0,0,2025-08
1003390,2025-08-01,Apparel,South,Supplier C,WH-South,Express,19,269.57,4,439.28,16,3,11,2,7028.48,4313.12,2715.36,1,1,2025-08
1001235,2025-08-01,Office Supplies,East,Supplier A,WH-East,Standard,10,48.26,2,69.34,10,0,35,1,693.4,482.6,210.8,0,1,2025-08
1005272,2025-08-01,Office Supplies,North,Supplier B,WH-North,Standard,22,343.58,8,598.31,22,0,12,8,13162.82,7558.76,5604.06,0,1,2025-08
1001556,2025-08-02,Home & Kitchen,East,Supplier C,WH-South,Standard,16,38.53,13,53.77,13,3,43,13,699.01,500.89,198.12,1,0,2025-08
1000306,2025-08-02,Electronics,South,Supplier A,WH-North,Express,12,40.0,17,52.58,12,0,55,19,630.96,480.0,150.96,0,0,2025-08
1005233,2025-08-02,Electronics,West,Supplier A,WH-South,Standard,4,271.01,15,360.01,3,1,32,17,1080.03,813.03,267.0,1,0,2025-08
1005677,2025-08-02,Electronics,North,Supplier B,WH-East,Standard,21,78.33,4,120.8,21,0,34,5,2536.8,1644.93,891.87,0,1,2025-08
1002376,2025-08-02,Apparel,East,Supplier D,WH-South,Standard,2,84.44,13,110.38,2,0,69,11,220.76,168.88,51.88,0,1,2025-08
1003929,2025-08-02,Electronics,North,Supplier E,WH-South,Express,8,72.25,6,109.79,8,0,59,6,878.32,578.0,300.32,0,0,2025-08
1002181,2025-08-02,Electronics,West,Supplier A,WH-West,Standard,14,276.27,4,327.49,14,0,30,2,4584.86,3867.78,717.08,0,1,2025-08
1004036,2025-08-02,Electronics,West,Supplier A,WH-South,Express,21,251.94,5,330.84,19,2,73,5,6285.96,4786.86,1499.1,1,1,2025-08
1002228,2025-08-02,Apparel,West,Supplier A,WH-North,Express,9,91.45,5,154.42,9,0,67,3,1389.78,823.05,566.73,0,1,2025-08
1000907,2025-08-02,Apparel,West,Supplier B,WH-South,Standard,15,77.88,8,102.59,13,2,71,7,1333.67,1012.44,321.23,1,1,2025-08
1002509,2025-08-03,Electronics,North,Supplier E,WH-West,Standard,8,103.42,6,160.8,8,0,23,6,1286.4,827.36,459.04,0,1,2025-08
1004089,2025-08-03,Office Supplies,North,Supplier D,WH-South,Same Day,22,64.62,16,98.81,19,3,33,17,1877.39,1227.78,649.61,1,0,2025-08
1002850,2025-08-03,Electronics,West,Supplier B,WH-South,Standard,11,130.76,14,220.41,9,2,41,15,1983.69,1176.84,806.85,1,0,2025-08
1000457,2025-08-03,Home & Kitchen,West,Supplier E,WH-West,Express,19,266.35,15,339.73,17,2,12,13,5775.41,4527.95,1247.46,1,0,2025-08
1002781,2025-08-03,Electronics,North,Supplier D,WH-West,Standard,1,12.3,11,18.28,1,0,77,13,18.28,12.3,5.98,0,0,2025-08
1002193,2025-08-03,Apparel,South,Supplier E,WH-North,Standard,21,187.25,9,306.45,19,2,24,8,5822.55,3557.75,2264.8,1,1,2025-08
1001006,2025-08-03,Office Supplies,North,Supplier B,WH-East,Standard,5,53.38,5,81.34,5,0,14,5,406.7,266.9,139.8,0,1,2025-08
1000936,2025-08-04,Electronics,West,Supplier A,WH-East,Express,20,382.07,7,449.13,18,2,53,7,8084.34,6877.26,1207.08,1,0,2025-08
1002788,2025-08-04,Home & Kitchen,North,Supplier A,WH-North,Standard,12,430.63,2,668.01,12,0,35,4,8016.12,5167.56,2848.56,0,1,2025-08
1004176,2025-08-04,Electronics,South,Supplier B,WH-East,Standard,8,221.24,2,323.84,8,0,50,2,2590.72,1769.92,820.8,0,1,2025-08
1003926,2025-08-04,Electronics,North,Supplier D,WH-East,Standard,20,398.43,2,496.08,18,2,35,3,8929.44,7171.74,1757.7,1,1,2025-08
1003490,2025-08-04,Office Supplies,East,Supplier E,WH-East,Express,21,187.37,16,227.1,21,0,53,15,4769.1,3934.77,834.33,0,0,2025-08
1005656,2025-08-04,Home & Kitchen,North,Supplier D,WH-West,Express,17,380.27,14,493.28,15,2,63,16,7399.2,5704.05,1695.15,1,0,2025-08
1003484,2025-08-04,Electronics,East,Supplier B,WH-East,Standard,14,140.86,11,171.16,13,1,22,10,2225.08,1831.18,393.9,1,1,2025-08
1002820,2025-08-04,Home & Kitchen,South,Supplier E,WH-South,Standard,11,236.98,12,394.05,11,0,28,12,4334.55,2606.78,1727.77,0,1,2025-08
1002711,2025-08-05,Home & Kitchen,East,Supplier B,WH-West,Express,21,64.39,14,99.41,18,3,56,13,1789.38,1159.02,630.36,1,0,2025-08
1005478,2025-08-05,Home & Kitchen,South,Supplier D,WH-West,Express,5,221.52,17,288.27,5,0,55,17,1441.35,1107.6,333.75,0,0,2025-08
1002149,2025-08-05,Electronics,East,Supplier C,WH-North,Standard,23,24.5,14,33.47,22,1,51,14,736.34,539.0,197.34,1,0,2025-08
1004305,2025-08-05,Electronics,South,Supplier E,WH-North,Standard,6,233.85,7,394.05,6,0,53,7,2364.3,1403.1,961.2,0,1,2025-08
1004718,2025-08-05,Apparel,East,Supplier D,WH-South,Standard,19,234.16,15,300.08,18,1,45,16,5401.44,4214.88,1186.56,1,0,2025-08
1001734,2025-08-06,Electronics,West,Supplier C,WH-South,Express,6,408.19,8,545.28,6,0,58,7,3271.68,2449.14,822.54,0,0,2025-08
1001765,2025-08-06,Electronics,North,Supplier B,WH-East,Standard,6,414.75,10,570.09,4,2,71,9,2280.36,1659.0,621.36,1,1,2025-08
1004581,2025-08-06,Electronics,South,Supplier D,WH-North,Standard,3,14.74,17,17.17,3,0,58,16,51.51,44.22,7.29,0,0,2025-08
1003256,2025-08-06,Home & Kitchen,West,Supplier E,WH-West,Standard,9,183.98,13,263.01,8,1,41,12,2104.08,1471.84,632.24,1,1,2025-08
1002656,2025-08-06,Apparel,West,Supplier B,WH-South,Standard,14,289.14,16,424.53,14,0,38,15,5943.42,4047.96,1895.46,0,0,2025-08
1004980,2025-08-06,Electronics,North,Supplier D,WH-South,Standard,18,428.67,15,507.99,17,1,71,17,8635.83,7287.39,1348.44,1,0,2025-08
1003579,2025-08-06,Electronics,West,Supplier E,WH-East,Standard,15,62.95,2,100.38,14,1,67,3,1405.32,881.3,524.02,1,1,2025-08
1003196,2025-08-06,Health & Beauty,South,Supplier C,WH-South,Standard,13,39.53,6,62.14,13,0,25,8,807.82,513.89,293.93,0,1,2025-08
1002175,2025-08-06,Health & Beauty,West,Supplier E,WH-West,Standard,16,429.47,15,602.29,16,0,57,16,9636.64,6871.52,2765.12,0,0,2025-08
1001523,2025-08-06,Electronics,West,Supplier C,WH-West,Standard,2,31.73,8,42.02,2,0,52,6,84.04,63.46,20.58,0,1,2025-08
1005354,2025-08-07,Electronics,East,Supplier B,WH-South,Standard,6,349.86,3,578.81,5,1,42,4,2894.05,1749.3,1144.75,1,1,2025-08
1001504,2025-08-07,Health & Beauty,West,Supplier A,WH-West,Same Day,22,364.53,9,625.37,20,2,67,7,12507.4,7290.6,5216.8,1,0,2025-08
1002047,2025-08-07,Health & Beauty,South,Supplier D,WH-North,Same Day,22,256.62,8,316.14,16,6,72,7,5058.24,4105.92,952.32,1,0,2025-08
1002052,2025-08-07,Electronics,South,Supplier C,WH-East,Express,13,382.98,17,613.34,11,2,60,17,6746.74,4212.78,2533.96,1,0,2025-08
1003764,2025-08-08,Apparel,South,Supplier C,WH-South,Express,13,374.5,14,435.32,11,2,74,16,4788.52,4119.5,669.02,1,0,2025-08
1004312,2025-08-08,Home & Kitchen,North,Supplier E,WH-South,Express,1,265.95,13,437.53,1,0,22,12,437.53,265.95,171.58,0,0,2025-08
1002146,2025-08-08,Apparel,East,Supplier A,WH-North,Standard,1,255.78,10,417.85,1,0,69,10,417.85,255.78,162.07,0,1,2025-08
1004772,2025-08-08,Home & Kitchen,West,Supplier D,WH-West,Express,14,33.43,13,40.24,13,1,37,13,523.12,434.59,88.53,1,0,2025-08
1001655,2025-08-08,Office Supplies,West,Supplier D,WH-South,Standard,16,408.12,10,473.28,13,3,30,12,6152.64,5305.56,847.08,1,1,2025-08
1005555,2025-08-08,Home & Kitchen,North,Supplier D,WH-North,Same Day,21,365.01,7,599.24,20,1,57,6,11984.8,7300.2,4684.6,1,0,2025-08
1002941,2025-08-08,Home & Kitchen,East,Supplier C,WH-East,Standard,9,430.96,16,668.39,9,0,57,18,6015.51,3878.64,2136.87,0,0,2025-08
1000288,2025-08-09,Home & Kitchen,South,Supplier A,WH-West,Standard,1,178.19,13,240.14,1,0,68,15,240.14,178.19,61.95,0,0,2025-08
1005870,2025-08-09,Electronics,North,Supplier C,WH-North,Express,6,237.0,2,319.22,6,0,50,1,1915.32,1422.0,493.32,0,1,2025-08
1004927,2025-08-09,Home & Kitchen,North,Supplier C,WH-South,Standard,5,68.12,7,115.87,5,0,78,7,579.35,340.6,238.75,0,1,2025-08
1002689,2025-08-09,Electronics,South,Supplier A,WH-East,Express,5,248.0,9,335.57,5,0,23,9,1677.85,1240.0,437.85,0,0,2025-08
1005668,2025-08-09,Health & Beauty,West,Supplier C,WH-South,Standard,10,159.27,13,257.83,10,0,31,15,2578.3,1592.7,985.6,0,0,2025-08
1003494,2025-08-09,Office Supplies,South,Supplier E,WH-South,Standard,4,116.59,16,158.74,4,0,22,16,634.96,466.36,168.6,0,0,2025-08
1002033,2025-08-10,Apparel,South,Supplier B,WH-East,Express,10,233.06,5,371.16,9,1,50,5,3340.44,2097.54,1242.9,1,1,2025-08
1003019,2025-08-10,Health & Beauty,East,Supplier D,WH-South,Express,4,216.53,11,346.52,4,0,18,10,1386.08,866.12,519.96,0,0,2025-08
1003170,2025-08-10,Apparel,East,Supplier E,WH-North,Standard,13,199.53,4,311.32,13,0,42,5,4047.16,2593.89,1453.27,0,1,2025-08
1005376,2025-08-10,Apparel,North,Supplier D,WH-North,Standard,8,150.26,5,225.71,7,1,52,5,1579.97,1051.82,528.15,1,1,2025-08
1002896,2025-08-10,Apparel,South,Supplier C,WH-South,Standard,5,314.57,13,523.27,4,1,65,12,2093.08,1258.28,834.8,1,1,2025-08
1001013,2025-08-10,Electronics,West,Supplier C,WH-East,Standard,14,306.67,13,471.9,13,1,46,15,6134.7,3986.71,2147.99,1,0,2025-08
1001319,2025-08-10,Electronics,West,Supplier A,WH-North,Standard,12,145.52,9,174.59,12,0,63,11,2095.08,1746.24,348.84,0,1,2025-08
1005765,2025-08-10,Electronics,South,Supplier E,WH-West,Standard,5,254.38,10,307.56,5,0,56,12,1537.8,1271.9,265.9,0,1,2025-08
1004042,2025-08-10,Apparel,West,Supplier D,WH-South,Standard,13,38.17,7,57.12,13,0,14,7,742.56,496.21,246.35,0,1,2025-08
1000598,2025-08-10,Health & Beauty,South,Supplier C,WH-West,Standard,16,168.03,3,203.53,14,2,27,1,2849.42,2352.42,497.0,1,1,2025-08
1005265,2025-08-10,Home & Kitchen,North,Supplier E,WH-South,Standard,3,270.66,13,321.76,3,0,13,13,965.28,811.98,153.3,0,0,2025-08
1001790,2025-08-10,Office Supplies,North,Supplier E,WH-South,Express,6,79.89,17,106.66,6,0,40,18,639.96,479.34,160.62,0,0,2025-08
1002137,2025-08-11,Office Supplies,West,Supplier D,WH-West,Standard,9,173.58,15,278.43,8,1,42,17,2227.44,1388.64,838.8,1,0,2025-08
1005672,2025-08-11,Apparel,West,Supplier D,WH-East,Standard,14,422.72,9,719.73,13,1,27,11,9356.49,5495.36,3861.13,1,1,2025-08
1004429,2025-08-11,Electronics,West,Supplier D,WH-North,Same Day,16,170.4,3,211.89,16,0,36,1,3390.24,2726.4,663.84,0,1,2025-08
1001635,2025-08-11,Office Supplies,East,Supplier B,WH-East,Standard,18,321.96,3,459.45,17,1,78,1,7810.65,5473.32,2337.33,1,1,2025-08
1005070,2025-08-11,Electronics,East,Supplier E,WH-West,Standard,4,389.98,5,454.33,4,0,67,7,1817.32,1559.92,257.4,0,1,2025-08
1002053,2025-08-11,Office Supplies,North,Supplier E,WH-South,Standard,1,376.65,11,624.18,1,0,34,9,624.18,376.65,247.53,0,1,2025-08
1001804,2025-08-11,Office Supplies,East,Supplier E,WH-East,Standard,5,323.07,9,547.76,4,1,54,9,2191.04,1292.28,898.76,1,1,2025-08
1003906,2025-08-12,Office Supplies,East,Supplier E,WH-North,Standard,20,341.6,5,509.89,18,2,45,7,9178.02,6148.8,3029.22,1,1,2025-08
1001206,2025-08-12,Office Supplies,North,Supplier E,WH-East,Standard,2,121.33,3,179.59,2,0,31,3,359.18,242.66,116.52,0,1,2025-08
1005403,2025-08-12,Home & Kitchen,East,Supplier E,WH-South,Standard,13,198.96,3,256.49,13,0,27,2,3334.37,2586.48,747.89,0,1,2025-08
1002560,2025-08-12,Apparel,North,Supplier C,WH-West,Standard,4,420.27,14,494.67,4,0,36,16,1978.68,1681.08,297.6,0,0,2025-08
1002210,2025-08-12,Office Supplies,South,Supplier D,WH-East,Standard,6,31.81,5,42.51,6,0,10,4,255.06,190.86,64.2,0,1,2025-08
1004272,2025-08-13,Electronics,North,Supplier D,WH-East,Standard,23,242.27,16,372.33,21,2,16,17,7818.93,5087.67,2731.26,1,0,2025-08
1003659,2025-08-13,Electronics,East,Supplier D,WH-North,Standard,7,340.59,10,420.06,7,0,28,10,2940.42,2384.13,556.29,0,1,2025-08
1002449,2025-08-13,Electronics,West,Supplier B,WH-East,Standard,14,257.57,6,350.46,12,2,44,7,4205.52,3090.84,1114.68,1,1,2025-08
1005601,2025-08-13,Apparel,North,Supplier D,WH-East,Standard,1,157.24,10,232.39,1,0,39,11,232.39,157.24,75.15,0,1,2025-08
1004790,2025-08-13,Health & Beauty,West,Supplier E,WH-East,Standard,5,49.74,3,85.31,5,0,55,5,426.55,248.7,177.85,0,1,2025-08
1001741,2025-08-13,Electronics,East,Supplier D,WH-South,Standard,3,36.24,4,49.4,2,1,45,6,98.8,72.48,26.32,1,1,2025-08
1001403,2025-08-14,Apparel,West,Supplier C,WH-West,Standard,7,33.4,4,52.41,6,1,52,2,314.46,200.4,114.06,1,1,2025-08
1001947,2025-08-14,Health & Beauty,South,Supplier E,WH-East,Standard,6,62.41,16,91.01,6,0,39,17,546.06,374.46,171.6,0,0,2025-08
1001794,2025-08-14,Home & Kitchen,East,Supplier B,WH-West,Express,18,404.0,4,569.02,16,2,59,4,9104.32,6464.0,2640.32,1,1,2025-08
1004218,2025-08-14,Electronics,North,Supplier B,WH-West,Standard,19,103.15,6,175.89,18,1,33,7,3166.02,1856.7,1309.32,1,1,2025-08
1003965,2025-08-15,Home & Kitchen,North,Supplier B,WH-South,Standard,7,119.3,15,201.63,7,0,60,15,1411.41,835.1,576.31,0,0,2025-08
1004750,2025-08-15,Health & Beauty,North,Supplier E,WH-North,Standard,22,147.42,4,217.6,22,0,58,3,4787.2,3243.24,1543.96,0,1,2025-08
1001585,2025-08-15,Office Supplies,North,Supplier D,WH-West,Standard,8,203.88,2,288.55,5,3,63,1,1442.75,1019.4,423.35,1,1,2025-08
1002867,2025-08-15,Health & Beauty,East,Supplier B,WH-South,Standard,24,263.16,3,440.4,23,1,49,5,10129.2,6052.68,4076.52,1,1,2025-08
1004170,2025-08-15,Office Supplies,North,Supplier A,WH-East,Express,8,411.45,15,541.11,8,0,11,15,4328.88,3291.6,1037.28,0,0,2025-08
1000108,2025-08-15,Office Supplies,East,Supplier A,WH-South,Standard,15,342.74,11,416.96,14,1,14,11,5837.44,4798.36,1039.08,1,1,2025-08
1001281,2025-08-15,Office Supplies,West,Supplier A,WH-North,Express,18,310.1,17,376.16,18,0,47,18,6770.88,5581.8,1189.08,0,0,2025-08
1000715,2025-08-16,Electronics,South,Supplier D,WH-East,Standard,21,141.02,16,199.1,19,2,70,15,3782.9,2679.38,1103.52,1,0,2025-08
1001437,2025-08-16,Health & Beauty,West,Supplier E,WH-East,Express,23,234.12,10,306.62,22,1,59,8,6745.64,5150.64,1595.0,1,0,2025-08
1002724,2025-08-16,Apparel,East,Supplier D,WH-South,Standard,9,340.57,6,495.29,9,0,22,8,4457.61,3065.13,1392.48,0,1,2025-08
1001863,2025-08-16,Apparel,East,Supplier A,WH-South,Standard,10,363.9,6,516.05,10,0,77,5,5160.5,3639.0,1521.5,0,1,2025-08
1002339,2025-08-16,Electronics,North,Supplier E,WH-East,Standard,14,28.36,10,33.28,14,0,10,11,465.92,397.04,68.88,0,1,2025-08
1002478,2025-08-16,Apparel,West,Supplier B,WH-North,Standard,13,112.74,5,177.12,13,0,66,5,2302.56,1465.62,836.94,0,1,2025-08
1002066,2025-08-16,Electronics,North,Supplier C,WH-West,Standard,17,99.82,11,173.16,12,5,47,13,2077.92,1197.84,880.08,1,0,2025-08
1003281,2025-08-16,Health & Beauty,East,Supplier E,WH-South,Standard,6,381.74,15,520.27,6,0,60,17,3121.62,2290.44,831.18,0,0,2025-08
1004491,2025-08-17,Home & Kitchen,South,Supplier D,WH-North,Standard,2,62.34,15,72.31,2,0,20,13,144.62,124.68,19.94,0,0,2025-08
1000920,2025-08-17,Electronics,East,Supplier D,WH-South,Express,3,230.8,15,304.65,3,0,41,15,913.95,692.4,221.55,0,0,2025-08
1004348,2025-08-17,Home & Kitchen,South,Supplier B,WH-South,Standard,23,398.16,8,628.6,20,3,37,6,12572.0,7963.2,4608.8,1,1,2025-08
1004236,2025-08-17,Health & Beauty,West,Supplier B,WH-North,Standard,7,360.97,13,581.97,6,1,62,15,3491.82,2165.82,1326.0,1,0,2025-08
1000997,2025-08-18,Electronics,West,Supplier E,WH-West,Standard,1,389.12,2,613.45,1,0,43,1,613.45,389.12,224.33,0,1,2025-08
1004490,2025-08-18,Apparel,East,Supplier C,WH-South,Standard,8,244.86,5,385.72,8,0,36,7,3085.76,1958.88,1126.88,0,1,2025-08
1003887,2025-08-18,Apparel,East,Supplier D,WH-West,Express,24,300.55,7,378.35,22,2,26,6,8323.7,6612.1,1711.6,1,0,2025-08
1004327,2025-08-18,Electronics,East,Supplier A,WH-West,Standard,21,332.0,16,534.48,20,1,26,15,10689.6,6640.0,4049.6,1,0,2025-08
1005736,2025-08-18,Apparel,South,Supplier C,WH-South,Standard,1,430.35,8,497.32,0,1,14,8,0.0,0.0,0.0,1,1,2025-08
1003967,2025-08-18,Home & Kitchen,East,Supplier C,WH-South,Same Day,6,50.68,5,58.57,5,1,12,4,292.85,253.4,39.45,1,0,2025-08
1005114,2025-08-18,Health & Beauty,East,Supplier B,WH-East,Standard,17,415.01,11,606.0,17,0,56,12,10302.0,7055.17,3246.83,0,1,2025-08
1003090,2025-08-18,Health & Beauty,West,Supplier A,WH-East,Express,18,209.74,5,252.68,18,0,53,6,4548.24,3775.32,772.92,0,0,2025-08
1002825,2025-08-18,Electronics,East,Supplier A,WH-West,Standard,19,302.79,8,474.46,17,2,24,8,8065.82,5147.43,2918.39,1,1,2025-08
1002802,2025-08-18,Home & Kitchen,South,Supplier A,WH-West,Standard,16,279.39,10,371.78,16,0,72,10,5948.48,4470.24,1478.24,0,1,2025-08
1000555,2025-08-18,Health & Beauty,West,Supplier A,WH-North,Standard,22,403.7,8,612.25,20,2,31,8,12245.0,8074.0,4171.0,1,1,2025-08
1005571,2025-08-19,Electronics,North,Supplier D,WH-North,Express,13,35.07,2,60.99,11,2,11,2,670.89,385.77,285.12,1,1,2025-08
1002948,2025-08-19,Health & Beauty,West,Supplier C,WH-East,Standard,23,417.42,12,613.93,21,2,42,12,12892.53,8765.82,4126.71,1,1,2025-08
1004548,2025-08-19,Electronics,East,Supplier C,WH-North,Same Day,9,343.23,2,558.96,8,1,35,1,4471.68,2745.84,1725.84,1,1,2025-08
1002217,2025-08-19,Office Supplies,North,Supplier C,WH-East,Standard,16,273.6,9,378.21,16,0,25,11,6051.36,4377.6,1673.76,0,1,2025-08
1001075,2025-08-20,Apparel,West,Supplier D,WH-East,Standard,18,145.58,9,231.61,18,0,31,11,4168.98,2620.44,1548.54,0,1,2025-08
1002615,2025-08-20,Apparel,North,Supplier A,WH-West,Same Day,21,409.8,15,640.35,19,2,10,13,12166.65,7786.2,4380.45,1,0,2025-08
1002876,2025-08-20,Apparel,South,Supplier B,WH-West,Standard,13,9.05,14,13.4,12,1,30,16,160.8,108.6,52.2,1,0,2025-08
1002676,2025-08-20,Home & Kitchen,East,Supplier D,WH-East,Standard,7,64.13,3,84.5,7,0,37,3,591.5,448.91,142.59,0,1,2025-08
1003134,2025-08-20,Electronics,South,Supplier E,WH-South,Same Day,12,227.19,12,379.05,10,2,16,10,3790.5,2271.9,1518.6,1,0,2025-08
1004634,2025-08-20,Health & Beauty,North,Supplier B,WH-South,Standard,24,413.04,12,694.69,18,6,32,12,12504.42,7434.72,5069.7,1,1,2025-08
1002865,2025-08-20,Electronics,East,Supplier E,WH-East,Standard,11,61.66,17,99.14,9,2,51,17,892.26,554.94,337.32,1,0,2025-08
1004831,2025-08-20,Electronics,South,Supplier E,WH-East,Same Day,2,239.62,10,341.04,2,0,23,10,682.08,479.24,202.84,0,0,2025-08
1003903,2025-08-20,Apparel,South,Supplier B,WH-South,Standard,1,448.13,13,608.28,1,0,32,15,608.28,448.13,160.15,0,0,2025-08
1002440,2025-08-20,Home & Kitchen,East,Supplier E,WH-North,Standard,15,231.1,3,352.88,14,1,79,1,4940.32,3235.4,1704.92,1,1,2025-08
1001320,2025-08-21,Office Supplies,North,Supplier E,WH-South,Standard,3,376.18,13,606.9,3,0,48,14,1820.7,1128.54,692.16,0,0,2025-08
1005533,2025-08-21,Health & Beauty,North,Supplier B,WH-North,Express,20,370.94,5,632.74,18,2,76,4,11389.32,6676.92,4712.4,1,1,2025-08
1002852,2025-08-21,Home & Kitchen,North,Supplier E,WH-South,Standard,17,192.53,9,332.96,15,2,20,7,4994.4,2887.95,2106.45,1,1,2025-08
1004537,2025-08-21,Office Supplies,East,Supplier C,WH-North,Standard,2,27.17,8,42.01,2,0,68,9,84.02,54.34,29.68,0,1,2025-08
1005828,2025-08-21,Home & Kitchen,North,Supplier A,WH-West,Express,22,405.62,11,681.34,19,3,53,13,12945.46,7706.78,5238.68,1,0,2025-08
1001912,2025-08-21,Electronics,North,Supplier E,WH-West,Standard,11,331.62,9,390.55,10,1,17,9,3905.5,3316.2,589.3,1,1,2025-08
1005955,2025-08-22,Apparel,South,Supplier E,WH-North,Standard,1,61.69,2,98.04,1,0,71,2,98.04,61.69,36.35,0,1,2025-08
1003968,2025-08-22,Office Supplies,North,Supplier C,WH-South,Standard,16,395.11,8,479.01,16,0,35,7,7664.16,6321.76,1342.4,0,1,2025-08
1005958,2025-08-23,Electronics,North,Supplier E,WH-West,Express,10,373.01,4,590.34,10,0,22,3,5903.4,3730.1,2173.3,0,1,2025-08
1002074,2025-08-23,Apparel,West,Supplier E,WH-East,Standard,13,65.07,6,80.22,11,2,29,8,882.42,715.77,166.65,1,1,2025-08
1000052,2025-08-23,Home & Kitchen,East,Supplier C,WH-South,Standard,9,268.03,8,340.25,9,0,58,10,3062.25,2412.27,649.98,0,1,2025-08
1005760,2025-08-23,Electronics,East,Supplier E,WH-West,Express,20,266.73,8,416.68,18,2,23,9,7500.24,4801.14,2699.1,1,0,2025-08
1003939,2025-08-23,Electronics,North,Supplier D,WH-North,Standard,7,98.06,17,119.68,7,0,59,15,837.76,686.42,151.34,0,0,2025-08
1005307,2025-08-23,Health & Beauty,East,Supplier A,WH-South,Standard,6,317.37,17,374.03,6,0,20,16,2244.18,1904.22,339.96,0,0,2025-08
1004002,2025-08-23,Office Supplies,West,Supplier D,WH-South,Standard,12,289.07,12,429.48,9,3,35,13,3865.32,2601.63,1263.69,1,0,2025-08
1005864,2025-08-23,Electronics,West,Supplier C,WH-North,Express,5,198.49,2,269.21,5,0,58,2,1346.05,992.45,353.6,0,1,2025-08
1000450,2025-08-23,Health & Beauty,South,Supplier E,WH-South,Standard,1,444.02,10,761.48,1,0,76,10,761.48,444.02,317.46,0,1,2025-08
1001031,2025-08-23,Electronics,South,Supplier D,WH-West,Same Day,3,299.75,14,513.86,3,0,41,16,1541.58,899.25,642.33,0,0,2025-08
1002933,2025-08-23,Electronics,East,Supplier A,WH-West,Standard,22,77.06,17,126.49,18,4,52,19,2276.82,1387.08,889.74,1,0,2025-08
1002678,2025-08-24,Office Supplies,South,Supplier E,WH-North,Express,4,449.53,9,756.48,4,0,54,10,3025.92,1798.12,1227.8,0,0,2025-08
1005362,2025-08-24,Apparel,North,Supplier E,WH-West,Same Day,11,268.36,8,466.16,10,1,42,6,4661.6,2683.6,1978.0,1,0,2025-08
1003227,2025-08-24,Health & Beauty,West,Supplier C,WH-East,Standard,13,192.16,6,261.22,13,0,76,5,3395.86,2498.08,897.78,0,1,2025-08
1002765,2025-08-24,Electronics,South,Supplier A,WH-East,Standard,15,110.53,5,166.68,14,1,10,5,2333.52,1547.42,786.1,1,1,2025-08
1003263,2025-08-24,Home & Kitchen,North,Supplier B,WH-North,Standard,14,108.35,10,155.86,12,2,60,12,1870.32,1300.2,570.12,1,1,2025-08
1002043,2025-08-24,Electronics,South,Supplier A,WH-West,Express,1,394.66,12,673.74,1,0,55,12,673.74,394.66,279.08,0,0,2025-08
1002789,2025-08-24,Home & Kitchen,North,Supplier D,WH-South,Standard,4,268.2,13,361.9,4,0,65,14,1447.6,1072.8,374.8,0,0,2025-08
1001153,2025-08-24,Apparel,West,Supplier E,WH-East,Express,6,362.55,16,621.89,6,0,41,15,3731.34,2175.3,1556.04,0,0,2025-08
1001580,2025-08-24,Office Supplies,East,Supplier E,WH-South,Express,8,173.35,12,275.46,8,0,49,12,2203.68,1386.8,816.88,0,0,2025-08
1005398,2025-08-24,Health & Beauty,South,Supplier A,WH-East,Standard,11,299.62,12,401.33,11,0,15,13,4414.63,3295.82,1118.81,0,0,2025-08
1003840,2025-08-24,Health & Beauty,North,Supplier C,WH-East,Standard,24,393.45,10,610.66,22,2,24,10,13434.52,8655.9,4778.62,1,1,2025-08
1000522,2025-08-24,Home & Kitchen,South,Supplier E,WH-South,Standard,9,96.12,11,152.53,7,2,64,12,1067.71,672.84,394.87,1,1,2025-08
1004433,2025-08-25,Electronics,East,Supplier B,WH-South,Standard,4,273.17,4,455.9,4,0,11,5,1823.6,1092.68,730.92,0,1,2025-08
1004012,2025-08-25,Electronics,South,Supplier D,WH-West,Express,14,393.94,9,629.75,13,1,67,7,8186.75,5121.22,3065.53,1,0,2025-08
1003078,2025-08-25,Apparel,West,Supplier A,WH-North,Standard,15,427.63,14,538.29,14,1,19,14,7536.06,5986.82,1549.24,1,0,2025-08
1003986,2025-08-25,Apparel,South,Supplier C,WH-South,Standard,14,116.35,11,173.64,14,0,15,11,2430.96,1628.9,802.06,0,1,2025-08
1001716,2025-08-26,Home & Kitchen,East,Supplier E,WH-North,Express,3,83.52,16,123.84,3,0,42,16,371.52,250.56,120.96,0,0,2025-08
1001238,2025-08-26,Electronics,West,Supplier B,WH-West,Standard,22,409.45,7,700.2,22,0,71,5,15404.4,9007.9,6396.5,0,1,2025-08
1003789,2025-08-26,Health & Beauty,South,Supplier A,WH-East,Same Day,23,394.52,4,683.34,23,0,73,5,15716.82,9073.96,6642.86,0,0,2025-08
1002919,2025-08-26,Home & Kitchen,West,Supplier E,WH-South,Standard,21,82.44,4,125.23,21,0,53,2,2629.83,1731.24,898.59,0,1,2025-08
1000435,2025-08-26,Electronics,East,Supplier B,WH-North,Standard,3,70.82,13,88.26,2,1,69,14,176.52,141.64,34.88,1,0,2025-08
1003446,2025-08-26,Electronics,North,Supplier D,WH-West,Standard,21,98.67,12,119.03,19,2,50,12,2261.57,1874.73,386.84,1,1,2025-08
1000836,2025-08-26,Office Supplies,East,Supplier E,WH-North,Standard,23,353.09,13,445.29,21,2,46,13,9351.09,7414.89,1936.2,1,0,2025-08
1003506,2025-08-26,Home & Kitchen,East,Supplier C,WH-East,Express,1,153.1,4,229.64,1,0,65,5,229.64,153.1,76.54,0,1,2025-08
1001123,2025-08-26,Apparel,North,Supplier A,WH-North,Standard,6,285.61,3,378.11,6,0,30,3,2268.66,1713.66,555.0,0,1,2025-08
1004388,2025-08-27,Health & Beauty,South,Supplier B,WH-South,Express,6,193.94,10,233.12,6,0,41,11,1398.72,1163.64,235.08,0,0,2025-08
1001738,2025-08-27,Health & Beauty,South,Supplier B,WH-East,Same Day,14,249.58,6,396.16,14,0,18,7,5546.24,3494.12,2052.12,0,0,2025-08
1003176,2025-08-27,Health & Beauty,West,Supplier C,WH-North,Standard,6,376.24,5,442.71,6,0,46,3,2656.26,2257.44,398.82,0,1,2025-08
1001948,2025-08-27,Apparel,South,Supplier B,WH-East,Express,6,227.11,12,343.49,5,1,58,14,1717.45,1135.55,581.9,1,0,2025-08
1004003,2025-08-27,Office Supplies,North,Supplier D,WH-East,Standard,24,355.62,5,594.43,23,1,66,5,13671.89,8179.26,5492.63,1,1,2025-08
1003307,2025-08-27,Health & Beauty,East,Supplier C,WH-East,Standard,13,345.83,6,424.72,11,2,22,7,4671.92,3804.13,867.79,1,1,2025-08
1000521,2025-08-27,Home & Kitchen,South,Supplier E,WH-West,Standard,10,399.64,14,483.01,10,0,44,15,4830.1,3996.4,833.7,0,0,2025-08
1002081,2025-08-27,Apparel,South,Supplier E,WH-East,Standard,13,328.45,10,520.67,12,1,47,12,6248.04,3941.4,2306.64,1,1,2025-08
1004418,2025-08-28,Health & Beauty,South,Supplier C,WH-East,Standard,16,159.81,6,252.63,15,1,49,5,3789.45,2397.15,1392.3,1,1,2025-08
1005560,2025-08-28,Health & Beauty,North,Supplier D,WH-East,Express,5,429.4,4,644.28,5,0,30,6,3221.4,2147.0,1074.4,0,0,2025-08
1005366,2025-08-28,Health & Beauty,West,Supplier E,WH-North,Standard,14,266.06,13,327.36,12,2,46,12,3928.32,3192.72,735.6,1,1,2025-08
1001004,2025-08-28,Apparel,North,Supplier A,WH-North,Express,13,227.15,7,290.2,13,0,57,6,3772.6,2952.95,819.65,0,0,2025-08
1000959,2025-08-28,Apparel,West,Supplier B,WH-West,Standard,14,388.03,9,656.63,11,3,42,7,7222.93,4268.33,2954.6,1,1,2025-08
1003707,2025-08-28,Electronics,South,Supplier E,WH-West,Express,11,344.62,5,419.3,9,2,49,5,3773.7,3101.58,672.12,1,1,2025-08
1004007,2025-08-28,Apparel,East,Supplier A,WH-South,Standard,9,392.64,8,531.43,8,1,30,9,4251.44,3141.12,1110.32,1,1,2025-08
1004743,2025-08-28,Home & Kitchen,South,Supplier D,WH-West,Standard,19,48.65,14,61.88,18,1,34,16,1113.84,875.7,238.14,1,0,2025-08
1004554,2025-08-28,Home & Kitchen,North,Supplier A,WH-East,Standard,2,88.89,14,109.09,2,0,32,14,218.18,177.78,40.4,0,0,2025-08
1005157,2025-08-28,Electronics,West,Supplier D,WH-East,Standard,16,220.01,15,330.44,14,2,16,14,4626.16,3080.14,1546.02,1,0,2025-08
1003962,2025-08-28,Office Supplies,East,Supplier A,WH-West,Standard,8,445.73,15,566.15,8,0,24,14,4529.2,3565.84,963.36,0,0,2025-08
1001776,2025-08-29,Home & Kitchen,West,Supplier B,WH-South,Standard,4,255.64,7,306.92,3,1,34,9,920.76,766.92,153.84,1,1,2025-08
1000514,2025-08-29,Health & Beauty,South,Supplier B,WH-West,Express,4,104.28,16,177.37,4,0,29,15,709.48,417.12,292.36,0,0,2025-08
1005688,2025-08-29,Office Supplies,East,Supplier C,WH-South,Standard,9,35.88,7,61.21,8,1,75,5,489.68,287.04,202.64,1,1,2025-08
1005861,2025-08-29,Health & Beauty,North,Supplier A,WH-West,Standard,10,307.87,7,385.29,9,1,79,6,3467.61,2770.83,696.78,1,1,2025-08
1004957,2025-08-29,Office Supplies,North,Supplier D,WH-East,Standard,1,72.3,17,126.21,1,0,53,15,126.21,72.3,53.91,0,0,2025-08
1000943,2025-08-29,Office Supplies,North,Supplier E,WH-West,Standard,5,22.74,6,30.17,5,0,50,6,150.85,113.7,37.15,0,1,2025-08
1005675,2025-08-29,Apparel,West,Supplier D,WH-South,Express,21,422.73,12,638.35,18,3,35,12,11490.3,7609.14,3881.16,1,0,2025-08
1000356,2025-08-29,Health & Beauty,West,Supplier B,WH-West,Standard,3,23.83,3,39.78,1,2,53,5,39.78,23.83,15.95,1,1,2025-08
1005073,2025-08-29,Electronics,North,Supplier E,WH-South,Standard,8,193.34,16,329.83,7,1,66,17,2308.81,1353.38,955.43,1,0,2025-08
1002627,2025-08-29,Office Supplies,South,Supplier C,WH-South,Express,18,233.15,6,383.9,16,2,55,6,6142.4,3730.4,2412.0,1,0,2025-08
1005709,2025-08-29,Health & Beauty,East,Supplier C,WH-North,Standard,23,96.18,7,146.93,18,5,40,9,2644.74,1731.24,913.5,1,1,2025-08
1003845,2025-08-30,Office Supplies,East,Supplier B,WH-South,Standard,22,118.6,11,176.2,20,2,68,11,3524.0,2372.0,1152.0,1,1,2025-08
1001476,2025-08-30,Home & Kitchen,South,Supplier E,WH-South,Express,10,240.56,4,305.39,10,0,21,6,3053.9,2405.6,648.3,0,0,2025-08
1005092,2025-08-30,Office Supplies,West,Supplier D,WH-South,Express,13,180.2,11,274.68,11,2,19,11,3021.48,1982.2,1039.28,1,0,2025-08
1005151,2025-08-30,Health & Beauty,South,Supplier A,WH-West,Standard,20,373.62,4,543.46,20,0,62,6,10869.2,7472.4,3396.8,0,1,2025-08
1004788,2025-08-30,Electronics,South,Supplier C,WH-West,Standard,6,177.57,3,242.84,5,1,54,1,1214.2,887.85,326.35,1,1,2025-08
1005507,2025-08-30,Apparel,South,Supplier C,WH-East,Standard,21,246.21,3,345.21,21,0,62,4,7249.41,5170.41,2079.0,0,1,2025-08
1000195,2025-08-30,Home & Kitchen,East,Supplier D,WH-West,Standard,10,366.89,5,584.23,9,1,34,6,5258.07,3302.01,1956.06,1,1,2025-08
1005869,2025-08-30,Home & Kitchen,East,Supplier A,WH-North,Standard,21,233.05,9,407.07,18,3,13,8,7327.26,4194.9,3132.36,1,1,2025-08
1001889,2025-08-30,Apparel,West,Supplier C,WH-East,Express,3,115.45,6,169.35,3,0,17,6,508.05,346.35,161.7,0,0,2025-08
1000488,2025-08-30,Apparel,West,Supplier D,WH-East,Standard,1,378.87,2,562.55,1,0,67,1,562.55,378.87,183.68,0,1,2025-08
1002380,2025-08-30,Electronics,West,Supplier C,WH-North,Standard,24,321.87,12,417.51,23,1,21,11,9602.73,7403.01,2199.72,1,1,2025-08
1001237,2025-08-31,Home & Kitchen,South,Supplier D,WH-East,Standard,6,150.61,14,184.83,5,1,55,15,924.15,753.05,171.1,1,0,2025-08
1000240,2025-08-31,Home & Kitchen,North,Supplier B,WH-East,Express,6,426.13,7,523.6,5,1,26,6,2618.0,2130.65,487.35,1,0,2025-08
1000331,2025-08-31,Electronics,West,Supplier C,WH-East,Standard,21,432.95,2,646.69,20,1,31,1,12933.8,8659.0,4274.8,1,1,2025-08
1005255,2025-08-31,Electronics,South,Supplier B,WH-West,Express,2,347.4,15,457.59,2,0,64,13,915.18,694.8,220.38,0,0,2025-08
1002416,2025-08-31,Home & Kitchen,North,Supplier E,WH-North,Express,22,16.88,7,25.27,19,3,51,9,480.13,320.72,159.41,1,0,2025-08
1001306,2025-09-01,Home & Kitchen,East,Supplier B,WH-West,Standard,23,156.88,3,211.86,22,1,52,2,4660.92,3451.36,1209.56,1,1,2025-09
1005490,2025-09-01,Office Supplies,West,Supplier E,WH-East,Standard,13,273.11,13,347.7,12,1,23,11,4172.4,3277.32,895.08,1,1,2025-09
1004356,2025-09-01,Electronics,East,Supplier D,WH-East,Standard,10,141.67,17,210.7,6,4,44,18,1264.2,850.02,414.18,1,0,2025-09
1001328,2025-09-01,Health & Beauty,South,Supplier B,WH-South,Standard,17,302.42,2,510.16,16,1,64,4,8162.56,4838.72,3323.84,1,1,2025-09
1002057,2025-09-01,Apparel,North,Supplier E,WH-North,Express,16,85.11,6,103.28,13,3,78,5,1342.64,1106.43,236.21,1,1,2025-09
1000236,2025-09-01,Electronics,West,Supplier A,WH-North,Same Day,13,333.51,11,565.2,12,1,31,11,6782.4,4002.12,2780.28,1,0,2025-09
1000735,2025-09-01,Office Supplies,East,Supplier C,WH-West,Standard,8,385.64,5,487.41,8,0,23,3,3899.28,3085.12,814.16,0,1,2025-09
1003831,2025-09-01,Home & Kitchen,East,Supplier D,WH-West,Express,9,146.83,5,197.64,8,1,72,5,1581.12,1174.64,406.48,1,1,2025-09
1005932,2025-09-01,Apparel,South,Supplier B,WH-East,Express,14,179.21,3,222.87,14,0,53,4,3120.18,2508.94,611.24,0,1,2025-09
1002882,2025-09-01,Office Supplies,South,Supplier B,WH-North,Standard,12,408.73,14,686.52,10,2,47,15,6865.2,4087.3,2777.9,1,0,2025-09
1001558,2025-09-01,Electronics,West,Supplier B,WH-West,Standard,20,130.38,14,171.72,20,0,65,14,3434.4,2607.6,826.8,0,0,2025-09
1002879,2025-09-01,Office Supplies,East,Supplier C,WH-East,Standard,24,27.81,9,33.58,23,1,61,7,772.34,639.63,132.71,1,1,2025-09
1005840,2025-09-01,Electronics,North,Supplier D,WH-East,Standard,20,436.15,11,751.87,20,0,26,11,15037.4,8723.0,6314.4,0,1,2025-09
1004009,2025-09-02,Electronics,North,Supplier A,WH-West,Standard,13,54.07,8,83.41,12,1,15,9,1000.92,648.84,352.08,1,1,2025-09
1003333,2025-09-02,Home & Kitchen,North,Supplier D,WH-West,Same Day,19,78.6,2,97.55,17,2,70,1,1658.35,1336.2,322.15,1,1,2025-09
1005101,2025-09-02,Electronics,East,Supplier E,WH-North,Express,7,69.18,13,102.68,7,0,68,14,718.76,484.26,234.5,0,0,2025-09
1002901,2025-09-02,Office Supplies,North,Supplier C,WH-East,Standard,3,245.66,5,289.19,3,0,69,6,867.57,736.98,130.59,0,1,2025-09
1005392,2025-09-02,Home & Kitchen,West,Supplier E,WH-North,Express,18,445.96,11,737.69,17,1,38,12,12540.73,7581.32,4959.41,1,0,2025-09
1000263,2025-09-02,Home & Kitchen,East,Supplier A,WH-South,Standard,14,254.39,6,409.13,12,2,23,7,4909.56,3052.68,1856.88,1,1,2025-09
1005876,2025-09-02,Home & Kitchen,South,Supplier C,WH-North,Standard,22,392.71,17,479.6,21,1,57,17,10071.6,8246.91,1824.69,1,0,2025-09
1000477,2025-09-03,Electronics,North,Supplier D,WH-South,Standard,13,123.72,3,145.79,12,1,65,5,1749.48,1484.64,264.84,1,1,2025-09
1000562,2025-09-03,Office Supplies,East,Supplier A,WH-South,Express,19,93.78,8,138.28,17,2,42,9,2350.76,1594.26,756.5,1,0,2025-09
1003083,2025-09-03,Office Supplies,North,Supplier D,WH-East,Standard,14,398.02,10,575.72,13,1,17,10,7484.36,5174.26,2310.1,1,1,2025-09
1003353,2025-09-03,Electronics,West,Supplier E,WH-South,Standard,15,405.1,8,698.12,14,1,43,6,9773.68,5671.4,4102.28,1,1,2025-09
1005445,2025-09-03,Office Supplies,South,Supplier C,WH-South,Express,8,10.78,16,12.94,7,1,13,15,90.58,75.46,15.12,1,0,2025-09
1002185,2025-09-03,Home & Kitchen,East,Supplier A,WH-East,Standard,5,319.93,11,442.29,5,0,59,11,2211.45,1599.65,611.8,0,1,2025-09
1002795,2025-09-03,Home & Kitchen,West,Supplier B,WH-South,Standard,5,194.65,4,253.24,4,1,20,4,1012.96,778.6,234.36,1,1,2025-09
1003682,2025-09-03,Health & Beauty,West,Supplier D,WH-North,Same Day,11,112.89,15,151.55,8,3,39,15,1212.4,903.12,309.28,1,0,2025-09
1003976,2025-09-04,Electronics,East,Supplier E,WH-South,Standard,23,163.76,3,272.14,22,1,55,4,5987.08,3602.72,2384.36,1,1,2025-09
1005380,2025-09-04,Office Supplies,East,Supplier A,WH-East,Same Day,19,195.72,8,234.46,19,0,14,8,4454.74,3718.68,736.06,0,0,2025-09
1001395,2025-09-04,Electronics,North,Supplier D,WH-West,Express,19,50.05,3,58.79,16,3,58,1,940.64,800.8,139.84,1,1,2025-09
1000504,2025-09-04,Home & Kitchen,West,Supplier E,WH-North,Standard,18,202.67,13,271.02,17,1,55,13,4607.34,3445.39,1161.95,1,0,2025-09
1000130,2025-09-04,Home & Kitchen,North,Supplier B,WH-South,Same Day,13,403.88,6,689.52,12,1,38,6,8274.24,4846.56,3427.68,1,0,2025-09
1000208,2025-09-04,Home & Kitchen,South,Supplier A,WH-South,Standard,1,338.18,17,452.75,1,0,77,19,452.75,338.18,114.57,0,0,2025-09
1005620,2025-09-04,Electronics,West,Supplier C,WH-South,Standard,23,262.69,8,433.97,23,0,74,7,9981.31,6041.87,3939.44,0,1,2025-09
1003464,2025-09-04,Apparel,West,Supplier B,WH-North,Express,12,169.84,3,201.1,11,1,37,4,2212.1,1868.24,343.86,1,1,2025-09
1003987,2025-09-04,Apparel,West,Supplier C,WH-North,Express,15,82.55,4,120.21,15,0,77,6,1803.15,1238.25,564.9,0,0,2025-09
1005786,2025-09-04,Health & Beauty,West,Supplier A,WH-North,Express,18,101.47,8,129.39,16,2,11,10,2070.24,1623.52,446.72,1,0,2025-09
1001000,2025-09-04,Apparel,East,Supplier A,WH-West,Express,23,382.21,12,476.3,23,0,19,13,10954.9,8790.83,2164.07,0,0,2025-09
1000923,2025-09-04,Apparel,North,Supplier D,WH-East,Same Day,23,146.53,15,201.46,19,4,25,14,3827.74,2784.07,1043.67,1,0,2025-09
1001132,2025-09-04,Home & Kitchen,South,Supplier B,WH-East,Same Day,23,119.54,16,189.1,21,2,30,17,3971.1,2510.34,1460.76,1,0,2025-09
1002969,2025-09-04,Home & Kitchen,East,Supplier A,WH-North,Standard,12,295.36,4,499.78,11,1,38,4,5497.58,3248.96,2248.62,1,1,2025-09
1002972,2025-09-04,Electronics,West,Supplier B,WH-South,Standard,14,319.28,5,534.69,14,0,16,3,7485.66,4469.92,3015.74,0,1,2025-09
1000416,2025-09-04,Electronics,West,Supplier B,WH-South,Standard,8,192.98,8,301.63,7,1,18,6,2111.41,1350.86,760.55,1,1,2025-09
1002062,2025-09-05,Apparel,West,Supplier E,WH-West,Standard,8,34.39,15,43.72,8,0,36,14,349.76,275.12,74.64,0,0,2025-09
1002262,2025-09-05,Apparel,West,Supplier E,WH-North,Standard,24,256.66,6,384.39,20,4,10,5,7687.8,5133.2,2554.6,1,1,2025-09
1003095,2025-09-05,Apparel,South,Supplier E,WH-East,Standard,22,361.48,7,622.17,21,1,43,5,13065.57,7591.08,5474.49,1,1,2025-09
1004480,2025-09-05,Apparel,South,Supplier C,WH-South,Standard,7,417.05,8,574.33,7,0,71,9,4020.31,2919.35,1100.96,0,1,2025-09
1005208,2025-09-05,Electronics,East,Supplier E,WH-West,Standard,15,312.0,15,521.16,13,2,57,15,6775.08,4056.0,2719.08,1,0,2025-09
1003774,2025-09-05,Apparel,North,Supplier E,WH-North,Standard,24,233.55,4,388.28,22,2,78,4,8542.16,5138.1,3404.06,1,1,2025-09
1000008,2025-09-06,Electronics,South,Supplier D,WH-West,Standard,7,322.29,14,551.95,7,0,47,15,3863.65,2256.03,1607.62,0,0,2025-09
1002418,2025-09-06,Apparel,East,Supplier C,WH-North,Standard,20,121.06,13,156.91,19,1,72,15,2981.29,2300.14,681.15,1,0,2025-09
1005196,2025-09-06,Electronics,North,Supplier E,WH-East,Standard,4,342.05,15,552.33,4,0,36,15,2209.32,1368.2,841.12,0,0,2025-09
1004101,2025-09-06,Apparel,West,Supplier A,WH-East,Standard,20,123.6,5,144.17,14,6,22,5,2018.38,1730.4,287.98,1,1,2025-09
1001443,2025-09-06,Electronics,West,Supplier E,WH-North,Standard,7,409.08,14,530.32,6,1,70,16,3181.92,2454.48,727.44,1,0,2025-09
1004065,2025-09-06,Health & Beauty,East,Supplier A,WH-West,Express,15,438.36,10,526.26,14,1,29,10,7367.64,6137.04,1230.6,1,0,2025-09
1005368,2025-09-06,Apparel,North,Supplier A,WH-South,Standard,16,406.97,13,567.41,15,1,52,12,8511.15,6104.55,2406.6,1,1,2025-09
1001037,2025-09-07,Office Supplies,North,Supplier D,WH-North,Express,21,266.61,6,375.64,20,1,45,6,7512.8,5332.2,2180.6,1,0,2025-09
1004899,2025-09-07,Home & Kitchen,North,Supplier A,WH-West,Standard,10,270.44,6,387.62,9,1,41,7,3488.58,2433.96,1054.62,1,1,2025-09
1004738,2025-09-07,Home & Kitchen,West,Supplier A,WH-East,Standard,4,137.67,14,199.7,4,0,40,14,798.8,550.68,248.12,0,0,2025-09
1004547,2025-09-07,Office Supplies,North,Supplier B,WH-East,Standard,5,361.79,7,432.2,5,0,53,5,2161.0,1808.95,352.05,0,1,2025-09
1001115,2025-09-07,Apparel,East,Supplier A,WH-West,Standard,11,153.04,12,186.88,10,1,29,10,1868.8,1530.4,338.4,1,1,2025-09
1005843,2025-09-07,Office Supplies,South,Supplier D,WH-North,Express,24,212.77,3,269.84,23,1,14,4,6206.32,4893.71,1312.61,1,1,2025-09
1003827,2025-09-07,Home & Kitchen,East,Supplier C,WH-West,Express,14,194.76,6,269.55,14,0,57,8,3773.7,2726.64,1047.06,0,0,2025-09
1001381,2025-09-07,Health & Beauty,East,Supplier A,WH-East,Standard,16,144.57,14,215.24,12,4,12,16,2582.88,1734.84,848.04,1,0,2025-09
1001049,2025-09-07,Electronics,South,Supplier C,WH-East,Standard,20,224.84,11,319.6,20,0,39,9,6392.0,4496.8,1895.2,0,1,2025-09
1001112,2025-09-07,Office Supplies,South,Supplier C,WH-South,Standard,3,346.57,11,470.3,3,0,77,9,1410.9,1039.71,371.19,0,1,2025-09
1001560,2025-09-08,Health & Beauty,South,Supplier B,WH-East,Standard,9,156.97,4,200.06,7,2,60,3,1400.42,1098.79,301.63,1,1,2025-09
1002561,2025-09-08,Electronics,West,Supplier D,WH-North,Standard,6,33.49,5,52.95,6,0,25,7,317.7,200.94,116.76,0,1,2025-09
1000525,2025-09-08,Apparel,South,Supplier C,WH-East,Standard,10,149.83,2,181.08,10,0,33,4,1810.8,1498.3,312.5,0,1,2025-09
1001890,2025-09-08,Office Supplies,West,Supplier D,WH-West,Standard,19,289.29,13,382.23,19,0,45,11,7262.37,5496.51,1765.86,0,1,2025-09
1003231,2025-09-09,Electronics,West,Supplier E,WH-West,Standard,18,132.41,5,166.78,17,1,76,7,2835.26,2250.97,584.29,1,1,2025-09
1005998,2025-09-09,Office Supplies,North,Supplier A,WH-North,Standard,20,235.18,14,360.63,17,3,12,16,6130.71,3998.06,2132.65,1,0,2025-09
1002817,2025-09-09,Home & Kitchen,North,Supplier D,WH-South,Standard,12,356.49,15,557.82,11,1,66,16,6136.02,3921.39,2214.63,1,0,2025-09
1002807,2025-09-09,Electronics,North,Supplier A,WH-North,Standard,22,443.72,13,574.13,22,0,70,12,12630.86,9761.84,2869.02,0,1,2025-09
1005633,2025-09-09,Office Supplies,South,Supplier B,WH-West,Express,3,202.46,17,270.13,3,0,18,19,810.39,607.38,203.01,0,0,2025-09
1002277,2025-09-09,Health & Beauty,North,Supplier D,WH-East,Express,10,162.02,9,211.59,9,1,65,8,1904.31,1458.18,446.13,1,0,2025-09
1005674,2025-09-09,Electronics,South,Supplier C,WH-West,Standard,22,45.91,4,64.7,21,1,40,2,1358.7,964.11,394.59,1,1,2025-09
1004372,2025-09-09,Office Supplies,South,Supplier B,WH-South,Express,16,8.4,16,10.91,15,1,67,16,163.65,126.0,37.65,1,0,2025-09
1005716,2025-09-09,Electronics,South,Supplier C,WH-South,Standard,13,318.84,11,488.67,10,3,71,13,4886.7,3188.4,1698.3,1,0,2025-09
1005504,2025-09-09,Apparel,East,Supplier E,WH-South,Standard,11,64.96,5,96.13,9,2,22,5,865.17,584.64,280.53,1,1,2025-09
1005719,2025-09-09,Home & Kitchen,East,Supplier D,WH-South,Standard,24,218.0,5,252.85,21,3,16,5,5309.85,4578.0,731.85,1,1,2025-09
1002971,2025-09-10,Home & Kitchen,North,Supplier C,WH-West,Express,7,422.3,4,488.25,6,1,51,4,2929.5,2533.8,395.7,1,1,2025-09
1002112,2025-09-10,Apparel,South,Supplier C,WH-West,Standard,21,140.45,8,204.98,19,2,58,9,3894.62,2668.55,1226.07,1,1,2025-09
1003951,2025-09-10,Home & Kitchen,West,Supplier D,WH-West,Express,12,21.08,10,33.68,11,1,69,10,370.48,231.88,138.6,1,0,2025-09
1004685,2025-09-10,Office Supplies,North,Supplier C,WH-North,Standard,23,382.5,16,599.3,22,1,38,16,13184.6,8415.0,4769.6,1,0,2025-09
1002772,2025-09-10,Health & Beauty,South,Supplier C,WH-East,Standard,18,400.77,13,641.03,15,3,22,13,9615.45,6011.55,3603.9,1,0,2025-09
1002824,2025-09-10,Home & Kitchen,East,Supplier E,WH-East,Express,16,150.63,9,187.86,15,1,54,9,2817.9,2259.45,558.45,1,0,2025-09
1003676,2025-09-10,Electronics,North,Supplier B,WH-East,Standard,12,216.63,6,256.08,11,1,62,5,2816.88,2382.93,433.95,1,1,2025-09
1004458,2025-09-10,Apparel,South,Supplier B,WH-North,Standard,16,146.74,4,208.11,15,1,41,5,3121.65,2201.1,920.55,1,1,2025-09
1004441,2025-09-10,Apparel,East,Supplier E,WH-East,Standard,9,176.61,17,265.55,7,2,19,18,1858.85,1236.27,622.58,1,0,2025-09
1000165,2025-09-11,Office Supplies,South,Supplier E,WH-West,Standard,14,333.06,6,551.6,13,1,46,4,7170.8,4329.78,2841.02,1,1,2025-09
1001970,2025-09-11,Home & Kitchen,South,Supplier E,WH-East,Standard,3,178.67,8,223.34,3,0,20,6,670.02,536.01,134.01,0,1,2025-09
1003038,2025-09-11,Home & Kitchen,West,Supplier D,WH-East,Standard,23,35.52,11,45.11,23,0,13,13,1037.53,816.96,220.57,0,0,2025-09
1005499,2025-09-11,Apparel,West,Supplier D,WH-North,Express,16,197.58,15,261.87,14,2,19,16,3666.18,2766.12,900.06,1,0,2025-09
1001448,2025-09-11,Office Supplies,North,Supplier E,WH-North,Express,6,212.45,16,296.96,5,1,59,15,1484.8,1062.25,422.55,1,0,2025-09
1003917,2025-09-11,Home & Kitchen,North,Supplier B,WH-South,Standard,16,317.4,8,427.64,13,3,71,6,5559.32,4126.2,1433.12,1,1,2025-09
1003253,2025-09-11,Office Supplies,West,Supplier B,WH-West,Express,18,36.54,11,61.86,18,0,41,13,1113.48,657.72,455.76,0,0,2025-09
1000420,2025-09-11,Electronics,East,Supplier A,WH-East,Express,9,386.44,17,604.8,8,1,45,19,4838.4,3091.52,1746.88,1,0,2025-09
1003946,2025-09-11,Apparel,South,Supplier A,WH-West,Same Day,19,301.93,4,420.44,15,4,28,5,6306.6,4528.95,1777.65,1,0,2025-09
1003489,2025-09-11,Health & Beauty,East,Supplier E,WH-West,Standard,16,331.06,14,550.11,14,2,15,14,7701.54,4634.84,3066.7,1,0,2025-09
1004552,2025-09-11,Electronics,East,Supplier B,WH-West,Standard,1,360.34,10,629.78,1,0,66,12,629.78,360.34,269.44,0,1,2025-09
1002520,2025-09-12,Home & Kitchen,North,Supplier A,WH-East,Standard,16,69.9,5,116.69,16,0,32,5,1867.04,1118.4,748.64,0,1,2025-09
1003736,2025-09-12,Apparel,South,Supplier E,WH-North,Standard,14,285.03,17,454.63,10,4,12,17,4546.3,2850.3,1696.0,1,0,2025-09
1003213,2025-09-12,Electronics,West,Supplier B,WH-South,Same Day,4,318.53,9,437.66,4,0,42,10,1750.64,1274.12,476.52,0,0,2025-09
1004488,2025-09-12,Electronics,North,Supplier A,WH-East,Standard,5,237.41,7,354.04,4,1,34,8,1416.16,949.64,466.52,1,1,2025-09
1002234,2025-09-12,Electronics,North,Supplier B,WH-West,Standard,22,142.76,4,203.62,20,2,17,4,4072.4,2855.2,1217.2,1,1,2025-09
1005898,2025-09-12,Apparel,West,Supplier E,WH-North,Express,7,412.19,8,684.57,7,0,16,8,4791.99,2885.33,1906.66,0,0,2025-09
1004771,2025-09-13,Office Supplies,South,Supplier E,WH-South,Express,6,388.0,6,549.27,5,1,12,8,2746.35,1940.0,806.35,1,0,2025-09
1005791,2025-09-13,Electronics,North,Supplier B,WH-East,Standard,20,398.44,17,630.53,17,3,62,15,10719.01,6773.48,3945.53,1,0,2025-09
1002089,2025-09-13,Electronics,South,Supplier A,WH-North,Express,9,326.32,4,485.21,9,0,77,6,4366.89,2936.88,1430.01,0,0,2025-09
1004864,2025-09-13,Apparel,South,Supplier D,WH-East,Standard,24,317.52,12,431.17,21,3,38,13,9054.57,6667.92,2386.65,1,0,2025-09
1003099,2025-09-13,Home & Kitchen,West,Supplier A,WH-South,Standard,1,268.25,3,389.64,1,0,49,5,389.64,268.25,121.39,0,1,2025-09
1004511,2025-09-13,Apparel,North,Supplier A,WH-East,Standard,8,138.33,5,240.74,7,1,50,5,1685.18,968.31,716.87,1,1,2025-09
1005995,2025-09-13,Electronics,East,Supplier D,WH-East,Standard,14,221.01,11,257.85,11,3,11,9,2836.35,2431.11,405.24,1,1,2025-09
1001135,2025-09-13,Office Supplies,East,Supplier B,WH-South,Standard,24,319.12,4,490.66,22,2,39,5,10794.52,7020.64,3773.88,1,1,2025-09
1003133,2025-09-13,Electronics,South,Supplier B,WH-West,Express,11,157.08,3,217.23,10,1,38,3,2172.3,1570.8,601.5,1,1,2025-09
1000885,2025-09-14,Home & Kitchen,South,Supplier D,WH-North,Same Day,3,245.8,7,307.3,3,0,45,8,921.9,737.4,184.5,0,0,2025-09
1002549,2025-09-14,Apparel,West,Supplier A,WH-North,Same Day,22,243.03,7,336.73,20,2,26,7,6734.6,4860.6,1874.0,1,0,2025-09
1000918,2025-09-14,Electronics,South,Supplier D,WH-South,Standard,13,125.3,14,200.67,12,1,71,14,2408.04,1503.6,904.44,1,0,2025-09
1001114,2025-09-14,Home & Kitchen,South,Supplier B,WH-West,Standard,15,236.28,13,291.97,13,2,55,13,3795.61,3071.64,723.97,1,0,2025-09
1001061,2025-09-14,Apparel,South,Supplier B,WH-South,Express,16,280.46,12,373.91,16,0,28,13,5982.56,4487.36,1495.2,0,0,2025-09
1003814,2025-09-14,Office Supplies,West,Supplier D,WH-North,Express,6,98.6,6,150.45,5,1,20,8,752.25,493.0,259.25,1,0,2025-09
1001356,2025-09-14,Home & Kitchen,East,Supplier B,WH-North,Express,2,89.96,10,117.42,2,0,47,10,234.84,179.92,54.92,0,0,2025-09
1002695,2025-09-14,Home & Kitchen,South,Supplier B,WH-South,Express,9,240.08,17,291.48,8,1,53,17,2331.84,1920.64,411.2,1,0,2025-09
1001923,2025-09-14,Home & Kitchen,South,Supplier E,WH-South,Same Day,17,433.7,3,643.88,16,1,29,1,10302.08,6939.2,3362.88,1,1,2025-09
1000779,2025-09-15,Home & Kitchen,West,Supplier D,WH-West,Standard,10,107.14,12,186.77,10,0,26,14,1867.7,1071.4,796.3,0,0,2025-09
1005159,2025-09-15,Home & Kitchen,East,Supplier B,WH-North,Express,2,313.62,13,380.05,2,0,77,15,760.1,627.24,132.86,0,0,2025-09
1005512,2025-09-15,Office Supplies,South,Supplier A,WH-South,Standard,13,208.87,14,251.18,12,1,56,14,3014.16,2506.44,507.72,1,0,2025-09
1000938,2025-09-15,Health & Beauty,East,Supplier A,WH-South,Standard,22,329.96,16,568.98,22,0,41,17,12517.56,7259.12,5258.44,0,0,2025-09
1003687,2025-09-15,Electronics,East,Supplier E,WH-East,Standard,17,437.76,9,746.93,15,2,11,8,11203.95,6566.4,4637.55,1,1,2025-09
1004543,2025-09-15,Electronics,North,Supplier B,WH-North,Standard,22,79.89,11,121.54,17,5,52,13,2066.18,1358.13,708.05,1,0,2025-09
1000267,2025-09-15,Electronics,West,Supplier D,WH-West,Standard,23,51.49,7,79.26,21,2,63,6,1664.46,1081.29,583.17,1,1,2025-09
1002477,2025-09-15,Apparel,East,Supplier E,WH-South,Standard,17,249.76,13,294.49,15,2,70,14,4417.35,3746.4,670.95,1,0,2025-09
1001258,2025-09-15,Apparel,South,Supplier C,WH-East,Standard,18,397.56,11,683.85,17,1,68,11,11625.45,6758.52,4866.93,1,1,2025-09
1000209,2025-09-16,Home & Kitchen,West,Supplier C,WH-North,Standard,3,97.6,11,146.68,3,0,54,11,440.04,292.8,147.24,0,1,2025-09
1002773,2025-09-16,Health & Beauty,East,Supplier A,WH-North,Standard,4,428.83,13,640.72,4,0,19,14,2562.88,1715.32,847.56,0,0,2025-09
1000864,2025-09-16,Home & Kitchen,West,Supplier C,WH-South,Express,5,426.15,4,548.47,5,0,17,4,2742.35,2130.75,611.6,0,1,2025-09
1000289,2025-09-16,Office Supplies,West,Supplier D,WH-South,Standard,16,430.94,15,639.69,15,1,59,17,9595.35,6464.1,3131.25,1,0,2025-09
1004010,2025-09-16,Health & Beauty,West,Supplier B,WH-West,Express,8,130.05,2,174.79,8,0,69,4,1398.32,1040.4,357.92,0,1,2025-09
1005324,2025-09-16,Home & Kitchen,East,Supplier A,WH-North,Standard,11,411.8,11,548.78,11,0,43,10,6036.58,4529.8,1506.78,0,1,2025-09
1002486,2025-09-16,Apparel,North,Supplier E,WH-North,Standard,9,196.87,16,248.47,9,0,74,15,2236.23,1771.83,464.4,0,0,2025-09
1003385,2025-09-16,Apparel,South,Supplier D,WH-North,Express,14,280.95,17,328.38,11,3,66,17,3612.18,3090.45,521.73,1,0,2025-09
1000528,2025-09-17,Home & Kitchen,North,Supplier D,WH-East,Standard,24,183.0,7,260.98,23,1,22,7,6002.54,4209.0,1793.54,1,1,2025-09
1002963,2025-09-17,Office Supplies,North,Supplier C,WH-West,Standard,20,118.22,5,137.64,19,1,74,7,2615.16,2246.18,368.98,1,1,2025-09
1005122,2025-09-17,Health & Beauty,West,Supplier D,WH-West,Express,5,351.5,2,456.07,4,1,72,2,1824.28,1406.0,418.28,1,1,2025-09
1000371,2025-09-17,Home & Kitchen,South,Supplier B,WH-South,Standard,7,36.19,2,62.76,5,2,11,2,313.8,180.95,132.85,1,1,2025-09
1002587,2025-09-17,Home & Kitchen,West,Supplier A,WH-South,Standard,13,407.49,14,563.02,13,0,13,12,7319.26,5297.37,2021.89,0,1,2025-09
1004456,2025-09-17,Apparel,South,Supplier A,WH-South,Standard,20,34.36,3,56.37,19,1,63,1,1071.03,652.84,418.19,1,1,2025-09
1004235,2025-09-17,Electronics,North,Supplier B,WH-East,Standard,10,51.72,11,60.28,9,1,23,12,542.52,465.48,77.04,1,1,2025-09
1001095,2025-09-18,Electronics,North,Supplier D,WH-North,Standard,19,434.93,7,542.02,18,1,19,7,9756.36,7828.74,1927.62,1,1,2025-09
1005916,2025-09-18,Home & Kitchen,South,Supplier C,WH-West,Standard,8,361.09,8,487.21,8,0,69,7,3897.68,2888.72,1008.96,0,1,2025-09
1002292,2025-09-18,Home & Kitchen,South,Supplier B,WH-North,Standard,13,423.37,14,493.44,11,2,41,14,5427.84,4657.07,770.77,1,0,2025-09
1002431,2025-09-19,Office Supplies,North,Supplier A,WH-East,Standard,18,384.91,2,546.98,17,1,32,3,9298.66,6543.47,2755.19,1,1,2025-09
1005162,2025-09-19,Health & Beauty,North,Supplier C,WH-North,Standard,9,160.82,5,239.09,9,0,12,3,2151.81,1447.38,704.43,0,1,2025-09
1004026,2025-09-19,Home & Kitchen,West,Supplier C,WH-South,Standard,12,126.42,12,183.14,12,0,58,12,2197.68,1517.04,680.64,0,1,2025-09
1000287,2025-09-19,Home & Kitchen,East,Supplier C,WH-South,Standard,12,442.77,17,647.45,11,1,77,17,7121.95,4870.47,2251.48,1,0,2025-09
1005313,2025-09-19,Electronics,North,Supplier B,WH-North,Standard,22,358.61,2,461.63,20,2,16,2,9232.6,7172.2,2060.4,1,1,2025-09
1003379,2025-09-19,Home & Kitchen,North,Supplier A,WH-East,Standard,21,221.78,11,276.85,20,1,75,12,5537.0,4435.6,1101.4,1,1,2025-09
1004936,2025-09-19,Home & Kitchen,West,Supplier A,WH-West,Standard,23,40.26,12,68.38,22,1,28,12,1504.36,885.72,618.64,1,1,2025-09
1002918,2025-09-19,Electronics,South,Supplier D,WH-East,Standard,22,364.89,3,421.84,21,1,15,4,8858.64,7662.69,1195.95,1,1,2025-09
1000180,2025-09-19,Office Supplies,West,Supplier D,WH-East,Express,6,42.82,11,50.14,6,0,44,11,300.84,256.92,43.92,0,0,2025-09
1004087,2025-09-19,Health & Beauty,West,Supplier E,WH-East,Standard,9,245.64,16,311.58,9,0,36,18,2804.22,2210.76,593.46,0,0,2025-09
1002747,2025-09-19,Electronics,West,Supplier E,WH-South,Standard,22,55.7,3,90.96,21,1,70,1,1910.16,1169.7,740.46,1,1,2025-09
1004058,2025-09-19,Home & Kitchen,South,Supplier B,WH-West,Standard,1,400.94,3,662.75,1,0,39,5,662.75,400.94,261.81,0,1,2025-09
1004624,2025-09-20,Home & Kitchen,North,Supplier A,WH-West,Standard,10,403.83,9,492.77,10,0,16,7,4927.7,4038.3,889.4,0,1,2025-09
1004006,2025-09-20,Electronics,South,Supplier B,WH-West,Standard,9,144.67,9,225.68,9,0,40,8,2031.12,1302.03,729.09,0,1,2025-09
1003063,2025-09-20,Apparel,West,Supplier A,WH-North,Standard,3,368.42,2,510.54,3,0,32,2,1531.62,1105.26,426.36,0,1,2025-09
1002472,2025-09-20,Apparel,North,Supplier D,WH-North,Standard,10,332.67,5,481.16,9,1,46,3,4330.44,2994.03,1336.41,1,1,2025-09
1001321,2025-09-20,Apparel,West,Supplier A,WH-South,Standard,15,110.11,17,159.02,15,0,73,17,2385.3,1651.65,733.65,0,0,2025-09
1002095,2025-09-20,Home & Kitchen,North,Supplier C,WH-East,Standard,4,294.89,16,483.96,4,0,26,14,1935.84,1179.56,756.28,0,0,2025-09
1002861,2025-09-20,Electronics,East,Supplier C,WH-North,Express,17,272.41,16,359.5,17,0,22,15,6111.5,4630.97,1480.53,0,0,2025-09
1003305,2025-09-20,Apparel,North,Supplier A,WH-North,Standard,4,422.45,16,556.66,4,0,67,18,2226.64,1689.8,536.84,0,0,2025-09
1005952,2025-09-20,Apparel,North,Supplier E,WH-South,Same Day,22,87.68,10,109.62,20,2,56,10,2192.4,1753.6,438.8,1,0,2025-09
1001430,2025-09-20,Apparel,South,Supplier B,WH-South,Express,16,336.77,4,586.01,15,1,10,3,8790.15,5051.55,3738.6,1,1,2025-09
1002641,2025-09-21,Apparel,South,Supplier B,WH-South,Standard,1,25.62,11,32.22,1,0,15,11,32.22,25.62,6.6,0,1,2025-09
1002775,2025-09-21,Health & Beauty,North,Supplier D,WH-North,Standard,24,162.26,17,275.04,23,1,19,16,6325.92,3731.98,2593.94,1,0,2025-09
1002294,2025-09-21,Electronics,West,Supplier C,WH-East,Standard,22,256.7,4,383.03,19,3,20,5,7277.57,4877.3,2400.27,1,1,2025-09
1005275,2025-09-21,Electronics,South,Supplier D,WH-West,Express,17,330.28,10,403.79,14,3,65,12,5653.06,4623.92,1029.14,1,0,2025-09
1001182,2025-09-21,Office Supplies,East,Supplier D,WH-East,Standard,19,216.64,6,348.26,18,1,41,6,6268.68,3899.52,2369.16,1,1,2025-09
1004524,2025-09-21,Electronics,East,Supplier E,WH-South,Standard,12,48.63,4,73.77,9,3,45,4,663.93,437.67,226.26,1,1,2025-09
1005963,2025-09-21,Apparel,East,Supplier A,WH-North,Standard,9,58.63,11,77.8,8,1,38,11,622.4,469.04,153.36,1,1,2025-09
1004639,2025-09-21,Electronics,South,Supplier D,WH-West,Standard,1,137.7,10,218.6,1,0,45,9,218.6,137.7,80.9,0,1,2025-09
1001945,2025-09-21,Apparel,West,Supplier A,WH-West,Standard,16,29.19,7,44.77,16,0,50,7,716.32,467.04,249.28,0,1,2025-09
1003611,2025-09-21,Health & Beauty,South,Supplier B,WH-North,Express,19,264.99,8,422.98,19,0,25,8,8036.62,5034.81,3001.81,0,0,2025-09
1005617,2025-09-21,Apparel,South,Supplier E,WH-West,Standard,19,401.09,4,491.42,19,0,36,2,9336.98,7620.71,1716.27,0,1,2025-09
1003843,2025-09-22,Home & Kitchen,North,Supplier A,WH-North,Standard,8,133.93,6,191.04,7,1,33,5,1337.28,937.51,399.77,1,1,2025-09
1002200,2025-09-22,Office Supplies,East,Supplier D,WH-North,Standard,4,376.72,14,564.39,3,1,34,16,1693.17,1130.16,563.01,1,0,2025-09
1000892,2025-09-22,Office Supplies,East,Supplier E,WH-North,Standard,18,160.9,10,250.21,16,2,42,9,4003.36,2574.4,1428.96,1,1,2025-09
1003652,2025-09-22,Apparel,North,Supplier E,WH-East,Standard,9,356.69,14,412.59,9,0,58,12,3713.31,3210.21,503.1,0,1,2025-09
1004954,2025-09-22,Electronics,South,Supplier B,WH-West,Standard,17,165.84,11,235.34,15,2,32,9,3530.1,2487.6,1042.5,1,1,2025-09
1004962,2025-09-22,Office Supplies,South,Supplier E,WH-West,Standard,7,121.13,14,140.66,6,1,59,14,843.96,726.78,117.18,1,0,2025-09
1002598,2025-09-22,Health & Beauty,South,Supplier C,WH-South,Standard,14,428.69,7,576.55,14,0,23,5,8071.7,6001.66,2070.04,0,1,2025-09
1001858,2025-09-22,Electronics,North,Supplier D,WH-East,Express,19,336.33,10,464.23,16,3,25,10,7427.68,5381.28,2046.4,1,0,2025-09
1002814,2025-09-23,Health & Beauty,North,Supplier C,WH-South,Same Day,13,325.16,17,523.8,13,0,25,18,6809.4,4227.08,2582.32,0,0,2025-09
1004631,2025-09-23,Office Supplies,East,Supplier D,WH-West,Standard,21,108.71,9,127.1,20,1,13,11,2542.0,2174.2,367.8,1,1,2025-09
1001284,2025-09-23,Electronics,West,Supplier D,WH-North,Express,1,392.41,17,616.61,1,0,40,18,616.61,392.41,224.2,0,0,2025-09
1001965,2025-09-23,Home & Kitchen,North,Supplier E,WH-East,Standard,16,419.58,16,574.43,16,0,36,17,9190.88,6713.28,2477.6,0,0,2025-09
1003608,2025-09-23,Apparel,South,Supplier D,WH-East,Standard,5,65.28,13,104.96,4,1,16,13,419.84,261.12,158.72,1,0,2025-09
1003135,2025-09-23,Apparel,South,Supplier D,WH-South,Standard,22,66.05,9,106.76,21,1,71,9,2241.96,1387.05,854.91,1,1,2025-09
1003696,2025-09-23,Apparel,East,Supplier D,WH-West,Standard,7,102.51,9,175.12,7,0,59,10,1225.84,717.57,508.27,0,1,2025-09
1002172,2025-09-24,Apparel,North,Supplier E,WH-South,Standard,2,397.88,4,643.24,2,0,30,4,1286.48,795.76,490.72,0,1,2025-09
1002684,2025-09-24,Apparel,North,Supplier B,WH-East,Standard,18,357.09,11,608.22,18,0,12,11,10947.96,6427.62,4520.34,0,1,2025-09
1002280,2025-09-24,Office Supplies,West,Supplier B,WH-West,Standard,7,122.06,15,207.28,6,1,78,15,1243.68,732.36,511.32,1,0,2025-09
1003674,2025-09-24,Health & Beauty,West,Supplier B,WH-North,Standard,20,44.49,17,58.92,19,1,33,16,1119.48,845.31,274.17,1,0,2025-09
1002299,2025-09-24,Home & Kitchen,North,Supplier B,WH-West,Standard,10,109.71,3,178.2,8,2,50,4,1425.6,877.68,547.92,1,1,2025-09
1003111,2025-09-24,Home & Kitchen,North,Supplier C,WH-East,Standard,3,239.83,4,283.41,3,0,31,2,850.23,719.49,130.74,0,1,2025-09
1000179,2025-09-24,Office Supplies,North,Supplier D,WH-West,Standard,24,296.99,6,460.21,20,4,57,6,9204.2,5939.8,3264.4,1,1,2025-09
1000592,2025-09-25,Office Supplies,West,Supplier A,WH-South,Standard,8,126.17,11,176.15,8,0,62,11,1409.2,1009.36,399.84,0,1,2025-09
1000610,2025-09-25,Apparel,West,Supplier B,WH-West,Express,5,348.43,10,431.92,5,0,40,12,2159.6,1742.15,417.45,0,0,2025-09
1000444,2025-09-25,Health & Beauty,South,Supplier E,WH-South,Standard,11,296.19,8,438.79,10,1,50,8,4387.9,2961.9,1426.0,1,1,2025-09
1004563,2025-09-25,Home & Kitchen,North,Supplier E,WH-East,Standard,22,377.51,17,597.75,21,1,57,16,12552.75,7927.71,4625.04,1,0,2025-09
1005970,2025-09-25,Home & Kitchen,East,Supplier C,WH-North,Standard,17,32.5,16,51.14,17,0,11,17,869.38,552.5,316.88,0,0,2025-09
1001335,2025-09-25,Apparel,East,Supplier E,WH-South,Standard,23,369.9,7,642.76,20,3,45,9,12855.2,7398.0,5457.2,1,1,2025-09
1000831,2025-09-25,Office Supplies,South,Supplier A,WH-East,Express,21,186.13,16,269.1,17,4,33,18,4574.7,3164.21,1410.49,1,0,2025-09
1005497,2025-09-25,Electronics,South,Supplier A,WH-East,Express,3,293.15,8,361.07,3,0,12,9,1083.21,879.45,203.76,0,0,2025-09
1003337,2025-09-25,Electronics,West,Supplier B,WH-West,Standard,3,160.88,6,231.26,3,0,74,5,693.78,482.64,211.14,0,1,2025-09
1001078,2025-09-26,Apparel,South,Supplier E,WH-West,Same Day,8,255.85,15,406.58,8,0,48,15,3252.64,2046.8,1205.84,0,0,2025-09
1001818,2025-09-26,Home & Kitchen,South,Supplier A,WH-East,Express,19,120.88,13,169.74,19,0,79,13,3225.06,2296.72,928.34,0,0,2025-09
1004672,2025-09-26,Apparel,West,Supplier A,WH-West,Standard,5,184.57,4,267.09,5,0,24,3,1335.45,922.85,412.6,0,1,2025-09
1001562,2025-09-26,Apparel,North,Supplier B,WH-West,Standard,4,83.43,14,138.48,4,0,71,15,553.92,333.72,220.2,0,0,2025-09
1004150,2025-09-26,Apparel,East,Supplier D,WH-North,Standard,21,284.02,5,417.35,21,0,69,5,8764.35,5964.42,2799.93,0,1,2025-09
1005775,2025-09-27,Health & Beauty,West,Supplier D,WH-West,Standard,15,395.77,15,580.86,15,0,30,17,8712.9,5936.55,2776.35,0,0,2025-09
1000429,2025-09-27,Electronics,West,Supplier D,WH-East,Standard,6,154.66,3,258.12,6,0,76,2,1548.72,927.96,620.76,0,1,2025-09
1003109,2025-09-27,Home & Kitchen,West,Supplier D,WH-North,Standard,12,380.84,2,505.79,10,2,66,1,5057.9,3808.4,1249.5,1,1,2025-09
1004311,2025-09-27,Health & Beauty,North,Supplier E,WH-West,Same Day,4,346.69,11,403.36,4,0,60,10,1613.44,1386.76,226.68,0,0,2025-09
1002221,2025-09-28,Electronics,West,Supplier B,WH-South,Standard,15,143.09,7,240.14,14,1,27,9,3361.96,2003.26,1358.7,1,1,2025-09
1002173,2025-09-28,Home & Kitchen,South,Supplier A,WH-North,Same Day,14,58.94,10,100.48,13,1,60,9,1306.24,766.22,540.02,1,0,2025-09
1001902,2025-09-28,Home & Kitchen,East,Supplier E,WH-North,Express,4,203.52,17,246.68,4,0,64,15,986.72,814.08,172.64,0,0,2025-09
1003132,2025-09-28,Apparel,South,Supplier E,WH-North,Same Day,15,291.99,6,424.29,14,1,44,6,5940.06,4087.86,1852.2,1,0,2025-09
1001040,2025-09-28,Office Supplies,North,Supplier D,WH-East,Same Day,14,317.55,4,505.03,12,2,44,5,6060.36,3810.6,2249.76,1,0,2025-09
1002893,2025-09-28,Home & Kitchen,East,Supplier B,WH-West,Standard,7,52.81,14,68.83,7,0,33,13,481.81,369.67,112.14,0,0,2025-09
1003448,2025-09-28,Home & Kitchen,East,Supplier C,WH-North,Standard,11,316.26,16,455.4,10,1,61,16,4554.0,3162.6,1391.4,1,0,2025-09
1004995,2025-09-28,Home & Kitchen,North,Supplier D,WH-West,Standard,17,319.07,16,511.15,15,2,24,16,7667.25,4786.05,2881.2,1,0,2025-09
1004559,2025-09-29,Health & Beauty,South,Supplier A,WH-South,Same Day,16,406.17,2,593.45,15,1,28,3,8901.75,6092.55,2809.2,1,0,2025-09
1002008,2025-09-29,Apparel,South,Supplier E,WH-North,Standard,11,161.5,12,256.47,9,2,70,12,2308.23,1453.5,854.73,1,1,2025-09
1000220,2025-09-29,Electronics,East,Supplier E,WH-East,Standard,8,192.45,9,256.94,8,0,58,11,2055.52,1539.6,515.92,0,1,2025-09
1003805,2025-09-29,Electronics,South,Supplier D,WH-North,Standard,15,118.11,3,206.01,14,1,55,3,2884.14,1653.54,1230.6,1,1,2025-09
1000643,2025-09-29,Office Supplies,West,Supplier C,WH-West,Express,13,239.23,13,385.0,12,1,27,13,4620.0,2870.76,1749.24,1,0,2025-09
1002791,2025-09-29,Home & Kitchen,West,Supplier C,WH-West,Express,6,442.59,2,755.0,5,1,74,1,3775.0,2212.95,1562.05,1,1,2025-09
1004168,2025-09-29,Electronics,North,Supplier A,WH-North,Express,17,139.63,12,171.94,17,0,18,10,2922.98,2373.71,549.27,0,0,2025-09
1002606,2025-09-29,Home & Kitchen,West,Supplier A,WH-East,Same Day,15,26.31,17,38.0,11,4,19,17,418.0,289.41,128.59,1,0,2025-09
1003419,2025-09-29,Office Supplies,East,Supplier D,WH-East,Standard,21,372.48,11,626.42,19,2,17,12,11901.98,7077.12,4824.86,1,1,2025-09
1004979,2025-09-29,Office Supplies,North,Supplier A,WH-South,Same Day,11,86.29,11,134.9,10,1,14,11,1349.0,862.9,486.1,1,0,2025-09
1000447,2025-09-29,Electronics,West,Supplier C,WH-North,Standard,21,322.19,8,390.34,21,0,20,6,8197.14,6765.99,1431.15,0,1,2025-09
1005667,2025-09-29,Office Supplies,West,Supplier A,WH-West,Standard,6,311.28,12,459.1,4,2,77,12,1836.4,1245.12,591.28,1,1,2025-09
1000374,2025-09-30,Electronics,East,Supplier D,WH-East,Standard,22,176.77,6,305.06,21,1,57,6,6406.26,3712.17,2694.09,1,1,2025-09
1004424,2025-09-30,Home & Kitchen,North,Supplier D,WH-East,Standard,6,285.39,5,337.87,6,0,18,5,2027.22,1712.34,314.88,0,1,2025-09
1005805,2025-09-30,Health & Beauty,South,Supplier E,WH-South,Standard,16,339.64,16,444.98,16,0,73,16,7119.68,5434.24,1685.44,0,0,2025-09
1000869,2025-09-30,Health & Beauty,South,Supplier E,WH-West,Express,10,441.57,6,658.85,8,2,53,4,5270.8,3532.56,1738.24,1,1,2025-09
1005562,2025-09-30,Health & Beauty,East,Supplier C,WH-North,Express,5,295.2,11,494.68,4,1,73,13,1978.72,1180.8,797.92,1,0,2025-09
1002833,2025-09-30,Apparel,South,Supplier E,WH-South,Express,4,363.6,3,545.93,4,0,64,1,2183.72,1454.4,729.32,0,1,2025-09
1003655,2025-09-30,Office Supplies,East,Supplier C,WH-North,Standard,22,102.15,17,141.05,21,1,47,18,2962.05,2145.15,816.9,1,0,2025-09
1003279,2025-09-30,Home & Kitchen,South,Supplier D,WH-West,Standard,15,165.59,9,283.13,13,2,18,9,3680.69,2152.67,1528.02,1,1,2025-09
1005121,2025-09-30,Electronics,East,Supplier E,WH-South,Standard,9,45.54,12,78.91,9,0,46,10,710.19,409.86,300.33,0,1,2025-09
1002991,2025-10-01,Home & Kitchen,West,Supplier C,WH-North,Express,24,380.89,12,494.36,22,2,76,12,10875.92,8379.58,2496.34,1,0,2025-10
1000314,2025-10-01,Office Supplies,South,Supplier D,WH-South,Express,10,190.0,5,310.48,9,1,31,5,2794.32,1710.0,1084.32,1,1,2025-10
1004934,2025-10-01,Electronics,East,Supplier A,WH-North,Standard,20,24.37,3,35.89,19,1,11,5,681.91,463.03,218.88,1,1,2025-10
1003053,2025-10-01,Office Supplies,North,Supplier E,WH-West,Standard,8,110.13,10,144.76,8,0,60,10,1158.08,881.04,277.04,0,1,2025-10
1000255,2025-10-01,Home & Kitchen,North,Supplier C,WH-North,Standard,23,162.43,7,259.02,22,1,43,6,5698.44,3573.46,2124.98,1,1,2025-10
1004604,2025-10-01,Home & Kitchen,South,Supplier D,WH-East,Standard,4,197.24,4,329.61,2,2,17,3,659.22,394.48,264.74,1,1,2025-10
1000169,2025-10-01,Home & Kitchen,East,Supplier D,WH-West,Standard,9,362.52,2,508.99,9,0,22,1,4580.91,3262.68,1318.23,0,1,2025-10
1001161,2025-10-01,Office Supplies,South,Supplier C,WH-East,Express,6,41.77,4,63.14,5,1,21,4,315.7,208.85,106.85,1,1,2025-10
1000258,2025-10-02,Office Supplies,West,Supplier C,WH-South,Standard,10,288.95,17,447.1,9,1,60,17,4023.9,2600.55,1423.35,1,0,2025-10
1005867,2025-10-02,Electronics,North,Supplier D,WH-West,Standard,22,144.2,9,224.25,22,0,75,9,4933.5,3172.4,1761.1,0,1,2025-10
1000442,2025-10-02,Home & Kitchen,East,Supplier A,WH-West,Express,3,436.81,17,707.23,3,0,32,16,2121.69,1310.43,811.26,0,0,2025-10
1002793,2025-10-02,Home & Kitchen,East,Supplier D,WH-East,Standard,3,294.34,17,396.43,3,0,18,18,1189.29,883.02,306.27,0,0,2025-10
1002071,2025-10-02,Electronics,South,Supplier E,WH-North,Standard,13,289.08,14,477.35,11,2,78,12,5250.85,3179.88,2070.97,1,1,2025-10
1001378,2025-10-02,Health & Beauty,West,Supplier A,WH-East,Standard,6,428.25,12,500.12,3,3,32,12,1500.36,1284.75,215.61,1,1,2025-10
1000214,2025-10-03,Health & Beauty,North,Supplier B,WH-East,Express,23,141.6,12,164.85,21,2,39,10,3461.85,2973.6,488.25,1,0,2025-10
1005007,2025-10-03,Apparel,East,Supplier B,WH-South,Standard,9,85.54,11,138.45,8,1,38,9,1107.6,684.32,423.28,1,1,2025-10
1000996,2025-10-03,Health & Beauty,West,Supplier A,WH-West,Standard,21,139.18,17,201.85,18,3,34,16,3633.3,2505.24,1128.06,1,0,2025-10
1001973,2025-10-03,Home & Kitchen,East,Supplier B,WH-North,Standard,18,396.53,15,543.97,17,1,16,13,9247.49,6741.01,2506.48,1,0,2025-10
1005598,2025-10-03,Office Supplies,West,Supplier E,WH-West,Express,19,50.13,17,60.28,18,1,22,16,1085.04,902.34,182.7,1,0,2025-10
1002399,2025-10-03,Home & Kitchen,West,Supplier B,WH-East,Standard,24,244.05,2,372.13,21,3,18,1,7814.73,5125.05,2689.68,1,1,2025-10
1002245,2025-10-03,Home & Kitchen,North,Supplier D,WH-South,Express,20,310.68,3,435.24,20,0,39,3,8704.8,6213.6,2491.2,0,1,2025-10
1005088,2025-10-04,Electronics,South,Supplier B,WH-East,Express,20,315.64,2,467.67,16,4,17,1,7482.72,5050.24,2432.48,1,1,2025-10
1000132,2025-10-04,Home & Kitchen,South,Supplier D,WH-South,Express,1,214.82,11,287.28,1,0,22,11,287.28,214.82,72.46,0,0,2025-10
1001870,2025-10-04,Home & Kitchen,East,Supplier C,WH-South,Standard,14,252.29,3,309.86,12,2,21,3,3718.32,3027.48,690.84,1,1,2025-10
1001904,2025-10-04,Office Supplies,North,Supplier B,WH-West,Standard,15,400.09,10,560.79,15,0,41,11,8411.85,6001.35,2410.5,0,1,2025-10
1001218,2025-10-04,Apparel,West,Supplier A,WH-West,Standard,14,65.99,10,102.13,14,0,62,10,1429.82,923.86,505.96,0,1,2025-10
1004919,2025-10-04,Electronics,North,Supplier B,WH-East,Standard,5,257.13,15,396.05,4,1,30,17,1584.2,1028.52,555.68,1,0,2025-10
1004680,2025-10-05,Apparel,South,Supplier E,WH-South,Express,11,276.52,5,456.43,10,1,10,3,4564.3,2765.2,1799.1,1,1,2025-10
1002061,2025-10-05,Home & Kitchen,North,Supplier E,WH-South,Same Day,12,344.83,5,587.75,10,2,22,4,5877.5,3448.3,2429.2,1,0,2025-10
1003826,2025-10-05,Electronics,East,Supplier E,WH-South,Standard,7,239.09,2,353.76,7,0,57,1,2476.32,1673.63,802.69,0,1,2025-10
1004387,2025-10-05,Apparel,South,Supplier E,WH-North,Standard,16,332.07,4,491.1,16,0,78,4,7857.6,5313.12,2544.48,0,1,2025-10
1001215,2025-10-05,Home & Kitchen,East,Supplier B,WH-North,Standard,4,407.92,7,682.58,4,0,10,8,2730.32,1631.68,1098.64,0,1,2025-10
1002138,2025-10-05,Apparel,North,Supplier D,WH-East,Same Day,1,69.84,5,105.54,1,0,26,5,105.54,69.84,35.7,0,0,2025-10
1004888,2025-10-06,Office Supplies,East,Supplier A,WH-West,Same Day,14,367.85,7,444.34,11,3,26,9,4887.74,4046.35,841.39,1,0,2025-10
1000744,2025-10-06,Apparel,North,Supplier A,WH-South,Standard,22,113.97,15,150.46,21,1,52,17,3159.66,2393.37,766.29,1,0,2025-10
1002998,2025-10-06,Apparel,East,Supplier D,WH-West,Standard,14,172.68,15,275.53,12,2,44,15,3306.36,2072.16,1234.2,1,0,2025-10
1004483,2025-10-06,Apparel,South,Supplier C,WH-North,Standard,8,146.72,8,197.5,7,1,15,8,1382.5,1027.04,355.46,1,1,2025-10
1000970,2025-10-06,Office Supplies,North,Supplier C,WH-South,Express,19,194.71,5,244.5,16,3,39,6,3912.0,3115.36,796.64,1,0,2025-10
1004052,2025-10-06,Home & Kitchen,East,Supplier E,WH-South,Express,2,110.23,11,192.7,2,0,20,9,385.4,220.46,164.94,0,0,2025-10
1002526,2025-10-06,Home & Kitchen,West,Supplier A,WH-North,Standard,11,427.18,11,496.03,10,1,48,9,4960.3,4271.8,688.5,1,1,2025-10
1002441,2025-10-06,Health & Beauty,West,Supplier E,WH-East,Standard,17,137.91,4,208.83,16,1,63,4,3341.28,2206.56,1134.72,1,1,2025-10
1003844,2025-10-06,Electronics,North,Supplier C,WH-North,Express,11,67.97,15,84.1,11,0,11,14,925.1,747.67,177.43,0,0,2025-10
1005856,2025-10-06,Electronics,West,Supplier C,WH-East,Express,15,188.65,10,280.34,14,1,79,11,3924.76,2641.1,1283.66,1,0,2025-10
1000841,2025-10-06,Office Supplies,West,Supplier B,WH-North,Standard,22,86.84,11,136.0,19,3,55,11,2584.0,1649.96,934.04,1,1,2025-10
1000163,2025-10-07,Electronics,West,Supplier B,WH-West,Express,23,161.0,8,273.16,21,2,53,8,5736.36,3381.0,2355.36,1,0,2025-10
1001053,2025-10-07,Health & Beauty,North,Supplier A,WH-West,Standard,5,50.02,7,68.4,4,1,29,9,273.6,200.08,73.52,1,1,2025-10
1001325,2025-10-07,Health & Beauty,East,Supplier C,WH-West,Express,23,420.1,13,652.69,22,1,56,13,14359.18,9242.2,5116.98,1,0,2025-10
1001691,2025-10-07,Electronics,West,Supplier A,WH-West,Express,15,260.78,13,313.08,14,1,78,13,4383.12,3650.92,732.2,1,0,2025-10
1000957,2025-10-07,Home & Kitchen,West,Supplier C,WH-North,Express,18,263.51,4,379.18,16,2,12,4,6066.88,4216.16,1850.72,1,1,2025-10
1004551,2025-10-07,Home & Kitchen,North,Supplier C,WH-East,Standard,7,79.29,14,124.91,7,0,58,14,874.37,555.03,319.34,0,0,2025-10
1003007,2025-10-07,Electronics,East,Supplier C,WH-West,Express,19,308.52,11,406.39,17,2,15,11,6908.63,5244.84,1663.79,1,0,2025-10
1003073,2025-10-07,Health & Beauty,West,Supplier A,WH-East,Same Day,20,346.64,11,537.78,19,1,73,13,10217.82,6586.16,3631.66,1,0,2025-10
1003412,2025-10-07,Health & Beauty,North,Supplier C,WH-South,Express,11,298.67,12,489.44,8,3,12,11,3915.52,2389.36,1526.16,1,0,2025-10
1003812,2025-10-08,Office Supplies,South,Supplier C,WH-North,Standard,10,378.47,15,495.75,8,2,56,17,3966.0,3027.76,938.24,1,0,2025-10
1003551,2025-10-08,Home & Kitchen,East,Supplier C,WH-North,Express,8,365.72,7,438.7,8,0,16,7,3509.6,2925.76,583.84,0,0,2025-10
1000047,2025-10-08,Electronics,West,Supplier E,WH-East,Express,16,427.4,5,648.24,15,1,70,4,9723.6,6411.0,3312.6,1,1,2025-10
1002610,2025-10-08,Home & Kitchen,North,Supplier C,WH-East,Express,16,276.19,6,455.3,14,2,29,6,6374.2,3866.66,2507.54,1,0,2025-10
1003560,2025-10-09,Office Supplies,East,Supplier C,WH-East,Standard,23,304.69,3,516.72,20,3,12,5,10334.4,6093.8,4240.6,1,1,2025-10
1002285,2025-10-09,Apparel,East,Supplier E,WH-South,Standard,6,14.86,11,23.22,5,1,25,10,116.1,74.3,41.8,1,1,2025-10
1000699,2025-10-09,Office Supplies,North,Supplier C,WH-North,Standard,6,170.18,5,274.15,6,0,52,6,1644.9,1021.08,623.82,0,1,2025-10
1001086,2025-10-09,Apparel,West,Supplier C,WH-East,Standard,5,323.56,11,558.14,3,2,48,12,1674.42,970.68,703.74,1,1,2025-10
1000617,2025-10-09,Electronics,South,Supplier B,WH-North,Express,20,364.24,13,633.39,20,0,46,11,12667.8,7284.8,5383.0,0,0,2025-10
1002130,2025-10-09,Electronics,South,Supplier B,WH-East,Standard,7,110.12,6,166.89,7,0,39,4,1168.23,770.84,397.39,0,1,2025-10
1000103,2025-10-09,Office Supplies,West,Supplier B,WH-South,Standard,14,328.51,13,521.58,13,1,51,11,6780.54,4270.63,2509.91,1,1,2025-10
1003206,2025-10-09,Home & Kitchen,East,Supplier D,WH-East,Standard,5,269.64,10,336.32,5,0,66,10,1681.6,1348.2,333.4,0,1,2025-10
1002239,2025-10-09,Apparel,South,Supplier E,WH-East,Express,17,150.59,12,197.43,16,1,20,14,3158.88,2409.44,749.44,1,0,2025-10
1002554,2025-10-09,Health & Beauty,West,Supplier A,WH-West,Standard,22,346.68,10,419.09,22,0,72,8,9219.98,7626.96,1593.02,0,1,2025-10
1004656,2025-10-09,Electronics,North,Supplier D,WH-West,Standard,9,19.89,17,23.93,8,1,40,18,191.44,159.12,32.32,1,0,2025-10
1002031,2025-10-09,Apparel,South,Supplier D,WH-West,Express,9,269.38,7,425.11,8,1,45,7,3400.88,2155.04,1245.84,1,0,2025-10
1004446,2025-10-10,Office Supplies,East,Supplier B,WH-South,Standard,9,37.87,10,49.62,7,2,70,10,347.34,265.09,82.25,1,1,2025-10
1001564,2025-10-10,Electronics,West,Supplier A,WH-West,Standard,20,437.54,11,715.66,20,0,71,11,14313.2,8750.8,5562.4,0,1,2025-10
1005175,2025-10-10,Electronics,East,Supplier C,WH-West,Standard,18,174.61,10,303.22,18,0,26,8,5457.96,3142.98,2314.98,0,1,2025-10
1000186,2025-10-10,Home & Kitchen,South,Supplier A,WH-West,Standard,6,21.09,11,29.27,6,0,51,10,175.62,126.54,49.08,0,1,2025-10
1002976,2025-10-10,Health & Beauty,West,Supplier A,WH-East,Express,23,358.29,12,626.1,22,1,54,12,13774.2,7882.38,5891.82,1,0,2025-10
1005673,2025-10-10,Office Supplies,South,Supplier E,WH-East,Standard,13,209.22,14,307.33,13,0,19,15,3995.29,2719.86,1275.43,0,0,2025-10
1003731,2025-10-10,Health & Beauty,South,Supplier B,WH-North,Standard,1,378.57,6,466.49,1,0,77,5,466.49,378.57,87.92,0,1,2025-10
1000992,2025-10-11,Home & Kitchen,West,Supplier E,WH-West,Standard,6,195.6,3,257.64,4,2,56,4,1030.56,782.4,248.16,1,1,2025-10
1003760,2025-10-11,Home & Kitchen,North,Supplier C,WH-West,Standard,13,8.49,4,14.13,13,0,26,4,183.69,110.37,73.32,0,1,2025-10
1002451,2025-10-11,Electronics,South,Supplier B,WH-East,Standard,11,72.9,10,127.06,11,0,48,8,1397.66,801.9,595.76,0,1,2025-10
1004098,2025-10-11,Home & Kitchen,South,Supplier A,WH-West,Standard,17,219.74,10,298.08,17,0,51,10,5067.36,3735.58,1331.78,0,1,2025-10
1004421,2025-10-11,Apparel,South,Supplier C,WH-West,Standard,20,49.03,6,70.04,19,1,12,8,1330.76,931.57,399.19,1,1,2025-10
1004745,2025-10-11,Electronics,North,Supplier A,WH-North,Express,16,333.32,2,513.82,14,2,78,2,7193.48,4666.48,2527.0,1,1,2025-10
1004564,2025-10-11,Office Supplies,North,Supplier B,WH-East,Express,18,387.93,16,464.36,16,2,45,17,7429.76,6206.88,1222.88,1,0,2025-10
1004990,2025-10-11,Electronics,West,Supplier B,WH-North,Standard,16,127.46,14,202.83,15,1,11,12,3042.45,1911.9,1130.55,1,1,2025-10
1002209,2025-10-11,Apparel,North,Supplier B,WH-South,Standard,24,362.52,3,519.12,24,0,50,1,12458.88,8700.48,3758.4,0,1,2025-10
1004367,2025-10-11,Electronics,North,Supplier D,WH-West,Standard,3,442.8,9,700.08,2,1,71,9,1400.16,885.6,514.56,1,1,2025-10
1002900,2025-10-11,Home & Kitchen,North,Supplier B,WH-East,Standard,21,89.23,13,149.01,20,1,75,13,2980.2,1784.6,1195.6,1,0,2025-10
1002532,2025-10-12,Home & Kitchen,West,Supplier A,WH-East,Express,17,48.05,17,61.37,16,1,11,17,981.92,768.8,213.12,1,0,2025-10
1004141,2025-10-12,Apparel,East,Supplier A,WH-South,Express,1,257.38,17,371.16,1,0,15,15,371.16,257.38,113.78,0,0,2025-10
1004863,2025-10-12,Office Supplies,East,Supplier D,WH-East,Express,13,271.97,12,330.16,12,1,42,11,3961.92,3263.64,698.28,1,0,2025-10
1003673,2025-10-12,Home & Kitchen,South,Supplier C,WH-East,Standard,9,124.84,17,178.53,8,1,42,19,1428.24,998.72,429.52,1,0,2025-10
1004039,2025-10-12,Electronics,West,Supplier E,WH-East,Express,14,143.6,8,245.66,11,3,68,8,2702.26,1579.6,1122.66,1,0,2025-10
1005516,2025-10-12,Electronics,East,Supplier C,WH-East,Express,1,153.0,12,229.2,1,0,73,14,229.2,153.0,76.2,0,0,2025-10
1003039,2025-10-12,Home & Kitchen,West,Supplier A,WH-North,Standard,9,266.96,11,356.28,8,1,43,12,2850.24,2135.68,714.56,1,1,2025-10
1004812,2025-10-13,Apparel,North,Supplier A,WH-South,Standard,14,439.69,3,612.2,11,3,66,2,6734.2,4836.59,1897.61,1,1,2025-10
1003711,2025-10-13,Health & Beauty,West,Supplier A,WH-West,Standard,18,229.08,16,318.92,18,0,69,18,5740.56,4123.44,1617.12,0,0,2025-10
1005950,2025-10-13,Health & Beauty,East,Supplier D,WH-West,Standard,2,44.04,5,66.77,2,0,59,6,133.54,88.08,45.46,0,1,2025-10
1000272,2025-10-13,Office Supplies,North,Supplier E,WH-North,Express,5,189.58,5,282.13,4,1,41,4,1128.52,758.32,370.2,1,1,2025-10
1002570,2025-10-13,Health & Beauty,North,Supplier B,WH-North,Standard,11,236.24,13,305.91,11,0,49,15,3365.01,2598.64,766.37,0,0,2025-10
1000641,2025-10-14,Electronics,North,Supplier D,WH-West,Express,24,322.84,5,417.03,23,1,35,3,9591.69,7425.32,2166.37,1,1,2025-10
1000606,2025-10-14,Office Supplies,East,Supplier D,WH-North,Standard,24,279.62,2,360.71,21,3,28,2,7574.91,5872.02,1702.89,1,1,2025-10
1005649,2025-10-14,Apparel,South,Supplier E,WH-East,Same Day,22,322.3,3,506.48,20,2,67,2,10129.6,6446.0,3683.6,1,1,2025-10
1005399,2025-10-14,Home & Kitchen,West,Supplier E,WH-West,Same Day,13,173.73,4,254.33,11,2,37,2,2797.63,1911.03,886.6,1,1,2025-10
1003219,2025-10-14,Electronics,West,Supplier E,WH-North,Standard,9,272.13,2,433.4,9,0,27,2,3900.6,2449.17,1451.43,0,1,2025-10
1003991,2025-10-14,Health & Beauty,North,Supplier C,WH-East,Standard,9,263.07,9,395.03,7,2,57,10,2765.21,1841.49,923.72,1,1,2025-10
1002382,2025-10-14,Home & Kitchen,West,Supplier E,WH-South,Standard,8,168.24,8,208.62,8,0,39,8,1668.96,1345.92,323.04,0,1,2025-10
1002370,2025-10-14,Health & Beauty,North,Supplier E,WH-East,Express,24,213.3,3,250.85,23,1,14,5,5769.55,4905.9,863.65,1,1,2025-10
1004538,2025-10-14,Home & Kitchen,West,Supplier C,WH-East,Standard,16,282.23,15,448.32,14,2,25,17,6276.48,3951.22,2325.26,1,0,2025-10
1005906,2025-10-14,Home & Kitchen,East,Supplier A,WH-North,Express,20,131.47,2,181.97,19,1,79,4,3457.43,2497.93,959.5,1,1,2025-10
1002038,2025-10-15,Electronics,South,Supplier A,WH-North,Standard,12,122.84,11,208.45,11,1,76,13,2292.95,1351.24,941.71,1,0,2025-10
1002310,2025-10-15,Office Supplies,North,Supplier A,WH-East,Standard,9,127.27,5,197.93,8,1,20,6,1583.44,1018.16,565.28,1,1,2025-10
1004905,2025-10-15,Electronics,North,Supplier B,WH-East,Standard,1,404.38,3,539.97,1,0,66,5,539.97,404.38,135.59,0,1,2025-10
1005269,2025-10-15,Electronics,West,Supplier B,WH-East,Standard,23,299.0,16,413.32,19,4,63,17,7853.08,5681.0,2172.08,1,0,2025-10
1000982,2025-10-15,Office Supplies,South,Supplier A,WH-North,Standard,23,292.87,11,451.31,21,2,40,10,9477.51,6150.27,3327.24,1,1,2025-10
1003124,2025-10-15,Electronics,South,Supplier A,WH-East,Express,24,417.61,13,666.32,23,1,65,13,15325.36,9605.03,5720.33,1,0,2025-10
1000395,2025-10-15,Home & Kitchen,North,Supplier D,WH-East,Standard,11,193.28,4,316.02,9,2,11,3,2844.18,1739.52,1104.66,1,1,2025-10
1003065,2025-10-15,Electronics,East,Supplier D,WH-West,Standard,8,93.55,8,129.56,7,1,63,8,906.92,654.85,252.07,1,1,2025-10
1004822,2025-10-16,Office Supplies,West,Supplier E,WH-South,Standard,6,372.61,14,489.51,6,0,37,16,2937.06,2235.66,701.4,0,0,2025-10
1001417,2025-10-16,Office Supplies,North,Supplier D,WH-North,Standard,7,28.0,15,46.85,7,0,65,15,327.95,196.0,131.95,0,0,2025-10
1002839,2025-10-16,Health & Beauty,North,Supplier D,WH-West,Standard,22,315.22,14,543.26,20,2,73,16,10865.2,6304.4,4560.8,1,0,2025-10
1002076,2025-10-16,Apparel,South,Supplier D,WH-North,Express,4,163.51,9,251.19,4,0,54,8,1004.76,654.04,350.72,0,0,2025-10
1002913,2025-10-16,Apparel,South,Supplier E,WH-West,Express,17,135.14,8,220.7,13,4,43,8,2869.1,1756.82,1112.28,1,0,2025-10
1003289,2025-10-16,Health & Beauty,West,Supplier E,WH-West,Standard,10,180.08,5,292.93,8,2,35,7,2343.44,1440.64,902.8,1,1,2025-10
1005411,2025-10-16,Home & Kitchen,North,Supplier E,WH-East,Express,2,427.21,4,670.82,2,0,68,2,1341.64,854.42,487.22,0,1,2025-10
1002204,2025-10-16,Home & Kitchen,North,Supplier D,WH-East,Standard,9,97.44,17,126.71,9,0,61,19,1140.39,876.96,263.43,0,0,2025-10
1000150,2025-10-16,Home & Kitchen,South,Supplier E,WH-East,Standard,24,333.82,16,552.88,23,1,77,16,12716.24,7677.86,5038.38,1,0,2025-10
1004898,2025-10-16,Health & Beauty,East,Supplier B,WH-East,Express,9,128.23,2,223.2,9,0,35,4,2008.8,1154.07,854.73,0,1,2025-10
1000686,2025-10-17,Apparel,South,Supplier E,WH-West,Standard,5,418.04,5,719.62,5,0,60,5,3598.1,2090.2,1507.9,0,1,2025-10
1005732,2025-10-17,Electronics,South,Supplier E,WH-East,Express,15,74.63,13,90.67,15,0,40,15,1360.05,1119.45,240.6,0,0,2025-10
1000426,2025-10-17,Electronics,West,Supplier D,WH-South,Standard,12,368.71,11,556.9,12,0,21,11,6682.8,4424.52,2258.28,0,1,2025-10
1000461,2025-10-17,Electronics,East,Supplier A,WH-West,Standard,2,391.67,8,580.94,2,0,66,9,1161.88,783.34,378.54,0,1,2025-10
1002287,2025-10-17,Home & Kitchen,North,Supplier C,WH-South,Standard,8,259.71,15,431.93,8,0,76,15,3455.44,2077.68,1377.76,0,0,2025-10
1003594,2025-10-17,Apparel,North,Supplier B,WH-East,Same Day,19,276.82,8,355.48,17,2,22,9,6043.16,4705.94,1337.22,1,0,2025-10
1005587,2025-10-17,Health & Beauty,East,Supplier D,WH-West,Same Day,22,271.78,10,462.86,19,3,56,9,8794.34,5163.82,3630.52,1,0,2025-10
1002655,2025-10-17,Electronics,South,Supplier D,WH-South,Standard,24,257.54,16,428.91,22,2,69,16,9436.02,5665.88,3770.14,1,0,2025-10
1005400,2025-10-18,Office Supplies,South,Supplier B,WH-East,Standard,24,133.72,2,162.81,22,2,29,2,3581.82,2941.84,639.98,1,1,2025-10
1003590,2025-10-18,Office Supplies,South,Supplier B,WH-East,Express,19,242.5,5,384.87,19,0,38,4,7312.53,4607.5,2705.03,0,1,2025-10
1004376,2025-10-18,Home & Kitchen,South,Supplier E,WH-East,Standard,17,80.1,2,97.01,17,0,31,3,1649.17,1361.7,287.47,0,1,2025-10
1002283,2025-10-18,Apparel,South,Supplier A,WH-East,Standard,18,126.42,11,202.88,15,3,23,10,3043.2,1896.3,1146.9,1,1,2025-10
1003463,2025-10-18,Home & Kitchen,South,Supplier C,WH-West,Standard,4,82.08,2,109.14,2,2,47,3,218.28,164.16,54.12,1,1,2025-10
1000433,2025-10-18,Electronics,North,Supplier E,WH-North,Standard,15,441.37,4,535.87,15,0,55,6,8038.05,6620.55,1417.5,0,1,2025-10
1001737,2025-10-18,Office Supplies,South,Supplier C,WH-East,Standard,22,87.01,16,131.62,21,1,38,14,2764.02,1827.21,936.81,1,0,2025-10
1000622,2025-10-18,Home & Kitchen,South,Supplier B,WH-South,Express,22,304.66,4,464.12,20,2,65,4,9282.4,6093.2,3189.2,1,1,2025-10
1003276,2025-10-19,Home & Kitchen,North,Supplier E,WH-South,Standard,1,383.26,11,527.9,1,0,46,10,527.9,383.26,144.64,0,1,2025-10
1003331,2025-10-19,Health & Beauty,South,Supplier B,WH-West,Same Day,20,121.31,5,142.44,17,3,14,4,2421.48,2062.27,359.21,1,0,2025-10
1002385,2025-10-19,Health & Beauty,West,Supplier E,WH-East,Express,10,198.18,15,276.08,10,0,11,15,2760.8,1981.8,779.0,0,0,2025-10
1005486,2025-10-19,Apparel,East,Supplier C,WH-South,Standard,7,341.77,15,419.37,5,2,56,15,2096.85,1708.85,388.0,1,0,2025-10
1004756,2025-10-19,Apparel,West,Supplier C,WH-East,Standard,23,62.66,17,74.26,22,1,41,19,1633.72,1378.52,255.2,1,0,2025-10
1002218,2025-10-19,Home & Kitchen,South,Supplier E,WH-East,Standard,3,147.49,16,227.03,2,1,16,16,454.06,294.98,159.08,1,0,2025-10
1005792,2025-10-19,Home & Kitchen,West,Supplier A,WH-North,Standard,4,69.29,17,118.32,2,2,12,18,236.64,138.58,98.06,1,0,2025-10
1000597,2025-10-19,Apparel,East,Supplier B,WH-West,Standard,8,89.12,3,131.56,5,3,11,3,657.8,445.6,212.2,1,1,2025-10
1004651,2025-10-19,Apparel,North,Supplier A,WH-West,Standard,18,41.85,14,50.91,15,3,70,14,763.65,627.75,135.9,1,0,2025-10
1002135,2025-10-19,Health & Beauty,West,Supplier E,WH-West,Standard,24,172.0,4,285.59,21,3,33,3,5997.39,3612.0,2385.39,1,1,2025-10
1003721,2025-10-19,Office Supplies,South,Supplier C,WH-East,Standard,18,368.76,15,538.84,16,2,48,14,8621.44,5900.16,2721.28,1,0,2025-10
1000335,2025-10-20,Electronics,West,Supplier A,WH-South,Standard,4,205.82,15,353.51,4,0,70,14,1414.04,823.28,590.76,0,0,2025-10
1000432,2025-10-20,Electronics,East,Supplier D,WH-South,Express,23,21.37,17,25.98,22,1,35,17,571.56,470.14,101.42,1,0,2025-10
1000279,2025-10-20,Office Supplies,North,Supplier A,WH-East,Standard,9,345.06,12,580.12,9,0,60,10,5221.08,3105.54,2115.54,0,1,2025-10
1003466,2025-10-20,Apparel,East,Supplier C,WH-North,Standard,8,73.3,15,98.83,8,0,36,15,790.64,586.4,204.24,0,0,2025-10
1000672,2025-10-20,Health & Beauty,North,Supplier D,WH-West,Standard,1,290.73,16,476.2,1,0,15,17,476.2,290.73,185.47,0,0,2025-10
1000486,2025-10-20,Home & Kitchen,East,Supplier E,WH-West,Standard,13,59.66,7,84.01,12,1,62,9,1008.12,715.92,292.2,1,1,2025-10
1001720,2025-10-20,Office Supplies,North,Supplier E,WH-East,Standard,6,378.85,2,616.42,6,0,46,2,3698.52,2273.1,1425.42,0,1,2025-10
1004644,2025-10-20,Electronics,West,Supplier A,WH-East,Standard,4,62.83,10,82.8,3,1,42,10,248.4,188.49,59.91,1,1,2025-10
1003283,2025-10-20,Electronics,East,Supplier E,WH-West,Express,1,304.28,2,410.2,0,1,21,3,0.0,0.0,0.0,1,1,2025-10
1004216,2025-10-20,Home & Kitchen,North,Supplier C,WH-South,Standard,1,11.5,6,15.77,1,0,26,6,15.77,11.5,4.27,0,1,2025-10
1003087,2025-10-20,Office Supplies,West,Supplier B,WH-North,Standard,20,431.63,13,713.15,17,3,56,12,12123.55,7337.71,4785.84,1,1,2025-10
1003174,2025-10-20,Electronics,West,Supplier A,WH-West,Standard,4,274.01,2,328.19,3,1,53,2,984.57,822.03,162.54,1,1,2025-10
1003677,2025-10-20,Office Supplies,South,Supplier D,WH-West,Express,7,339.78,6,425.59,6,1,30,6,2553.54,2038.68,514.86,1,0,2025-10
1003246,2025-10-20,Electronics,West,Supplier A,WH-West,Standard,20,123.36,4,151.02,19,1,45,3,2869.38,2343.84,525.54,1,1,2025-10
1000247,2025-10-21,Office Supplies,North,Supplier B,WH-South,Standard,9,112.62,11,168.85,8,1,35,12,1350.8,900.96,449.84,1,1,2025-10
1001524,2025-10-21,Electronics,North,Supplier E,WH-East,Express,21,390.59,3,601.6,19,2,61,3,11430.4,7421.21,4009.19,1,1,2025-10
1003636,2025-10-21,Home & Kitchen,East,Supplier C,WH-South,Standard,13,408.54,10,591.31,11,2,75,9,6504.41,4493.94,2010.47,1,1,2025-10
1004929,2025-10-21,Apparel,South,Supplier D,WH-South,Standard,6,322.19,6,541.66,5,1,75,8,2708.3,1610.95,1097.35,1,1,2025-10
1001798,2025-10-21,Health & Beauty,West,Supplier B,WH-East,Express,7,97.47,17,141.24,7,0,11,19,988.68,682.29,306.39,0,0,2025-10
1005640,2025-10-21,Health & Beauty,West,Supplier B,WH-West,Express,16,92.96,10,134.72,15,1,42,12,2020.8,1394.4,626.4,1,0,2025-10
1004222,2025-10-21,Electronics,East,Supplier B,WH-East,Express,24,420.78,5,512.19,20,4,55,6,10243.8,8415.6,1828.2,1,0,2025-10
1001099,2025-10-21,Electronics,North,Supplier B,WH-South,Standard,15,446.92,2,692.49,15,0,63,2,10387.35,6703.8,3683.55,0,1,2025-10
1000645,2025-10-21,Electronics,North,Supplier B,WH-West,Standard,23,219.5,6,261.27,22,1,75,8,5747.94,4829.0,918.94,1,1,2025-10
1005047,2025-10-21,Home & Kitchen,East,Supplier A,WH-South,Standard,6,375.11,17,539.74,5,1,39,17,2698.7,1875.55,823.15,1,0,2025-10
1003050,2025-10-21,Electronics,West,Supplier E,WH-South,Standard,17,32.98,10,57.47,17,0,71,10,976.99,560.66,416.33,0,1,2025-10
1002756,2025-10-21,Electronics,West,Supplier D,WH-North,Express,1,258.87,16,413.83,1,0,28,17,413.83,258.87,154.96,0,0,2025-10
1003150,2025-10-22,Home & Kitchen,North,Supplier D,WH-South,Standard,17,79.85,5,99.63,14,3,76,5,1394.82,1117.9,276.92,1,1,2025-10
1001406,2025-10-22,Office Supplies,South,Supplier A,WH-West,Express,12,10.17,16,13.12,12,0,47,17,157.44,122.04,35.4,0,0,2025-10
1002450,2025-10-22,Electronics,North,Supplier A,WH-North,Same Day,4,385.72,4,473.05,4,0,18,2,1892.2,1542.88,349.32,0,1,2025-10
1004040,2025-10-22,Electronics,East,Supplier E,WH-West,Standard,5,241.14,9,385.25,5,0,43,9,1926.25,1205.7,720.55,0,1,2025-10
1005331,2025-10-22,Electronics,North,Supplier D,WH-North,Standard,11,40.04,10,68.64,11,0,78,9,755.04,440.44,314.6,0,1,2025-10
1003475,2025-10-22,Office Supplies,East,Supplier C,WH-West,Standard,18,269.39,3,455.48,17,1,76,1,7743.16,4579.63,3163.53,1,1,2025-10
1001141,2025-10-22,Apparel,West,Supplier A,WH-East,Standard,2,380.38,17,616.27,2,0,62,15,1232.54,760.76,471.78,0,0,2025-10
1005158,2025-10-22,Office Supplies,East,Supplier B,WH-North,Standard,7,425.42,11,596.51,7,0,53,11,4175.57,2977.94,1197.63,0,1,2025-10
1002201,2025-10-22,Apparel,East,Supplier C,WH-South,Same Day,3,32.36,10,53.09,3,0,48,10,159.27,97.08,62.19,0,0,2025-10
1004132,2025-10-22,Office Supplies,East,Supplier E,WH-East,Standard,23,229.05,7,280.63,22,1,23,5,6173.86,5039.1,1134.76,1,1,2025-10
1004871,2025-10-22,Office Supplies,East,Supplier C,WH-East,Express,10,413.07,5,681.52,10,0,38,5,6815.2,4130.7,2684.5,0,1,2025-10
1005821,2025-10-22,Home & Kitchen,North,Supplier D,WH-North,Express,8,410.23,5,565.9,6,2,35,5,3395.4,2461.38,934.02,1,1,2025-10
1002605,2025-10-22,Electronics,North,Supplier A,WH-West,Standard,19,225.99,17,373.78,18,1,48,19,6728.04,4067.82,2660.22,1,0,2025-10
1000019,2025-10-23,Apparel,North,Supplier E,WH-North,Standard,9,390.12,12,681.98,8,1,24,13,5455.84,3120.96,2334.88,1,0,2025-10
1003097,2025-10-23,Home & Kitchen,West,Supplier B,WH-East,Standard,23,151.86,11,200.05,21,2,24,11,4201.05,3189.06,1011.99,1,1,2025-10
1002616,2025-10-23,Electronics,West,Supplier A,WH-South,Standard,23,348.32,9,457.57,20,3,41,7,9151.4,6966.4,2185.0,1,1,2025-10
1004555,2025-10-23,Home & Kitchen,South,Supplier A,WH-East,Standard,12,422.65,5,644.93,12,0,52,7,7739.16,5071.8,2667.36,0,1,2025-10
1001865,2025-10-23,Office Supplies,North,Supplier D,WH-West,Standard,3,135.11,3,219.13,3,0,69,2,657.39,405.33,252.06,0,1,2025-10
1003036,2025-10-23,Apparel,West,Supplier C,WH-North,Standard,13,257.7,16,349.94,13,0,79,16,4549.22,3350.1,1199.12,0,0,2025-10
1000933,2025-10-23,Home & Kitchen,West,Supplier C,WH-East,Express,15,340.97,4,543.56,15,0,40,2,8153.4,5114.55,3038.85,0,1,2025-10
1002202,2025-10-23,Health & Beauty,East,Supplier D,WH-North,Standard,1,24.67,2,35.91,1,0,35,1,35.91,24.67,11.24,0,1,2025-10
1004522,2025-10-23,Electronics,South,Supplier A,WH-East,Express,16,429.89,2,551.14,14,2,60,2,7715.96,6018.46,1697.5,1,1,2025-10
1004464,2025-10-23,Electronics,West,Supplier C,WH-South,Standard,21,188.01,15,253.7,21,0,29,17,5327.7,3948.21,1379.49,0,0,2025-10
1001173,2025-10-23,Home & Kitchen,North,Supplier C,WH-North,Express,2,248.43,10,376.77,1,1,59,9,376.77,248.43,128.34,1,0,2025-10
1002268,2025-10-23,Electronics,West,Supplier D,WH-North,Express,15,43.6,12,62.8,13,2,77,12,816.4,566.8,249.6,1,0,2025-10
1004353,2025-10-23,Apparel,West,Supplier C,WH-South,Standard,1,32.83,5,55.83,1,0,70,3,55.83,32.83,23.0,0,1,2025-10
1000817,2025-10-24,Apparel,North,Supplier C,WH-South,Express,6,96.14,2,125.65,6,0,34,3,753.9,576.84,177.06,0,1,2025-10
1002312,2025-10-24,Apparel,East,Supplier A,WH-South,Standard,8,399.58,17,692.85,8,0,30,16,5542.8,3196.64,2346.16,0,0,2025-10
1005333,2025-10-24,Electronics,South,Supplier C,WH-West,Standard,15,271.63,17,375.61,12,3,28,17,4507.32,3259.56,1247.76,1,0,2025-10
1005815,2025-10-24,Home & Kitchen,North,Supplier A,WH-East,Standard,9,98.34,13,130.5,7,2,35,14,913.5,688.38,225.12,1,0,2025-10
1005494,2025-10-24,Electronics,North,Supplier D,WH-North,Standard,16,427.81,5,585.88,13,3,59,6,7616.44,5561.53,2054.91,1,1,2025-10
1002393,2025-10-24,Electronics,East,Supplier D,WH-West,Standard,15,417.92,11,596.34,15,0,67,11,8945.1,6268.8,2676.3,0,1,2025-10
1000545,2025-10-24,Apparel,North,Supplier B,WH-North,Express,24,73.5,14,105.56,23,1,16,12,2427.88,1690.5,737.38,1,0,2025-10
1002611,2025-10-24,Home & Kitchen,South,Supplier E,WH-South,Express,6,251.84,8,347.29,6,0,54,8,2083.74,1511.04,572.7,0,0,2025-10
1000373,2025-10-24,Apparel,West,Supplier A,WH-East,Express,13,342.66,15,517.63,13,0,14,17,6729.19,4454.58,2274.61,0,0,2025-10
1005621,2025-10-24,Apparel,North,Supplier D,WH-East,Standard,24,87.15,10,103.5,23,1,14,12,2380.5,2004.45,376.05,1,1,2025-10
1000944,2025-10-25,Office Supplies,West,Supplier B,WH-West,Standard,10,59.09,15,69.5,8,2,21,15,556.0,472.72,83.28,1,0,2025-10
1000017,2025-10-25,Electronics,South,Supplier D,WH-North,Standard,1,298.54,16,502.78,1,0,68,14,502.78,298.54,204.24,0,0,2025-10
1001357,2025-10-25,Home & Kitchen,East,Supplier D,WH-North,Express,5,257.57,9,427.61,5,0,45,7,2138.05,1287.85,850.2,0,0,2025-10
1003537,2025-10-25,Apparel,West,Supplier D,WH-East,Standard,18,153.19,15,251.23,17,1,69,13,4270.91,2604.23,1666.68,1,0,2025-10
1000497,2025-10-25,Home & Kitchen,North,Supplier D,WH-West,Standard,5,401.22,15,622.38,5,0,62,16,3111.9,2006.1,1105.8,0,0,2025-10
1000192,2025-10-25,Health & Beauty,South,Supplier D,WH-East,Standard,18,209.09,10,318.61,16,2,49,10,5097.76,3345.44,1752.32,1,1,2025-10
1004580,2025-10-25,Electronics,East,Supplier B,WH-South,Standard,6,276.78,12,335.4,4,2,21,13,1341.6,1107.12,234.48,1,0,2025-10
1003458,2025-10-25,Electronics,North,Supplier B,WH-East,Express,10,131.85,10,205.5,8,2,33,10,1644.0,1054.8,589.2,1,0,2025-10
1000544,2025-10-25,Office Supplies,North,Supplier B,WH-North,Express,5,72.54,15,93.84,5,0,15,13,469.2,362.7,106.5,0,0,2025-10
1001164,2025-10-25,Home & Kitchen,East,Supplier D,WH-South,Standard,23,331.96,14,512.28,21,2,54,13,10757.88,6971.16,3786.72,1,0,2025-10
1002803,2025-10-25,Home & Kitchen,South,Supplier A,WH-East,Express,6,351.31,16,450.87,6,0,17,14,2705.22,2107.86,597.36,0,0,2025-10
1002183,2025-10-25,Office Supplies,East,Supplier A,WH-West,Standard,5,71.25,6,82.9,5,0,46,8,414.5,356.25,58.25,0,1,2025-10
1002868,2025-10-25,Office Supplies,East,Supplier C,WH-East,Standard,19,48.95,4,63.54,18,1,25,2,1143.72,881.1,262.62,1,1,2025-10
1002731,2025-10-25,Health & Beauty,West,Supplier B,WH-South,Express,13,298.44,2,496.22,12,1,42,1,5954.64,3581.28,2373.36,1,1,2025-10
1002524,2025-10-25,Health & Beauty,West,Supplier A,WH-North,Standard,17,194.38,17,324.81,14,3,55,19,4547.34,2721.32,1826.02,1,0,2025-10
1002098,2025-10-26,Health & Beauty,South,Supplier D,WH-North,Standard,20,400.44,9,620.63,17,3,75,8,10550.71,6807.48,3743.23,1,1,2025-10
1001045,2025-10-26,Health & Beauty,North,Supplier D,WH-East,Standard,10,19.79,17,33.66,10,0,67,17,336.6,197.9,138.7,0,0,2025-10
1002584,2025-10-26,Office Supplies,South,Supplier B,WH-South,Express,21,24.15,9,33.66,19,2,58,11,639.54,458.85,180.69,1,0,2025-10
1003200,2025-10-26,Health & Beauty,West,Supplier B,WH-East,Standard,4,236.79,11,322.03,4,0,51,12,1288.12,947.16,340.96,0,1,2025-10
1000402,2025-10-26,Health & Beauty,East,Supplier C,WH-East,Standard,16,384.4,4,563.71,16,0,36,3,9019.36,6150.4,2868.96,0,1,2025-10
1004859,2025-10-26,Health & Beauty,North,Supplier A,WH-West,Express,6,424.12,5,611.11,4,2,37,7,2444.44,1696.48,747.96,1,0,2025-10
1004500,2025-10-26,Electronics,East,Supplier B,WH-West,Standard,13,215.93,10,312.07,11,2,14,10,3432.77,2375.23,1057.54,1,1,2025-10
1001501,2025-10-26,Electronics,North,Supplier E,WH-East,Standard,18,245.16,8,347.16,17,1,26,9,5901.72,4167.72,1734.0,1,1,2025-10
1003801,2025-10-26,Electronics,West,Supplier C,WH-West,Same Day,6,198.5,6,231.88,5,1,43,6,1159.4,992.5,166.9,1,0,2025-10
1005928,2025-10-27,Office Supplies,West,Supplier D,WH-South,Standard,16,249.14,2,396.93,15,1,23,3,5953.95,3737.1,2216.85,1,1,2025-10
1002996,2025-10-27,Apparel,North,Supplier C,WH-East,Standard,16,284.23,16,406.44,15,1,24,16,6096.6,4263.45,1833.15,1,0,2025-10
1002321,2025-10-27,Home & Kitchen,North,Supplier E,WH-North,Standard,16,337.43,15,479.94,15,1,20,15,7199.1,5061.45,2137.65,1,0,2025-10
1001149,2025-10-27,Electronics,East,Supplier D,WH-West,Express,5,312.28,7,385.53,4,1,21,8,1542.12,1249.12,293.0,1,0,2025-10
1003487,2025-10-27,Home & Kitchen,West,Supplier A,WH-North,Standard,24,378.25,2,509.9,21,3,13,2,10707.9,7943.25,2764.65,1,1,2025-10
1005949,2025-10-27,Health & Beauty,West,Supplier D,WH-North,Standard,21,177.9,6,305.03,20,1,70,5,6100.6,3558.0,2542.6,1,1,2025-10
1002842,2025-10-27,Office Supplies,North,Supplier D,WH-South,Express,24,71.67,13,99.07,22,2,37,13,2179.54,1576.74,602.8,1,0,2025-10
1003393,2025-10-27,Electronics,North,Supplier A,WH-North,Express,9,28.9,8,39.97,7,2,57,7,279.79,202.3,77.49,1,0,2025-10
1001806,2025-10-27,Apparel,North,Supplier D,WH-West,Standard,14,260.52,12,355.95,13,1,43,11,4627.35,3386.76,1240.59,1,1,2025-10
1000879,2025-10-27,Apparel,South,Supplier C,WH-South,Standard,11,85.96,4,111.03,10,1,13,2,1110.3,859.6,250.7,1,1,2025-10
1001302,2025-10-27,Health & Beauty,West,Supplier E,WH-North,Standard,18,409.79,8,693.8,17,1,69,9,11794.6,6966.43,4828.17,1,1,2025-10
1001174,2025-10-27,Apparel,North,Supplier C,WH-East,Standard,8,31.93,11,55.42,8,0,59,11,443.36,255.44,187.92,0,1,2025-10
1003997,2025-10-28,Office Supplies,East,Supplier B,WH-South,Standard,5,100.91,4,123.04,5,0,38,6,615.2,504.55,110.65,0,1,2025-10
1005187,2025-10-28,Health & Beauty,South,Supplier E,WH-South,Standard,17,285.73,10,343.99,16,1,79,11,5503.84,4571.68,932.16,1,1,2025-10
1001641,2025-10-28,Health & Beauty,South,Supplier A,WH-South,Standard,17,124.45,17,146.02,16,1,22,15,2336.32,1991.2,345.12,1,0,2025-10
1001616,2025-10-28,Apparel,East,Supplier E,WH-East,Same Day,20,317.43,12,540.51,19,1,31,13,10269.69,6031.17,4238.52,1,0,2025-10
1003304,2025-10-28,Home & Kitchen,East,Supplier A,WH-North,Express,24,20.18,10,34.19,22,2,62,10,752.18,443.96,308.22,1,0,2025-10
1000827,2025-10-28,Home & Kitchen,West,Supplier E,WH-East,Express,4,430.87,5,578.15,3,1,29,5,1734.45,1292.61,441.84,1,1,2025-10
1003358,2025-10-29,Electronics,North,Supplier D,WH-East,Express,6,386.05,3,530.5,4,2,33,3,2122.0,1544.2,577.8,1,1,2025-10
1005222,2025-10-29,Electronics,East,Supplier E,WH-North,Standard,8,261.27,16,330.85,6,2,25,16,1985.1,1567.62,417.48,1,0,2025-10
1004629,2025-10-29,Apparel,South,Supplier A,WH-North,Standard,6,164.77,5,220.03,5,1,28,7,1100.15,823.85,276.3,1,1,2025-10
1003672,2025-10-29,Electronics,North,Supplier D,WH-South,Express,17,105.97,10,159.14,16,1,28,8,2546.24,1695.52,850.72,1,0,2025-10
1000692,2025-10-29,Home & Kitchen,North,Supplier B,WH-North,Standard,1,241.81,13,290.23,1,0,32,15,290.23,241.81,48.42,0,0,2025-10
1003924,2025-10-29,Home & Kitchen,West,Supplier C,WH-East,Standard,11,448.58,9,589.84,10,1,37,8,5898.4,4485.8,1412.6,1,1,2025-10
1001062,2025-10-30,Home & Kitchen,North,Supplier C,WH-South,Standard,10,175.59,5,229.15,7,3,61,5,1604.05,1229.13,374.92,1,1,2025-10
1003366,2025-10-30,Office Supplies,North,Supplier E,WH-East,Standard,16,70.75,11,103.97,14,2,43,11,1455.58,990.5,465.08,1,1,2025-10
1003182,2025-10-30,Apparel,North,Supplier B,WH-West,Standard,6,317.95,10,397.53,5,1,46,9,1987.65,1589.75,397.9,1,1,2025-10
1004319,2025-10-30,Electronics,West,Supplier C,WH-East,Standard,22,247.87,2,360.45,21,1,25,2,7569.45,5205.27,2364.18,1,1,2025-10
1004288,2025-10-30,Home & Kitchen,East,Supplier D,WH-North,Same Day,20,429.49,13,746.56,19,1,68,15,14184.64,8160.31,6024.33,1,0,2025-10
1002127,2025-10-30,Office Supplies,North,Supplier E,WH-South,Standard,1,146.42,2,227.75,1,0,48,1,227.75,146.42,81.33,0,1,2025-10
1002015,2025-10-30,Apparel,West,Supplier B,WH-West,Express,13,48.39,12,73.9,12,1,36,10,886.8,580.68,306.12,1,0,2025-10
1001629,2025-10-31,Office Supplies,North,Supplier E,WH-East,Standard,23,154.23,5,228.21,21,2,32,7,4792.41,3238.83,1553.58,1,1,2025-10
1000321,2025-10-31,Electronics,South,Supplier D,WH-East,Same Day,12,435.38,16,544.08,10,2,28,16,5440.8,4353.8,1087.0,1,0,2025-10
1003143,2025-10-31,Office Supplies,East,Supplier C,WH-West,Standard,3,227.89,3,307.98,2,1,47,3,615.96,455.78,160.18,1,1,2025-10
1002279,2025-10-31,Home & Kitchen,East,Supplier E,WH-West,Standard,12,185.36,14,236.03,12,0,64,15,2832.36,2224.32,608.04,0,0,2025-10
1000431,2025-10-31,Home & Kitchen,North,Supplier C,WH-South,Standard,15,27.2,2,35.69,14,1,72,2,499.66,380.8,118.86,1,1,2025-10
1001497,2025-10-31,Electronics,North,Supplier B,WH-North,Standard,10,58.31,3,84.9,10,0,66,3,849.0,583.1,265.9,0,1,2025-10
1005309,2025-10-31,Electronics,South,Supplier C,WH-West,Standard,18,55.02,17,92.09,17,1,51,17,1565.53,935.34,630.19,1,0,2025-10
1001196,2025-10-31,Home & Kitchen,North,Supplier D,WH-North,Standard,10,295.44,15,452.56,9,1,17,14,4073.04,2658.96,1414.08,1,0,2025-10
1003271,2025-10-31,Office Supplies,East,Supplier C,WH-East,Standard,7,24.81,8,30.43,6,1,51,8,182.58,148.86,33.72,1,1,2025-10
1002343,2025-10-31,Apparel,West,Supplier B,WH-South,Express,19,234.56,15,278.23,19,0,20,16,5286.37,4456.64,829.73,0,0,2025-10
1002134,2025-10-31,Home & Kitchen,South,Supplier D,WH-South,Standard,19,135.01,12,208.17,17,2,31,10,3538.89,2295.17,1243.72,1,1,2025-10
1003616,2025-10-31,Home & Kitchen,East,Supplier E,WH-East,Express,19,134.59,2,209.11,16,3,67,2,3345.76,2153.44,1192.32,1,1,2025-10
1002983,2025-10-31,Office Supplies,West,Supplier B,WH-West,Same Day,9,321.0,12,531.16,9,0,62,13,4780.44,2889.0,1891.44,0,0,2025-10
1002723,2025-10-31,Electronics,South,Supplier A,WH-East,Standard,6,205.41,11,338.69,5,1,62,12,1693.45,1027.05,666.4,1,1,2025-10
1005779,2025-11-01,Home & Kitchen,South,Supplier C,WH-East,Express,1,101.69,12,151.11,1,0,67,10,151.11,101.69,49.42,0,0,2025-11
1004693,2025-11-01,Office Supplies,East,Supplier D,WH-North,Express,6,431.12,7,697.48,6,0,74,9,4184.88,2586.72,1598.16,0,0,2025-11
1002388,2025-11-02,Home & Kitchen,South,Supplier A,WH-East,Express,9,241.23,7,387.95,9,0,27,8,3491.55,2171.07,1320.48,0,0,2025-11
1002835,2025-11-02,Home & Kitchen,East,Supplier C,WH-North,Standard,23,49.87,7,71.03,21,2,50,8,1491.63,1047.27,444.36,1,1,2025-11
1000194,2025-11-02,Apparel,West,Supplier B,WH-East,Express,3,345.47,8,415.0,3,0,79,6,1245.0,1036.41,208.59,0,0,2025-11
1000225,2025-11-02,Electronics,South,Supplier B,WH-West,Same Day,6,20.52,13,30.93,5,1,72,12,154.65,102.6,52.05,1,0,2025-11
1000829,2025-11-02,Home & Kitchen,West,Supplier C,WH-West,Express,17,425.29,14,544.1,17,0,24,15,9249.7,7229.93,2019.77,0,0,2025-11
1001792,2025-11-02,Home & Kitchen,West,Supplier E,WH-North,Same Day,20,13.65,5,16.3,18,2,18,5,293.4,245.7,47.7,1,0,2025-11
1005078,2025-11-02,Health & Beauty,North,Supplier B,WH-West,Standard,14,51.04,7,63.48,12,2,25,8,761.76,612.48,149.28,1,1,2025-11
1004539,2025-11-02,Electronics,South,Supplier C,WH-East,Express,15,32.83,13,47.33,15,0,30,14,709.95,492.45,217.5,0,0,2025-11
1002463,2025-11-02,Electronics,South,Supplier D,WH-South,Express,23,425.13,15,589.52,22,1,39,15,12969.44,9352.86,3616.58,1,0,2025-11
1004001,2025-11-02,Home & Kitchen,North,Supplier C,WH-East,Standard,3,296.77,3,459.16,2,1,39,4,918.32,593.54,324.78,1,1,2025-11
1003351,2025-11-02,Electronics,South,Supplier D,WH-East,Standard,5,84.86,10,141.16,4,1,41,8,564.64,339.44,225.2,1,1,2025-11
1001626,2025-11-02,Electronics,North,Supplier A,WH-East,Express,18,128.83,9,158.18,17,1,23,7,2689.06,2190.11,498.95,1,0,2025-11
1000663,2025-11-02,Electronics,South,Supplier E,WH-South,Standard,18,313.03,6,414.69,16,2,27,8,6635.04,5008.48,1626.56,1,1,2025-11
1005889,2025-11-03,Office Supplies,South,Supplier D,WH-North,Express,13,95.97,17,149.66,13,0,52,17,1945.58,1247.61,697.97,0,0,2025-11
1001799,2025-11-03,Apparel,South,Supplier E,WH-South,Standard,9,41.82,13,63.31,9,0,51,12,569.79,376.38,193.41,0,1,2025-11
1002199,2025-11-03,Health & Beauty,East,Supplier A,WH-East,Standard,16,157.63,2,232.7,15,1,59,1,3490.5,2364.45,1126.05,1,1,2025-11
1003278,2025-11-03,Apparel,West,Supplier C,WH-East,Standard,20,291.03,14,503.89,20,0,25,14,10077.8,5820.6,4257.2,0,0,2025-11
1003121,2025-11-03,Office Supplies,North,Supplier E,WH-West,Standard,8,439.01,14,639.85,7,1,34,15,4478.95,3073.07,1405.88,1,0,2025-11
1001254,2025-11-03,Office Supplies,South,Supplier B,WH-North,Standard,20,390.39,2,651.19,18,2,53,1,11721.42,7027.02,4694.4,1,1,2025-11
1000988,2025-11-03,Apparel,North,Supplier C,WH-North,Standard,19,46.07,13,58.86,16,3,16,11,941.76,737.12,204.64,1,1,2025-11
1003892,2025-11-03,Office Supplies,East,Supplier E,WH-North,Standard,13,32.08,8,49.62,13,0,38,8,645.06,417.04,228.02,0,1,2025-11
1000286,2025-11-03,Home & Kitchen,South,Supplier B,WH-West,Standard,9,239.4,2,292.25,8,1,17,1,2338.0,1915.2,422.8,1,1,2025-11
1005372,2025-11-04,Apparel,West,Supplier D,WH-South,Standard,4,239.17,2,399.33,3,1,41,2,1197.99,717.51,480.48,1,1,2025-11
1000770,2025-11-04,Electronics,North,Supplier E,WH-North,Express,11,285.52,17,379.84,10,1,76,16,3798.4,2855.2,943.2,1,0,2025-11
1004566,2025-11-04,Office Supplies,North,Supplier E,WH-East,Express,14,135.41,14,162.89,12,2,27,14,1954.68,1624.92,329.76,1,0,2025-11
1005794,2025-11-04,Apparel,West,Supplier B,WH-South,Standard,12,145.45,9,169.54,11,1,54,9,1864.94,1599.95,264.99,1,1,2025-11
1004202,2025-11-04,Electronics,East,Supplier E,WH-North,Standard,1,221.45,10,293.4,1,0,62,8,293.4,221.45,71.95,0,1,2025-11
1003428,2025-11-04,Electronics,North,Supplier E,WH-North,Standard,20,327.56,13,465.61,18,2,38,15,8380.98,5896.08,2484.9,1,0,2025-11
1003796,2025-11-04,Health & Beauty,East,Supplier C,WH-South,Standard,21,213.16,3,326.96,20,1,46,3,6539.2,4263.2,2276.0,1,1,2025-11
1003679,2025-11-04,Electronics,South,Supplier D,WH-North,Standard,16,60.83,13,87.8,14,2,58,13,1229.2,851.62,377.58,1,0,2025-11
1005416,2025-11-05,Home & Kitchen,South,Supplier D,WH-South,Standard,2,20.52,10,25.79,1,1,77,10,25.79,20.52,5.27,1,1,2025-11
1000499,2025-11-05,Home & Kitchen,East,Supplier B,WH-East,Standard,10,323.79,9,464.76,10,0,22,8,4647.6,3237.9,1409.7,0,1,2025-11
1004789,2025-11-05,Apparel,East,Supplier D,WH-West,Express,24,104.61,13,168.64,20,4,60,12,3372.8,2092.2,1280.6,1,0,2025-11
1005446,2025-11-05,Electronics,North,Supplier C,WH-North,Express,7,243.25,12,371.19,7,0,56,10,2598.33,1702.75,895.58,0,0,2025-11
1002352,2025-11-05,Apparel,East,Supplier E,WH-East,Standard,16,212.73,9,250.75,14,2,46,7,3510.5,2978.22,532.28,1,1,2025-11
1004820,2025-11-05,Home & Kitchen,South,Supplier D,WH-North,Express,7,174.16,4,269.44,6,1,28,6,1616.64,1044.96,571.68,1,0,2025-11
1000110,2025-11-05,Health & Beauty,East,Supplier B,WH-North,Express,22,152.68,8,177.27,21,1,44,8,3722.67,3206.28,516.39,1,0,2025-11
1005892,2025-11-05,Home & Kitchen,South,Supplier C,WH-West,Express,12,299.23,7,490.05,10,2,38,8,4900.5,2992.3,1908.2,1,0,2025-11
1001650,2025-11-05,Electronics,West,Supplier E,WH-East,Standard,3,206.3,15,246.98,3,0,24,14,740.94,618.9,122.04,0,0,2025-11
1003026,2025-11-05,Home & Kitchen,West,Supplier A,WH-East,Same Day,24,57.67,10,71.39,22,2,39,9,1570.58,1268.74,301.84,1,0,2025-11
1004008,2025-11-05,Office Supplies,South,Supplier A,WH-South,Standard,20,246.48,5,412.81,18,2,59,5,7430.58,4436.64,2993.94,1,1,2025-11
1003771,2025-11-05,Health & Beauty,South,Supplier C,WH-East,Standard,4,114.54,3,170.13,4,0,64,3,680.52,458.16,222.36,0,1,2025-11
1000536,2025-11-06,Home & Kitchen,East,Supplier B,WH-West,Standard,7,79.17,2,138.0,7,0,62,3,966.0,554.19,411.81,0,1,2025-11
1002237,2025-11-06,Office Supplies,South,Supplier B,WH-North,Standard,22,248.28,15,349.62,20,2,45,14,6992.4,4965.6,2026.8,1,0,2025-11
1005238,2025-11-06,Health & Beauty,West,Supplier D,WH-East,Standard,7,17.25,9,22.52,6,1,34,10,135.12,103.5,31.62,1,1,2025-11
1005776,2025-11-06,Office Supplies,North,Supplier A,WH-South,Standard,8,334.05,10,431.62,8,0,15,11,3452.96,2672.4,780.56,0,1,2025-11
1001349,2025-11-06,Office Supplies,West,Supplier D,WH-North,Express,18,442.95,11,723.21,18,0,33,11,13017.78,7973.1,5044.68,0,0,2025-11
1001684,2025-11-06,Health & Beauty,East,Supplier D,WH-North,Standard,19,110.47,13,165.84,16,3,72,11,2653.44,1767.52,885.92,1,1,2025-11
1002190,2025-11-06,Office Supplies,South,Supplier C,WH-South,Express,2,400.12,16,507.48,2,0,76,17,1014.96,800.24,214.72,0,0,2025-11
1001938,2025-11-06,Health & Beauty,East,Supplier D,WH-North,Express,18,67.82,2,94.26,16,2,54,2,1508.16,1085.12,423.04,1,1,2025-11
1000697,2025-11-06,Electronics,North,Supplier D,WH-East,Express,23,286.28,16,411.06,22,1,32,16,9043.32,6298.16,2745.16,1,0,2025-11
1002569,2025-11-06,Home & Kitchen,South,Supplier A,WH-West,Standard,6,115.22,3,188.32,6,0,13,2,1129.92,691.32,438.6,0,1,2025-11
1003566,2025-11-06,Home & Kitchen,West,Supplier B,WH-East,Standard,1,250.61,2,417.8,1,0,40,3,417.8,250.61,167.19,0,1,2025-11
1003116,2025-11-06,Apparel,West,Supplier B,WH-East,Express,6,70.63,13,87.69,6,0,64,15,526.14,423.78,102.36,0,0,2025-11
1000670,2025-11-06,Apparel,West,Supplier A,WH-West,Express,9,449.64,15,605.8,9,0,22,15,5452.2,4046.76,1405.44,0,0,2025-11
1000188,2025-11-07,Home & Kitchen,South,Supplier A,WH-East,Standard,17,285.14,8,439.68,17,0,64,8,7474.56,4847.38,2627.18,0,1,2025-11
1000748,2025-11-07,Apparel,North,Supplier B,WH-West,Same Day,12,12.68,2,16.01,11,1,59,1,176.11,139.48,36.63,1,1,2025-11
1003767,2025-11-07,Office Supplies,West,Supplier D,WH-South,Standard,14,205.15,5,269.39,13,1,56,5,3502.07,2666.95,835.12,1,1,2025-11
1004536,2025-11-07,Apparel,South,Supplier E,WH-North,Standard,18,132.42,3,155.92,16,2,14,2,2494.72,2118.72,376.0,1,1,2025-11
1001316,2025-11-07,Office Supplies,South,Supplier B,WH-East,Standard,11,312.31,16,488.84,10,1,44,17,4888.4,3123.1,1765.3,1,0,2025-11
1005669,2025-11-07,Health & Beauty,North,Supplier D,WH-West,Standard,12,145.68,15,172.86,11,1,16,14,1901.46,1602.48,298.98,1,0,2025-11
1004783,2025-11-07,Office Supplies,West,Supplier C,WH-South,Standard,3,201.22,6,296.64,3,0,37,8,889.92,603.66,286.26,0,1,2025-11
1004876,2025-11-08,Health & Beauty,West,Supplier E,WH-East,Standard,6,372.06,6,556.53,6,0,74,4,3339.18,2232.36,1106.82,0,1,2025-11
1003308,2025-11-08,Office Supplies,West,Supplier D,WH-West,Standard,12,411.07,4,664.71,11,1,54,3,7311.81,4521.77,2790.04,1,1,2025-11
1005391,2025-11-08,Health & Beauty,East,Supplier C,WH-South,Standard,9,229.03,4,289.6,8,1,57,2,2316.8,1832.24,484.56,1,1,2025-11
1001214,2025-11-08,Health & Beauty,West,Supplier C,WH-East,Express,8,339.46,4,516.03,7,1,55,4,3612.21,2376.22,1235.99,1,1,2025-11
1001759,2025-11-08,Health & Beauty,South,Supplier C,WH-East,Express,10,287.74,7,387.84,8,2,36,6,3102.72,2301.92,800.8,1,0,2025-11
1004764,2025-11-08,Home & Kitchen,West,Supplier C,WH-West,Standard,5,246.46,17,322.04,4,1,24,17,1288.16,985.84,302.32,1,0,2025-11
1005737,2025-11-08,Apparel,South,Supplier B,WH-North,Express,24,414.18,4,567.37,23,1,76,4,13049.51,9526.14,3523.37,1,1,2025-11
1002338,2025-11-08,Health & Beauty,South,Supplier C,WH-North,Express,23,201.75,5,280.36,22,1,16,3,6167.92,4438.5,1729.42,1,1,2025-11
1004572,2025-11-09,Home & Kitchen,West,Supplier A,WH-South,Standard,23,297.35,6,380.94,19,4,51,5,7237.86,5649.65,1588.21,1,1,2025-11
1005042,2025-11-09,Apparel,East,Supplier E,WH-South,Express,1,319.9,4,446.21,1,0,56,6,446.21,319.9,126.31,0,0,2025-11
1002931,2025-11-09,Health & Beauty,East,Supplier C,WH-North,Standard,8,362.75,8,453.48,4,4,23,8,1813.92,1451.0,362.92,1,1,2025-11
1002894,2025-11-09,Apparel,North,Supplier A,WH-West,Standard,24,22.87,14,39.7,21,3,59,13,833.7,480.27,353.43,1,0,2025-11
1005901,2025-11-09,Electronics,South,Supplier C,WH-South,Express,16,180.39,17,249.39,15,1,74,16,3740.85,2705.85,1035.0,1,0,2025-11
1004265,2025-11-09,Office Supplies,West,Supplier A,WH-West,Standard,3,244.64,4,338.49,3,0,13,6,1015.47,733.92,281.55,0,1,2025-11
1003355,2025-11-09,Health & Beauty,East,Supplier B,WH-West,Standard,10,225.7,2,307.54,10,0,41,1,3075.4,2257.0,818.4,0,1,2025-11
1004454,2025-11-10,Home & Kitchen,West,Supplier A,WH-East,Express,6,324.92,10,516.41,6,0,57,11,3098.46,1949.52,1148.94,0,0,2025-11
1004398,2025-11-10,Electronics,South,Supplier D,WH-North,Same Day,13,248.16,12,313.83,13,0,20,12,4079.79,3226.08,853.71,0,0,2025-11
1002921,2025-11-10,Office Supplies,North,Supplier D,WH-West,Standard,10,73.68,16,116.14,8,2,39,14,929.12,589.44,339.68,1,0,2025-11
1004099,2025-11-10,Electronics,South,Supplier B,WH-North,Standard,7,345.87,17,522.33,5,2,10,16,2611.65,1729.35,882.3,1,0,2025-11
1003927,2025-11-11,Electronics,West,Supplier A,WH-West,Standard,1,82.8,12,133.75,1,0,67,14,133.75,82.8,50.95,0,0,2025-11
1000304,2025-11-11,Health & Beauty,South,Supplier C,WH-East,Standard,14,394.37,8,648.12,14,0,18,7,9073.68,5521.18,3552.5,0,1,2025-11
1003536,2025-11-11,Home & Kitchen,North,Supplier D,WH-North,Express,4,237.43,5,298.28,4,0,29,4,1193.12,949.72,243.4,0,1,2025-11
1002874,2025-11-11,Health & Beauty,North,Supplier C,WH-West,Standard,10,32.92,8,50.71,10,0,24,8,507.1,329.2,177.9,0,1,2025-11
1004297,2025-11-11,Home & Kitchen,South,Supplier B,WH-East,Standard,9,160.54,7,253.85,9,0,22,8,2284.65,1444.86,839.79,0,1,2025-11
1005836,2025-11-11,Office Supplies,North,Supplier C,WH-East,Standard,16,141.07,4,244.33,15,1,10,3,3664.95,2116.05,1548.9,1,1,2025-11
1002049,2025-11-11,Apparel,West,Supplier E,WH-West,Standard,16,29.8,9,38.59,14,2,24,9,540.26,417.2,123.06,1,1,2025-11
1001608,2025-11-11,Home & Kitchen,South,Supplier E,WH-South,Express,1,155.22,11,184.56,1,0,18,11,184.56,155.22,29.34,0,0,2025-11
1004092,2025-11-11,Home & Kitchen,West,Supplier A,WH-South,Express,23,163.78,3,196.64,21,2,11,4,4129.44,3439.38,690.06,1,1,2025-11
1004172,2025-11-11,Electronics,East,Supplier D,WH-South,Standard,10,142.27,11,191.66,9,1,13,9,1724.94,1280.43,444.51,1,1,2025-11
1004731,2025-11-12,Electronics,East,Supplier D,WH-West,Express,18,52.54,5,82.1,17,1,51,5,1395.7,893.18,502.52,1,1,2025-11
1000837,2025-11-12,Health & Beauty,West,Supplier D,WH-East,Express,11,234.9,11,317.11,11,0,42,11,3488.21,2583.9,904.31,0,0,2025-11
1000413,2025-11-12,Electronics,South,Supplier D,WH-North,Standard,19,345.28,3,582.57,19,0,60,4,11068.83,6560.32,4508.51,0,1,2025-11
1000384,2025-11-12,Office Supplies,North,Supplier D,WH-South,Standard,16,230.42,7,269.37,15,1,42,7,4040.55,3456.3,584.25,1,1,2025-11
1002174,2025-11-12,Health & Beauty,North,Supplier E,WH-East,Standard,23,266.08,9,407.48,22,1,39,9,8964.56,5853.76,3110.8,1,1,2025-11
1003793,2025-11-12,Electronics,South,Supplier A,WH-West,Express,10,158.26,16,268.37,9,1,58,17,2415.33,1424.34,990.99,1,0,2025-11
1000160,2025-11-12,Health & Beauty,West,Supplier E,WH-North,Standard,23,110.56,14,147.78,23,0,74,12,3398.94,2542.88,856.06,0,1,2025-11
1000036,2025-11-12,Office Supplies,North,Supplier B,WH-North,Express,10,79.49,15,128.27,9,1,29,16,1154.43,715.41,439.02,1,0,2025-11
1001116,2025-11-13,Electronics,West,Supplier C,WH-South,Express,22,57.92,7,96.69,19,3,23,7,1837.11,1100.48,736.63,1,0,2025-11
1002634,2025-11-13,Apparel,South,Supplier D,WH-East,Standard,9,139.81,6,229.14,9,0,64,5,2062.26,1258.29,803.97,0,1,2025-11
1005197,2025-11-13,Apparel,South,Supplier E,WH-North,Standard,19,353.41,16,602.07,17,2,69,15,10235.19,6007.97,4227.22,1,0,2025-11
1003529,2025-11-13,Office Supplies,South,Supplier E,WH-East,Standard,20,51.35,13,77.06,18,2,11,14,1387.08,924.3,462.78,1,0,2025-11
1004855,2025-11-13,Office Supplies,South,Supplier C,WH-West,Same Day,10,410.55,7,587.93,7,3,77,5,4115.51,2873.85,1241.66,1,0,2025-11
1001953,2025-11-13,Office Supplies,South,Supplier C,WH-South,Same Day,19,412.76,10,616.19,18,1,26,11,11091.42,7429.68,3661.74,1,0,2025-11
1000127,2025-11-14,Health & Beauty,North,Supplier E,WH-North,Standard,9,328.24,12,431.04,9,0,71,13,3879.36,2954.16,925.2,0,0,2025-11
1000191,2025-11-14,Electronics,East,Supplier A,WH-North,Standard,12,402.95,12,595.46,12,0,43,11,7145.52,4835.4,2310.12,0,1,2025-11
1000223,2025-11-14,Home & Kitchen,East,Supplier D,WH-East,Standard,8,197.76,12,231.03,7,1,19,11,1617.21,1384.32,232.89,1,1,2025-11
1003154,2025-11-14,Electronics,West,Supplier D,WH-South,Standard,17,131.53,10,163.61,16,1,28,10,2617.76,2104.48,513.28,1,1,2025-11
1003581,2025-11-15,Apparel,South,Supplier A,WH-South,Standard,14,448.38,14,628.18,13,1,76,15,8166.34,5828.94,2337.4,1,0,2025-11
1002160,2025-11-15,Office Supplies,West,Supplier A,WH-West,Standard,20,341.67,7,561.41,18,2,28,9,10105.38,6150.06,3955.32,1,1,2025-11
1002740,2025-11-15,Apparel,North,Supplier A,WH-North,Standard,22,268.67,7,317.88,20,2,67,8,6357.6,5373.4,984.2,1,1,2025-11
1001091,2025-11-15,Health & Beauty,West,Supplier A,WH-South,Express,15,53.13,5,81.61,15,0,52,6,1224.15,796.95,427.2,0,0,2025-11
1005993,2025-11-15,Health & Beauty,South,Supplier A,WH-South,Same Day,2,31.71,13,37.89,2,0,64,12,75.78,63.42,12.36,0,0,2025-11
1000662,2025-11-15,Office Supplies,East,Supplier A,WH-West,Standard,4,356.03,2,574.62,3,1,28,1,1723.86,1068.09,655.77,1,1,2025-11
1001857,2025-11-15,Electronics,West,Supplier B,WH-South,Standard,4,250.09,7,352.53,3,1,10,9,1057.59,750.27,307.32,1,1,2025-11
1004016,2025-11-15,Electronics,North,Supplier B,WH-East,Standard,22,34.66,17,47.63,20,2,54,18,952.6,693.2,259.4,1,0,2025-11
1005801,2025-11-15,Home & Kitchen,West,Supplier C,WH-South,Standard,12,349.52,15,448.69,10,2,66,16,4486.9,3495.2,991.7,1,0,2025-11
1004768,2025-11-15,Electronics,West,Supplier D,WH-North,Standard,5,200.21,17,234.46,5,0,36,18,1172.3,1001.05,171.25,0,0,2025-11
1000390,2025-11-15,Electronics,North,Supplier B,WH-South,Standard,11,351.26,9,482.67,10,1,70,8,4826.7,3512.6,1314.1,1,1,2025-11
1005574,2025-11-15,Home & Kitchen,East,Supplier E,WH-East,Standard,24,44.94,2,69.37,22,2,36,4,1526.14,988.68,537.46,1,1,2025-11
1005904,2025-11-15,Home & Kitchen,West,Supplier E,WH-West,Standard,13,359.05,5,573.86,12,1,24,3,6886.32,4308.6,2577.72,1,1,2025-11
1004665,2025-11-15,Home & Kitchen,South,Supplier E,WH-West,Same Day,1,447.7,5,756.92,1,0,72,5,756.92,447.7,309.22,0,0,2025-11
1000758,2025-11-15,Home & Kitchen,West,Supplier E,WH-North,Express,15,67.59,4,84.45,14,1,68,2,1182.3,946.26,236.04,1,1,2025-11
1003471,2025-11-15,Health & Beauty,West,Supplier B,WH-North,Express,23,281.91,5,350.41,22,1,23,5,7709.02,6202.02,1507.0,1,1,2025-11
1001331,2025-11-15,Health & Beauty,West,Supplier E,WH-West,Standard,14,412.89,5,686.44,11,3,63,5,7550.84,4541.79,3009.05,1,1,2025-11
1004431,2025-11-16,Electronics,East,Supplier D,WH-West,Standard,3,348.93,14,564.24,3,0,75,15,1692.72,1046.79,645.93,0,0,2025-11
1005134,2025-11-16,Electronics,North,Supplier C,WH-East,Standard,18,447.8,2,610.6,18,0,68,1,10990.8,8060.4,2930.4,0,1,2025-11
1001743,2025-11-16,Apparel,North,Supplier D,WH-East,Express,8,126.2,16,213.38,8,0,27,16,1707.04,1009.6,697.44,0,0,2025-11
1002797,2025-11-16,Electronics,South,Supplier D,WH-West,Standard,19,113.98,16,173.16,17,2,65,16,2943.72,1937.66,1006.06,1,0,2025-11
1003884,2025-11-16,Apparel,North,Supplier E,WH-West,Standard,15,155.31,6,257.82,13,2,37,6,3351.66,2019.03,1332.63,1,1,2025-11
1000370,2025-11-16,Electronics,North,Supplier C,WH-South,Standard,10,19.42,8,24.3,9,1,24,7,218.7,174.78,43.92,1,1,2025-11
1002593,2025-11-16,Apparel,North,Supplier A,WH-North,Same Day,7,136.69,8,231.6,7,0,58,7,1621.2,956.83,664.37,0,0,2025-11
1001811,2025-11-16,Electronics,South,Supplier B,WH-South,Standard,13,16.37,7,26.2,12,1,69,8,314.4,196.44,117.96,1,1,2025-11
1003275,2025-11-17,Apparel,North,Supplier A,WH-West,Express,21,16.98,5,25.9,20,1,17,4,518.0,339.6,178.4,1,1,2025-11
1000040,2025-11-17,Office Supplies,North,Supplier A,WH-North,Express,19,377.96,10,641.38,18,1,12,11,11544.84,6803.28,4741.56,1,0,2025-11
1003874,2025-11-17,Apparel,North,Supplier D,WH-West,Standard,5,23.21,11,35.25,5,0,61,10,176.25,116.05,60.2,0,1,2025-11
1002194,2025-11-17,Electronics,South,Supplier C,WH-West,Standard,12,327.32,9,488.14,9,3,37,10,4393.26,2945.88,1447.38,1,1,2025-11
1001681,2025-11-17,Apparel,East,Supplier E,WH-East,Standard,3,132.37,2,230.1,3,0,64,2,690.3,397.11,293.19,0,1,2025-11
1003786,2025-11-17,Home & Kitchen,East,Supplier D,WH-North,Standard,7,222.41,10,292.03,7,0,75,9,2044.21,1556.87,487.34,0,1,2025-11
1003507,2025-11-17,Home & Kitchen,North,Supplier D,WH-South,Standard,7,376.06,14,647.22,7,0,51,14,4530.54,2632.42,1898.12,0,0,2025-11
1001960,2025-11-17,Home & Kitchen,East,Supplier E,WH-West,Standard,13,276.73,3,353.38,13,0,18,3,4593.94,3597.49,996.45,0,1,2025-11
1005396,2025-11-17,Home & Kitchen,West,Supplier C,WH-North,Standard,8,97.4,6,153.19,7,1,26,4,1072.33,681.8,390.53,1,1,2025-11
1005294,2025-11-17,Office Supplies,West,Supplier C,WH-West,Express,13,139.03,7,191.7,11,2,53,6,2108.7,1529.33,579.37,1,0,2025-11
1001708,2025-11-17,Office Supplies,West,Supplier B,WH-West,Express,6,50.12,9,73.25,6,0,37,9,439.5,300.72,138.78,0,0,2025-11
1004794,2025-11-18,Apparel,South,Supplier C,WH-South,Express,7,176.99,5,308.93,6,1,36,6,1853.58,1061.94,791.64,1,0,2025-11
1005035,2025-11-18,Electronics,North,Supplier C,WH-East,Standard,14,313.58,9,478.22,12,2,25,10,5738.64,3762.96,1975.68,1,1,2025-11
1005769,2025-11-18,Office Supplies,West,Supplier E,WH-West,Express,17,179.32,8,302.25,17,0,38,10,5138.25,3048.44,2089.81,0,0,2025-11
1004809,2025-11-18,Electronics,West,Supplier E,WH-East,Standard,22,356.99,9,425.14,21,1,76,8,8927.94,7496.79,1431.15,1,1,2025-11
1002051,2025-11-18,Home & Kitchen,East,Supplier D,WH-East,Standard,8,367.21,8,453.82,8,0,59,8,3630.56,2937.68,692.88,0,1,2025-11
1003378,2025-11-18,Electronics,East,Supplier C,WH-South,Express,5,273.75,10,384.05,5,0,77,10,1920.25,1368.75,551.5,0,0,2025-11
1001584,2025-11-18,Electronics,West,Supplier E,WH-East,Express,5,74.14,10,110.09,5,0,22,10,550.45,370.7,179.75,0,0,2025-11
1000316,2025-11-18,Electronics,West,Supplier B,WH-South,Standard,13,44.26,8,55.43,12,1,26,8,665.16,531.12,134.04,1,1,2025-11
1002970,2025-11-18,Health & Beauty,West,Supplier B,WH-South,Standard,16,339.57,11,585.2,16,0,45,11,9363.2,5433.12,3930.08,0,1,2025-11
1001433,2025-11-18,Health & Beauty,South,Supplier D,WH-West,Standard,8,195.01,14,274.92,8,0,15,13,2199.36,1560.08,639.28,0,0,2025-11
1005302,2025-11-18,Electronics,East,Supplier B,WH-South,Standard,7,207.3,17,307.35,6,1,35,15,1844.1,1243.8,600.3,1,0,2025-11
1001888,2025-11-19,Electronics,East,Supplier D,WH-West,Same Day,4,169.39,15,294.77,4,0,18,17,1179.08,677.56,501.52,0,0,2025-11
1000540,2025-11-19,Electronics,West,Supplier C,WH-North,Express,9,441.67,16,740.45,8,1,55,18,5923.6,3533.36,2390.24,1,0,2025-11
1003274,2025-11-19,Apparel,South,Supplier D,WH-North,Express,23,448.2,7,632.6,22,1,44,5,13917.2,9860.4,4056.8,1,1,2025-11
1001492,2025-11-19,Home & Kitchen,West,Supplier B,WH-North,Standard,6,418.69,7,645.45,6,0,42,8,3872.7,2512.14,1360.56,0,1,2025-11
1003218,2025-11-19,Apparel,West,Supplier A,WH-East,Standard,19,120.92,3,176.59,16,3,71,2,2825.44,1934.72,890.72,1,1,2025-11
1001180,2025-11-19,Electronics,West,Supplier E,WH-East,Express,24,186.95,9,293.39,22,2,50,11,6454.58,4112.9,2341.68,1,0,2025-11
1000733,2025-11-19,Electronics,East,Supplier B,WH-South,Standard,17,141.55,16,242.07,15,2,51,18,3631.05,2123.25,1507.8,1,0,2025-11
1004303,2025-11-19,Office Supplies,West,Supplier D,WH-East,Standard,17,251.75,17,353.34,17,0,39,18,6006.78,4279.75,1727.03,0,0,2025-11
1001540,2025-11-19,Electronics,South,Supplier A,WH-West,Standard,10,213.86,5,268.31,10,0,26,4,2683.1,2138.6,544.5,0,1,2025-11
1001828,2025-11-20,Home & Kitchen,North,Supplier D,WH-South,Standard,18,383.8,6,484.18,18,0,68,5,8715.24,6908.4,1806.84,0,1,2025-11
1000989,2025-11-20,Apparel,North,Supplier A,WH-East,Standard,7,359.77,11,600.79,6,1,79,12,3604.74,2158.62,1446.12,1,1,2025-11
1002401,2025-11-20,Home & Kitchen,East,Supplier B,WH-East,Express,20,436.54,9,634.62,20,0,24,7,12692.4,8730.8,3961.6,0,0,2025-11
1002830,2025-11-20,Electronics,North,Supplier A,WH-West,Standard,8,429.86,5,727.37,7,1,74,5,5091.59,3009.02,2082.57,1,1,2025-11
1002428,2025-11-20,Home & Kitchen,South,Supplier C,WH-North,Standard,15,110.67,17,142.85,11,4,16,19,1571.35,1217.37,353.98,1,0,2025-11
1001547,2025-11-20,Health & Beauty,West,Supplier C,WH-West,Standard,16,164.75,16,252.15,15,1,77,16,3782.25,2471.25,1311.0,1,0,2025-11
1004793,2025-11-20,Health & Beauty,East,Supplier C,WH-West,Standard,12,40.23,5,51.7,12,0,51,5,620.4,482.76,137.64,0,1,2025-11
1004379,2025-11-20,Office Supplies,South,Supplier A,WH-East,Standard,22,370.22,16,625.41,21,1,60,14,13133.61,7774.62,5358.99,1,0,2025-11
1000498,2025-11-20,Office Supplies,North,Supplier E,WH-East,Standard,21,56.66,4,72.41,21,0,30,6,1520.61,1189.86,330.75,0,1,2025-11
1001985,2025-11-21,Electronics,North,Supplier D,WH-East,Standard,4,420.56,6,555.09,4,0,11,6,2220.36,1682.24,538.12,0,1,2025-11
1001039,2025-11-21,Office Supplies,East,Supplier E,WH-East,Standard,5,199.0,11,237.01,5,0,24,9,1185.05,995.0,190.05,0,1,2025-11
1000502,2025-11-21,Home & Kitchen,North,Supplier A,WH-South,Standard,8,66.74,8,112.51,8,0,54,7,900.08,533.92,366.16,0,1,2025-11
1004434,2025-11-21,Health & Beauty,South,Supplier D,WH-East,Standard,22,232.1,3,334.2,19,3,30,4,6349.8,4409.9,1939.9,1,1,2025-11
1004107,2025-11-21,Office Supplies,South,Supplier C,WH-North,Standard,3,431.66,14,503.62,3,0,36,14,1510.86,1294.98,215.88,0,0,2025-11
1001786,2025-11-21,Office Supplies,North,Supplier D,WH-East,Express,11,10.32,15,17.11,10,1,37,13,171.1,103.2,67.9,1,0,2025-11
1003689,2025-11-21,Apparel,South,Supplier B,WH-North,Express,19,307.71,5,424.07,18,1,32,4,7633.26,5538.78,2094.48,1,1,2025-11
1003503,2025-11-21,Apparel,North,Supplier A,WH-West,Standard,12,206.11,3,282.83,11,1,46,5,3111.13,2267.21,843.92,1,1,2025-11
1000142,2025-11-21,Apparel,East,Supplier B,WH-North,Standard,12,296.91,10,411.33,9,3,39,8,3701.97,2672.19,1029.78,1,1,2025-11
1000198,2025-11-22,Office Supplies,West,Supplier A,WH-North,Express,8,348.6,10,607.8,8,0,76,10,4862.4,2788.8,2073.6,0,0,2025-11
1003027,2025-11-22,Health & Beauty,North,Supplier B,WH-East,Standard,24,252.85,4,388.62,23,1,38,4,8938.26,5815.55,3122.71,1,1,2025-11
1005172,2025-11-22,Office Supplies,North,Supplier A,WH-East,Standard,16,82.6,2,140.69,15,1,60,3,2110.35,1239.0,871.35,1,1,2025-11
1000925,2025-11-22,Home & Kitchen,East,Supplier B,WH-East,Standard,6,194.84,14,275.19,5,1,39,14,1375.95,974.2,401.75,1,0,2025-11
1005653,2025-11-22,Health & Beauty,South,Supplier A,WH-East,Standard,24,394.2,14,461.24,20,4,41,12,9224.8,7884.0,1340.8,1,1,2025-11
1000412,2025-11-22,Home & Kitchen,South,Supplier B,WH-West,Express,23,289.39,7,473.23,23,0,35,9,10884.29,6655.97,4228.32,0,0,2025-11
1000866,2025-11-22,Office Supplies,West,Supplier C,WH-North,Express,9,12.4,2,14.67,9,0,68,2,132.03,111.6,20.43,0,1,2025-11
1003867,2025-11-23,Office Supplies,North,Supplier D,WH-East,Standard,20,127.3,12,195.43,19,1,55,12,3713.17,2418.7,1294.47,1,1,2025-11
1001341,2025-11-23,Electronics,North,Supplier C,WH-East,Standard,17,426.89,13,673.29,15,2,21,11,10099.35,6403.35,3696.0,1,1,2025-11
1005347,2025-11-23,Home & Kitchen,West,Supplier B,WH-West,Express,19,235.22,11,284.23,18,1,25,11,5116.14,4233.96,882.18,1,0,2025-11
1001748,2025-11-23,Office Supplies,West,Supplier E,WH-West,Express,10,177.14,2,234.12,10,0,11,4,2341.2,1771.4,569.8,0,1,2025-11
1005291,2025-11-23,Electronics,West,Supplier D,WH-West,Same Day,15,254.82,7,307.81,14,1,47,8,4309.34,3567.48,741.86,1,0,2025-11
1001612,2025-11-23,Apparel,West,Supplier B,WH-North,Express,9,20.09,4,26.86,8,1,45,4,214.88,160.72,54.16,1,1,2025-11
1002460,2025-11-23,Electronics,South,Supplier D,WH-South,Same Day,21,337.49,14,493.79,19,2,39,15,9382.01,6412.31,2969.7,1,0,2025-11
1003792,2025-11-23,Home & Kitchen,South,Supplier D,WH-South,Standard,10,152.48,13,266.72,9,1,51,12,2400.48,1372.32,1028.16,1,1,2025-11
1001990,2025-11-23,Electronics,North,Supplier D,WH-South,Standard,16,346.64,7,466.99,16,0,70,8,7471.84,5546.24,1925.6,0,1,2025-11
1004647,2025-11-23,Electronics,East,Supplier C,WH-West,Standard,24,171.03,10,232.59,21,3,19,10,4884.39,3591.63,1292.76,1,1,2025-11
1004018,2025-11-23,Electronics,West,Supplier C,WH-South,Same Day,8,193.81,16,285.51,8,0,58,16,2284.08,1550.48,733.6,0,0,2025-11
1002573,2025-11-23,Electronics,East,Supplier D,WH-East,Standard,21,246.61,17,426.46,20,1,13,16,8529.2,4932.2,3597.0,1,0,2025-11
1000587,2025-11-23,Office Supplies,North,Supplier A,WH-North,Standard,19,192.24,14,222.27,18,1,74,15,4000.86,3460.32,540.54,1,0,2025-11
1005176,2025-11-24,Home & Kitchen,West,Supplier D,WH-North,Standard,2,42.11,15,51.63,2,0,32,15,103.26,84.22,19.04,0,0,2025-11
1004270,2025-11-24,Office Supplies,South,Supplier A,WH-South,Standard,23,340.63,12,533.39,20,3,62,10,10667.8,6812.6,3855.2,1,1,2025-11
1005734,2025-11-24,Home & Kitchen,South,Supplier E,WH-South,Standard,21,183.7,10,224.45,21,0,65,10,4713.45,3857.7,855.75,0,1,2025-11
1005385,2025-11-24,Home & Kitchen,North,Supplier A,WH-West,Standard,18,48.69,12,58.47,16,2,19,12,935.52,779.04,156.48,1,1,2025-11
1004444,2025-11-24,Apparel,East,Supplier B,WH-West,Standard,6,436.11,6,649.24,6,0,18,7,3895.44,2616.66,1278.78,0,1,2025-11
1004883,2025-11-24,Office Supplies,East,Supplier B,WH-South,Standard,12,181.03,5,215.7,12,0,48,5,2588.4,2172.36,416.04,0,1,2025-11
1004675,2025-11-24,Home & Kitchen,East,Supplier E,WH-South,Standard,18,63.93,5,101.13,16,2,79,3,1618.08,1022.88,595.2,1,1,2025-11
1001860,2025-11-25,Apparel,North,Supplier A,WH-North,Standard,4,367.25,12,605.71,4,0,64,10,2422.84,1469.0,953.84,0,1,2025-11
1003138,2025-11-25,Electronics,South,Supplier A,WH-East,Standard,9,204.6,6,304.72,8,1,14,6,2437.76,1636.8,800.96,1,1,2025-11
1003491,2025-11-25,Office Supplies,North,Supplier E,WH-West,Standard,7,407.16,15,501.98,6,1,17,15,3011.88,2442.96,568.92,1,0,2025-11
1004838,2025-11-25,Electronics,North,Supplier B,WH-East,Standard,22,77.24,11,90.03,17,5,34,13,1530.51,1313.08,217.43,1,0,2025-11
1004865,2025-11-25,Health & Beauty,North,Supplier C,WH-West,Standard,16,94.43,17,110.86,16,0,26,17,1773.76,1510.88,262.88,0,0,2025-11
1000549,2025-11-25,Electronics,East,Supplier A,WH-West,Standard,5,297.79,7,426.79,5,0,13,8,2133.95,1488.95,645.0,0,1,2025-11
1002638,2025-11-26,Health & Beauty,East,Supplier C,WH-West,Standard,13,245.15,9,414.27,13,0,57,9,5385.51,3186.95,2198.56,0,1,2025-11
1000823,2025-11-26,Home & Kitchen,West,Supplier E,WH-West,Standard,12,233.93,11,317.83,11,1,71,13,3496.13,2573.23,922.9,1,0,2025-11
1001083,2025-11-26,Electronics,East,Supplier B,WH-East,Standard,19,8.06,4,13.15,17,2,42,6,223.55,137.02,86.53,1,1,2025-11
1003932,2025-11-26,Apparel,West,Supplier E,WH-North,Express,2,208.45,3,274.05,2,0,55,4,548.1,416.9,131.2,0,1,2025-11
1003539,2025-11-26,Apparel,North,Supplier A,WH-South,Standard,11,250.3,11,404.0,10,1,51,11,4040.0,2503.0,1537.0,1,1,2025-11
1002823,2025-11-26,Office Supplies,South,Supplier B,WH-East,Same Day,10,257.84,8,397.24,10,0,54,10,3972.4,2578.4,1394.0,0,0,2025-11
1005370,2025-11-26,Health & Beauty,East,Supplier A,WH-West,Standard,9,370.03,8,468.52,8,1,20,8,3748.16,2960.24,787.92,1,1,2025-11
1005253,2025-11-26,Office Supplies,North,Supplier D,WH-North,Standard,16,123.46,8,166.3,14,2,78,8,2328.2,1728.44,599.76,1,1,2025-11
1001482,2025-11-27,Electronics,East,Supplier E,WH-South,Standard,16,220.47,4,284.36,16,0,43,2,4549.76,3527.52,1022.24,0,1,2025-11
1000464,2025-11-27,Home & Kitchen,West,Supplier D,WH-North,Standard,13,48.41,9,77.55,12,1,35,10,930.6,580.92,349.68,1,1,2025-11
1003790,2025-11-28,Apparel,South,Supplier C,WH-East,Standard,2,288.63,14,341.09,2,0,56,13,682.18,577.26,104.92,0,0,2025-11
1003692,2025-11-28,Health & Beauty,West,Supplier E,WH-East,Standard,23,54.61,5,67.95,19,4,51,4,1291.05,1037.59,253.46,1,1,2025-11
1001593,2025-11-28,Apparel,East,Supplier A,WH-South,Express,19,46.9,16,54.16,18,1,49,17,974.88,844.2,130.68,1,0,2025-11
1004467,2025-11-28,Electronics,South,Supplier C,WH-West,Standard,2,340.95,2,568.84,2,0,20,1,1137.68,681.9,455.78,0,1,2025-11
1002693,2025-11-28,Home & Kitchen,West,Supplier A,WH-East,Express,7,230.95,17,330.92,7,0,39,16,2316.44,1616.65,699.79,0,0,2025-11
1005369,2025-11-28,Home & Kitchen,West,Supplier E,WH-South,Standard,11,114.28,11,196.48,11,0,28,13,2161.28,1257.08,904.2,0,0,2025-11
1002718,2025-11-28,Apparel,East,Supplier D,WH-West,Express,2,294.33,7,431.83,2,0,27,7,863.66,588.66,275.0,0,0,2025-11
1000700,2025-11-28,Electronics,East,Supplier E,WH-North,Standard,9,226.08,16,375.37,8,1,71,15,3002.96,1808.64,1194.32,1,0,2025-11
1000403,2025-11-28,Home & Kitchen,West,Supplier D,WH-West,Standard,21,262.48,7,400.78,20,1,49,7,8015.6,5249.6,2766.0,1,1,2025-11
1000156,2025-11-29,Health & Beauty,South,Supplier C,WH-East,Standard,16,279.59,2,387.87,16,0,16,2,6205.92,4473.44,1732.48,0,1,2025-11
1003794,2025-11-29,Office Supplies,North,Supplier B,WH-North,Standard,11,320.2,15,389.05,11,0,39,14,4279.55,3522.2,757.35,0,0,2025-11
1004798,2025-11-29,Apparel,West,Supplier A,WH-West,Standard,24,413.14,16,506.85,21,3,35,14,10643.85,8675.94,1967.91,1,0,2025-11
1000211,2025-11-29,Apparel,North,Supplier E,WH-West,Standard,3,51.89,15,80.89,3,0,68,16,242.67,155.67,87.0,0,0,2025-11
1005103,2025-11-29,Apparel,East,Supplier B,WH-West,Standard,5,32.56,16,41.0,5,0,48,16,205.0,162.8,42.2,0,0,2025-11
1004826,2025-11-29,Home & Kitchen,South,Supplier C,WH-North,Standard,12,271.35,16,392.86,12,0,52,16,4714.32,3256.2,1458.12,0,0,2025-11
1005139,2025-11-29,Electronics,West,Supplier E,WH-East,Express,23,74.42,9,115.72,22,1,14,7,2545.84,1637.24,908.6,1,0,2025-11
1000881,2025-11-29,Electronics,South,Supplier D,WH-West,Express,8,146.16,5,188.69,5,3,32,7,943.45,730.8,212.65,1,0,2025-11
1000559,2025-11-29,Health & Beauty,North,Supplier C,WH-North,Express,1,118.18,3,154.49,1,0,41,4,154.49,118.18,36.31,0,1,2025-11
1005819,2025-11-29,Apparel,North,Supplier B,WH-East,Standard,18,58.98,6,90.84,16,2,39,5,1453.44,943.68,509.76,1,1,2025-11
1003933,2025-11-29,Office Supplies,North,Supplier D,WH-West,Standard,22,326.31,7,384.05,21,1,30,6,8065.05,6852.51,1212.54,1,1,2025-11
1001845,2025-11-30,Electronics,West,Supplier A,WH-North,Express,1,433.76,5,693.34,1,0,12,7,693.34,433.76,259.58,0,0,2025-11
1000038,2025-11-30,Home & Kitchen,West,Supplier A,WH-West,Express,15,63.7,14,95.41,15,0,45,12,1431.15,955.5,475.65,0,0,2025-11
1005359,2025-11-30,Health & Beauty,West,Supplier D,WH-North,Standard,7,37.21,5,48.25,6,1,39,3,289.5,223.26,66.24,1,1,2025-11
1004046,2025-11-30,Office Supplies,North,Supplier E,WH-East,Standard,23,36.61,8,54.69,20,3,19,6,1093.8,732.2,361.6,1,1,2025-11
1002467,2025-11-30,Electronics,South,Supplier C,WH-South,Standard,22,422.02,7,701.63,21,1,18,6,14734.23,8862.42,5871.81,1,1,2025-11
1005596,2025-11-30,Home & Kitchen,West,Supplier E,WH-West,Standard,4,265.77,4,416.35,3,1,35,3,1249.05,797.31,451.74,1,1,2025-11
1001647,2025-11-30,Health & Beauty,East,Supplier A,WH-South,Express,6,218.58,5,334.39,6,0,79,4,2006.34,1311.48,694.86,0,1,2025-11
1001618,2025-11-30,Health & Beauty,South,Supplier B,WH-South,Standard,5,101.01,16,173.93,5,0,20,18,869.65,505.05,364.6,0,0,2025-11
1001262,2025-11-30,Apparel,North,Supplier C,WH-North,Express,8,132.04,3,164.98,8,0,22,1,1319.84,1056.32,263.52,0,1,2025-11
1005247,2025-11-30,Health & Beauty,South,Supplier B,WH-North,Standard,24,111.03,10,139.16,22,2,12,10,3061.52,2442.66,618.86,1,1,2025-11
1002225,2025-11-30,Electronics,East,Supplier B,WH-East,Standard,14,72.52,4,94.28,13,1,78,3,1225.64,942.76,282.88,1,1,2025-11
1003879,2025-11-30,Electronics,North,Supplier B,WH-West,Standard,15,304.57,3,400.15,13,2,38,1,5201.95,3959.41,1242.54,1,1,2025-11
1000358,2025-11-30,Home & Kitchen,South,Supplier A,WH-West,Standard,21,38.33,16,56.87,19,2,68,18,1080.53,728.27,352.26,1,0,2025-11
1004094,2025-11-30,Office Supplies,South,Supplier C,WH-North,Standard,4,293.9,14,501.9,4,0,21,16,2007.6,1175.6,832.0,0,0,2025-11
1004203,2025-12-01,Home & Kitchen,South,Supplier E,WH-North,Standard,1,344.63,2,576.21,1,0,77,2,576.21,344.63,231.58,0,1,2025-12
1000006,2025-12-01,Apparel,North,Supplier B,WH-North,Standard,17,49.86,3,58.91,17,0,36,2,1001.47,847.62,153.85,0,1,2025-12
1002636,2025-12-01,Office Supplies,East,Supplier B,WH-East,Express,4,327.95,4,412.68,4,0,27,3,1650.72,1311.8,338.92,0,1,2025-12
1003000,2025-12-01,Home & Kitchen,East,Supplier C,WH-South,Express,7,187.88,11,254.23,7,0,63,13,1779.61,1315.16,464.45,0,0,2025-12
1003521,2025-12-01,Home & Kitchen,South,Supplier C,WH-East,Standard,14,18.98,2,24.36,13,1,70,2,316.68,246.74,69.94,1,1,2025-12
1005144,2025-12-01,Electronics,East,Supplier B,WH-East,Standard,21,33.19,14,43.57,18,3,58,12,784.26,597.42,186.84,1,1,2025-12
1001186,2025-12-01,Electronics,West,Supplier D,WH-North,Same Day,17,406.04,13,615.96,17,0,10,14,10471.32,6902.68,3568.64,0,0,2025-12
1003220,2025-12-01,Apparel,North,Supplier E,WH-West,Standard,19,302.29,9,507.08,19,0,16,10,9634.52,5743.51,3891.01,0,1,2025-12
1000086,2025-12-02,Home & Kitchen,West,Supplier B,WH-North,Standard,14,314.35,15,548.05,12,2,37,13,6576.6,3772.2,2804.4,1,0,2025-12
1004116,2025-12-02,Home & Kitchen,South,Supplier A,WH-South,Standard,5,373.15,8,509.86,4,1,41,7,2039.44,1492.6,546.84,1,1,2025-12
1002319,2025-12-02,Health & Beauty,South,Supplier B,WH-West,Standard,16,61.35,14,88.09,15,1,53,14,1321.35,920.25,401.1,1,0,2025-12
1003085,2025-12-02,Apparel,East,Supplier E,WH-East,Standard,11,171.7,2,262.11,9,2,46,2,2358.99,1545.3,813.69,1,1,2025-12
1005194,2025-12-02,Home & Kitchen,West,Supplier E,WH-North,Standard,22,158.48,16,226.36,21,1,20,16,4753.56,3328.08,1425.48,1,0,2025-12
1001334,2025-12-02,Apparel,East,Supplier B,WH-North,Same Day,17,110.69,10,189.88,16,1,20,8,3038.08,1771.04,1267.04,1,0,2025-12
1005108,2025-12-02,Health & Beauty,North,Supplier B,WH-North,Express,20,222.97,15,291.46,17,3,50,16,4954.82,3790.49,1164.33,1,0,2025-12
1005395,2025-12-02,Health & Beauty,West,Supplier A,WH-North,Standard,10,296.2,3,468.0,10,0,14,3,4680.0,2962.0,1718.0,0,1,2025-12
1002640,2025-12-03,Apparel,East,Supplier A,WH-East,Standard,16,213.26,11,280.45,15,1,50,12,4206.75,3198.9,1007.85,1,1,2025-12
1003645,2025-12-03,Electronics,North,Supplier E,WH-East,Standard,15,336.47,12,430.03,14,1,57,13,6020.42,4710.58,1309.84,1,0,2025-12
1005604,2025-12-03,Electronics,East,Supplier A,WH-South,Standard,8,315.12,2,526.2,7,1,79,1,3683.4,2205.84,1477.56,1,1,2025-12
1002469,2025-12-03,Home & Kitchen,South,Supplier B,WH-West,Standard,17,145.2,4,182.36,16,1,39,5,2917.76,2323.2,594.56,1,1,2025-12
1003569,2025-12-03,Electronics,South,Supplier C,WH-North,Same Day,24,161.52,16,236.97,23,1,55,14,5450.31,3714.96,1735.35,1,0,2025-12
1002432,2025-12-03,Apparel,East,Supplier E,WH-East,Express,16,332.81,14,548.28,16,0,25,16,8772.48,5324.96,3447.52,0,0,2025-12
1000074,2025-12-03,Home & Kitchen,West,Supplier E,WH-East,Standard,9,204.99,11,264.31,9,0,18,12,2378.79,1844.91,533.88,0,1,2025-12
1004714,2025-12-04,Apparel,South,Supplier D,WH-West,Standard,6,316.51,14,519.83,6,0,67,12,3118.98,1899.06,1219.92,0,1,2025-12
1000455,2025-12-04,Home & Kitchen,North,Supplier D,WH-West,Express,18,74.67,7,89.98,15,3,74,7,1349.7,1120.05,229.65,1,0,2025-12
1003500,2025-12-04,Health & Beauty,North,Supplier D,WH-East,Standard,18,440.39,2,590.5,15,3,53,1,8857.5,6605.85,2251.65,1,1,2025-12
1002737,2025-12-04,Apparel,West,Supplier A,WH-North,Standard,1,49.51,6,75.69,1,0,48,4,75.69,49.51,26.18,0,1,2025-12
1000705,2025-12-04,Office Supplies,West,Supplier E,WH-South,Standard,6,410.57,11,482.7,6,0,64,9,2896.2,2463.42,432.78,0,1,2025-12
1002045,2025-12-04,Office Supplies,West,Supplier D,WH-East,Standard,13,253.97,3,307.08,12,1,17,1,3684.96,3047.64,637.32,1,1,2025-12
1001680,2025-12-04,Electronics,South,Supplier E,WH-South,Standard,15,172.22,3,226.45,15,0,48,2,3396.75,2583.3,813.45,0,1,2025-12
1002785,2025-12-04,Electronics,North,Supplier C,WH-East,Express,16,333.63,6,428.89,13,3,34,7,5575.57,4337.19,1238.38,1,0,2025-12
1003229,2025-12-04,Electronics,South,Supplier E,WH-South,Standard,7,432.56,15,530.19,7,0,49,15,3711.33,3027.92,683.41,0,0,2025-12
1000788,2025-12-04,Home & Kitchen,South,Supplier B,WH-North,Standard,15,375.31,13,458.69,15,0,69,12,6880.35,5629.65,1250.7,0,1,2025-12
1003244,2025-12-04,Health & Beauty,North,Supplier B,WH-North,Standard,23,132.53,15,212.08,21,2,55,17,4453.68,2783.13,1670.55,1,0,2025-12
1002902,2025-12-04,Office Supplies,North,Supplier A,WH-North,Standard,2,324.32,14,563.12,2,0,30,14,1126.24,648.64,477.6,0,0,2025-12
1001673,2025-12-05,Apparel,West,Supplier D,WH-East,Express,20,341.33,10,504.59,17,3,78,12,8578.03,5802.61,2775.42,1,0,2025-12
1001340,2025-12-05,Electronics,West,Supplier B,WH-North,Standard,20,36.94,17,44.44,19,1,39,15,844.36,701.86,142.5,1,0,2025-12
1001503,2025-12-05,Office Supplies,South,Supplier C,WH-East,Standard,10,429.72,5,693.51,9,1,57,5,6241.59,3867.48,2374.11,1,1,2025-12
1000301,2025-12-06,Electronics,West,Supplier D,WH-North,Standard,11,288.25,14,378.23,9,2,20,14,3404.07,2594.25,809.82,1,0,2025-12
1005884,2025-12-06,Health & Beauty,West,Supplier E,WH-North,Standard,4,84.37,13,116.24,3,1,61,13,348.72,253.11,95.61,1,0,2025-12
1001944,2025-12-07,Home & Kitchen,East,Supplier C,WH-West,Standard,16,265.92,9,463.33,16,0,53,8,7413.28,4254.72,3158.56,0,1,2025-12
1001713,2025-12-07,Office Supplies,North,Supplier E,WH-West,Standard,6,8.05,17,10.22,6,0,78,16,61.32,48.3,13.02,0,0,2025-12
1004072,2025-12-07,Home & Kitchen,West,Supplier B,WH-North,Standard,17,420.8,6,539.82,16,1,21,6,8637.12,6732.8,1904.32,1,1,2025-12
1001268,2025-12-07,Home & Kitchen,East,Supplier A,WH-West,Standard,17,279.88,10,338.81,16,1,35,10,5420.96,4478.08,942.88,1,1,2025-12
1002862,2025-12-08,Apparel,East,Supplier B,WH-West,Express,19,356.53,5,468.72,18,1,60,5,8436.96,6417.54,2019.42,1,1,2025-12
1003413,2025-12-08,Office Supplies,South,Supplier E,WH-East,Standard,11,271.75,12,342.38,10,1,17,11,3423.8,2717.5,706.3,1,1,2025-12
1005063,2025-12-08,Apparel,South,Supplier B,WH-East,Same Day,6,185.93,17,269.56,4,2,15,15,1078.24,743.72,334.52,1,0,2025-12
1002474,2025-12-08,Health & Beauty,East,Supplier D,WH-East,Express,3,355.44,12,601.82,3,0,39,11,1805.46,1066.32,739.14,0,0,2025-12
1002243,2025-12-08,Office Supplies,North,Supplier D,WH-East,Standard,24,139.01,17,194.94,22,2,65,15,4288.68,3058.22,1230.46,1,0,2025-12
1003129,2025-12-08,Office Supplies,South,Supplier A,WH-East,Standard,13,101.36,7,172.48,12,1,35,6,2069.76,1216.32,853.44,1,1,2025-12
1005419,2025-12-09,Health & Beauty,North,Supplier E,WH-North,Standard,20,348.13,8,418.66,18,2,62,7,7535.88,6266.34,1269.54,1,1,2025-12
1002937,2025-12-09,Office Supplies,North,Supplier D,WH-East,Standard,16,206.92,11,352.52,15,1,17,12,5287.8,3103.8,2184.0,1,1,2025-12
1001265,2025-12-09,Office Supplies,South,Supplier C,WH-East,Express,5,195.42,9,313.56,5,0,44,10,1567.8,977.1,590.7,0,0,2025-12
1004845,2025-12-09,Office Supplies,East,Supplier C,WH-North,Standard,19,273.31,7,473.17,18,1,21,9,8517.06,4919.58,3597.48,1,1,2025-12
1004037,2025-12-09,Office Supplies,West,Supplier B,WH-South,Standard,22,266.7,4,444.41,21,1,33,6,9332.61,5600.7,3731.91,1,1,2025-12
1005893,2025-12-09,Home & Kitchen,East,Supplier A,WH-North,Standard,9,267.55,15,439.88,8,1,35,15,3519.04,2140.4,1378.64,1,0,2025-12
1000743,2025-12-09,Home & Kitchen,North,Supplier A,WH-South,Standard,21,376.31,11,481.02,19,2,48,11,9139.38,7149.89,1989.49,1,1,2025-12
1000717,2025-12-09,Home & Kitchen,West,Supplier A,WH-East,Standard,10,445.07,10,703.86,9,1,72,10,6334.74,4005.63,2329.11,1,1,2025-12
1004867,2025-12-09,Office Supplies,West,Supplier A,WH-East,Standard,14,405.63,14,629.9,13,1,15,16,8188.7,5273.19,2915.51,1,0,2025-12
1005427,2025-12-10,Electronics,West,Supplier D,WH-West,Standard,2,44.01,9,53.36,2,0,36,8,106.72,88.02,18.7,0,1,2025-12
1000226,2025-12-10,Apparel,North,Supplier A,WH-West,Standard,7,224.43,5,272.65,5,2,42,7,1363.25,1122.15,241.1,1,1,2025-12
1002776,2025-12-10,Home & Kitchen,East,Supplier C,WH-North,Standard,5,183.55,14,273.16,5,0,56,12,1365.8,917.75,448.05,0,1,2025-12
1001167,2025-12-10,Home & Kitchen,South,Supplier A,WH-South,Standard,9,162.04,11,203.5,8,1,16,13,1628.0,1296.32,331.68,1,0,2025-12
1002759,2025-12-10,Health & Beauty,South,Supplier A,WH-North,Standard,11,330.3,16,393.69,10,1,48,14,3936.9,3303.0,633.9,1,0,2025-12
1001411,2025-12-10,Electronics,South,Supplier D,WH-North,Same Day,9,193.91,7,260.48,9,0,63,7,2344.32,1745.19,599.13,0,0,2025-12
1001511,2025-12-10,Apparel,East,Supplier C,WH-North,Express,3,226.48,9,379.89,3,0,41,10,1139.67,679.44,460.23,0,0,2025-12
1000183,2025-12-10,Electronics,North,Supplier A,WH-South,Standard,13,19.8,11,28.1,13,0,63,11,365.3,257.4,107.9,0,1,2025-12
1000935,2025-12-10,Electronics,South,Supplier B,WH-North,Standard,15,433.85,15,605.76,13,2,44,14,7874.88,5640.05,2234.83,1,0,2025-12
1005825,2025-12-10,Electronics,East,Supplier B,WH-South,Standard,12,328.84,16,477.6,11,1,74,16,5253.6,3617.24,1636.36,1,0,2025-12
1001520,2025-12-11,Electronics,North,Supplier B,WH-North,Same Day,11,286.82,6,468.54,10,1,32,7,4685.4,2868.2,1817.2,1,0,2025-12
1005717,2025-12-11,Office Supplies,East,Supplier B,WH-South,Express,15,190.42,10,295.86,13,2,51,11,3846.18,2475.46,1370.72,1,0,2025-12
1001424,2025-12-11,Electronics,South,Supplier B,WH-South,Standard,15,142.93,3,196.28,15,0,69,3,2944.2,2143.95,800.25,0,1,2025-12
1002079,2025-12-11,Office Supplies,East,Supplier E,WH-South,Standard,10,422.19,13,557.17,10,0,18,12,5571.7,4221.9,1349.8,0,1,2025-12
1000253,2025-12-11,Home & Kitchen,East,Supplier E,WH-North,Standard,16,434.43,14,580.04,16,0,28,13,9280.64,6950.88,2329.76,0,0,2025-12
1005831,2025-12-11,Health & Beauty,South,Supplier E,WH-South,Express,18,110.33,6,187.43,18,0,17,7,3373.74,1985.94,1387.8,0,0,2025-12
1002252,2025-12-12,Office Supplies,East,Supplier E,WH-South,Standard,3,77.16,15,123.37,3,0,41,15,370.11,231.48,138.63,0,0,2025-12
1005340,2025-12-12,Office Supplies,West,Supplier A,WH-East,Same Day,11,299.72,12,449.81,11,0,13,10,4947.91,3296.92,1650.99,0,0,2025-12
1001104,2025-12-12,Health & Beauty,East,Supplier D,WH-South,Standard,16,144.12,14,190.12,13,3,15,14,2471.56,1873.56,598.0,1,0,2025-12
1005094,2025-12-12,Electronics,South,Supplier A,WH-North,Standard,20,160.62,7,280.73,20,0,76,8,5614.6,3212.4,2402.2,0,1,2025-12
1005212,2025-12-12,Office Supplies,South,Supplier E,WH-West,Standard,17,121.25,11,199.18,17,0,16,12,3386.06,2061.25,1324.81,0,1,2025-12
1003102,2025-12-13,Electronics,South,Supplier A,WH-East,Standard,8,98.96,8,134.56,8,0,29,7,1076.48,791.68,284.8,0,1,2025-12
1003708,2025-12-13,Home & Kitchen,South,Supplier B,WH-South,Standard,19,236.16,7,355.91,18,1,20,6,6406.38,4250.88,2155.5,1,1,2025-12
1003298,2025-12-13,Office Supplies,West,Supplier E,WH-North,Express,3,418.32,11,616.57,3,0,74,9,1849.71,1254.96,594.75,0,0,2025-12
1004567,2025-12-13,Electronics,North,Supplier D,WH-North,Standard,20,308.54,9,513.12,18,2,49,9,9236.16,5553.72,3682.44,1,1,2025-12
1001375,2025-12-13,Office Supplies,West,Supplier C,WH-North,Express,23,18.2,10,31.76,23,0,39,12,730.48,418.6,311.88,0,0,2025-12
1001800,2025-12-14,Health & Beauty,West,Supplier E,WH-East,Standard,18,336.15,8,419.42,16,2,72,10,6710.72,5378.4,1332.32,1,1,2025-12
1004484,2025-12-14,Office Supplies,East,Supplier D,WH-East,Standard,24,255.29,8,373.12,23,1,39,8,8581.76,5871.67,2710.09,1,1,2025-12
1000895,2025-12-14,Electronics,North,Supplier C,WH-East,Standard,4,49.32,16,81.02,4,0,40,16,324.08,197.28,126.8,0,0,2025-12
1001871,2025-12-14,Office Supplies,South,Supplier E,WH-West,Standard,22,324.51,7,383.67,20,2,41,7,7673.4,6490.2,1183.2,1,1,2025-12
1000635,2025-12-14,Electronics,West,Supplier E,WH-West,Standard,1,347.9,13,478.72,1,0,42,13,478.72,347.9,130.82,0,0,2025-12
1005540,2025-12-14,Home & Kitchen,East,Supplier E,WH-West,Express,19,380.25,7,606.86,18,1,52,7,10923.48,6844.5,4078.98,1,0,2025-12
1000749,2025-12-14,Electronics,West,Supplier D,WH-West,Express,9,132.89,13,169.09,6,3,71,14,1014.54,797.34,217.2,1,0,2025-12
1004282,2025-12-14,Apparel,West,Supplier B,WH-North,Express,17,250.83,14,358.04,14,3,34,15,5012.56,3511.62,1500.94,1,0,2025-12
1005166,2025-12-14,Home & Kitchen,North,Supplier E,WH-West,Standard,2,303.89,10,479.34,2,0,52,8,958.68,607.78,350.9,0,1,2025-12
1001282,2025-12-14,Home & Kitchen,North,Supplier A,WH-South,Standard,7,427.3,11,527.94,7,0,12,9,3695.58,2991.1,704.48,0,1,2025-12
1003907,2025-12-14,Apparel,South,Supplier A,WH-North,Standard,2,139.5,9,211.59,2,0,44,8,423.18,279.0,144.18,0,1,2025-12
1002503,2025-12-15,Office Supplies,East,Supplier C,WH-North,Standard,3,189.02,3,271.62,2,1,67,1,543.24,378.04,165.2,1,1,2025-12
1000964,2025-12-15,Apparel,West,Supplier D,WH-East,Standard,9,248.27,6,401.31,8,1,25,8,3210.48,1986.16,1224.32,1,1,2025-12
1004029,2025-12-15,Electronics,West,Supplier D,WH-South,Standard,17,295.3,4,341.28,16,1,57,4,5460.48,4724.8,735.68,1,1,2025-12
1003499,2025-12-15,Health & Beauty,West,Supplier B,WH-East,Standard,12,343.83,7,415.83,10,2,76,9,4158.3,3438.3,720.0,1,1,2025-12
1002117,2025-12-15,Electronics,West,Supplier C,WH-South,Express,6,180.34,3,310.61,6,0,21,3,1863.66,1082.04,781.62,0,1,2025-12
1004878,2025-12-15,Office Supplies,South,Supplier E,WH-East,Same Day,5,317.55,4,436.21,4,1,72,2,1744.84,1270.2,474.64,1,1,2025-12
1003657,2025-12-16,Home & Kitchen,South,Supplier B,WH-South,Express,3,193.9,11,230.64,2,1,49,11,461.28,387.8,73.48,1,0,2025-12
1004744,2025-12-16,Electronics,East,Supplier E,WH-South,Standard,6,10.33,7,15.36,5,1,19,5,76.8,51.65,25.15,1,1,2025-12
1001683,2025-12-16,Home & Kitchen,North,Supplier C,WH-North,Standard,6,100.48,9,169.65,6,0,79,11,1017.9,602.88,415.02,0,1,2025-12
1004659,2025-12-16,Apparel,South,Supplier E,WH-South,Standard,24,43.11,8,63.61,24,0,13,7,1526.64,1034.64,492.0,0,1,2025-12
1001826,2025-12-16,Electronics,South,Supplier B,WH-North,Standard,7,194.05,10,324.05,6,1,47,10,1944.3,1164.3,780.0,1,1,2025-12
1004217,2025-12-16,Office Supplies,West,Supplier B,WH-South,Express,2,399.45,15,688.64,1,1,53,13,688.64,399.45,289.19,1,0,2025-12
1005363,2025-12-17,Home & Kitchen,East,Supplier A,WH-South,Standard,2,159.29,7,253.35,1,1,62,8,253.35,159.29,94.06,1,1,2025-12
1001768,2025-12-17,Health & Beauty,South,Supplier D,WH-West,Express,23,215.56,3,321.31,21,2,46,4,6747.51,4526.76,2220.75,1,1,2025-12
1000759,2025-12-17,Home & Kitchen,South,Supplier E,WH-West,Standard,20,401.67,7,572.93,19,1,38,9,10885.67,7631.73,3253.94,1,1,2025-12
1005125,2025-12-17,Home & Kitchen,South,Supplier E,WH-South,Standard,15,250.07,4,357.01,14,1,46,5,4998.14,3500.98,1497.16,1,1,2025-12
1000569,2025-12-18,Apparel,East,Supplier E,WH-South,Standard,13,364.85,14,626.11,12,1,78,14,7513.32,4378.2,3135.12,1,0,2025-12
1003106,2025-12-18,Apparel,North,Supplier A,WH-South,Standard,4,13.94,9,23.41,4,0,28,8,93.64,55.76,37.88,0,1,2025-12
1004641,2025-12-18,Office Supplies,East,Supplier B,WH-West,Standard,11,150.05,15,254.56,10,1,44,17,2545.6,1500.5,1045.1,1,0,2025-12
1005824,2025-12-18,Electronics,North,Supplier D,WH-East,Express,8,109.8,15,137.56,8,0,64,13,1100.48,878.4,222.08,0,0,2025-12
1004013,2025-12-18,Electronics,South,Supplier C,WH-South,Standard,16,252.6,9,359.12,16,0,53,9,5745.92,4041.6,1704.32,0,1,2025-12
1001634,2025-12-18,Home & Kitchen,North,Supplier B,WH-South,Standard,3,401.11,16,595.57,3,0,22,14,1786.71,1203.33,583.38,0,0,2025-12
1005556,2025-12-18,Office Supplies,West,Supplier D,WH-North,Express,14,359.57,4,519.31,13,1,41,2,6751.03,4674.41,2076.62,1,1,2025-12
1000867,2025-12-19,Electronics,East,Supplier D,WH-East,Standard,22,370.79,9,530.39,20,2,11,9,10607.8,7415.8,3192.0,1,1,2025-12
1004333,2025-12-19,Electronics,East,Supplier C,WH-West,Express,1,159.15,14,242.66,1,0,27,13,242.66,159.15,83.51,0,0,2025-12
1004698,2025-12-19,Office Supplies,North,Supplier D,WH-West,Express,12,336.57,3,546.67,10,2,62,1,5466.7,3365.7,2101.0,1,1,2025-12
1001969,2025-12-19,Office Supplies,South,Supplier C,WH-East,Express,23,369.62,8,494.28,21,2,76,7,10379.88,7762.02,2617.86,1,0,2025-12
1005464,2025-12-20,Office Supplies,West,Supplier E,WH-West,Standard,1,186.02,16,303.15,1,0,53,14,303.15,186.02,117.13,0,0,2025-12
1005181,2025-12-20,Electronics,South,Supplier B,WH-South,Standard,17,41.5,11,59.39,16,1,22,10,950.24,664.0,286.24,1,1,2025-12
1000303,2025-12-20,Electronics,North,Supplier E,WH-West,Express,11,250.38,4,408.9,11,0,71,3,4497.9,2754.18,1743.72,0,1,2025-12
1005616,2025-12-20,Office Supplies,West,Supplier C,WH-East,Standard,8,294.66,4,342.34,8,0,68,4,2738.72,2357.28,381.44,0,1,2025-12
1005989,2025-12-20,Apparel,East,Supplier A,WH-East,Standard,14,92.67,11,153.6,14,0,76,12,2150.4,1297.38,853.02,0,1,2025-12
1005956,2025-12-20,Home & Kitchen,South,Supplier C,WH-South,Standard,16,440.6,12,564.52,14,2,15,14,7903.28,6168.4,1734.88,1,0,2025-12
1005259,2025-12-20,Apparel,West,Supplier D,WH-North,Standard,7,322.98,3,518.85,6,1,76,2,3113.1,1937.88,1175.22,1,1,2025-12
1005090,2025-12-20,Home & Kitchen,South,Supplier B,WH-North,Standard,6,181.68,5,240.25,6,0,53,5,1441.5,1090.08,351.42,0,1,2025-12
1002177,2025-12-20,Apparel,East,Supplier C,WH-East,Express,7,69.79,9,104.31,6,1,44,9,625.86,418.74,207.12,1,0,2025-12
1000089,2025-12-20,Electronics,North,Supplier E,WH-East,Standard,22,49.47,17,72.18,20,2,55,19,1443.6,989.4,454.2,1,0,2025-12
1005748,2025-12-20,Office Supplies,West,Supplier B,WH-West,Standard,23,134.34,2,226.61,20,3,11,1,4532.2,2686.8,1845.4,1,1,2025-12
1005051,2025-12-20,Office Supplies,South,Supplier A,WH-South,Express,6,425.85,5,615.47,6,0,35,4,3692.82,2555.1,1137.72,0,1,2025-12
1003523,2025-12-20,Health & Beauty,South,Supplier D,WH-South,Standard,16,117.27,3,174.58,16,0,41,4,2793.28,1876.32,916.96,0,1,2025-12
1003808,2025-12-20,Apparel,North,Supplier A,WH-North,Standard,4,118.1,8,147.18,4,0,51,9,588.72,472.4,116.32,0,1,2025-12
1004558,2025-12-21,Home & Kitchen,West,Supplier D,WH-South,Express,19,215.38,11,336.87,15,4,54,9,5053.05,3230.7,1822.35,1,0,2025-12
1004902,2025-12-21,Home & Kitchen,North,Supplier D,WH-South,Standard,20,425.92,15,571.76,18,2,49,17,10291.68,7666.56,2625.12,1,0,2025-12
1004437,2025-12-21,Home & Kitchen,South,Supplier A,WH-West,Express,16,174.56,9,260.38,14,2,26,7,3645.32,2443.84,1201.48,1,0,2025-12
1001288,2025-12-21,Home & Kitchen,North,Supplier E,WH-East,Express,8,287.73,8,341.35,8,0,73,8,2730.8,2301.84,428.96,0,0,2025-12
1004933,2025-12-21,Office Supplies,West,Supplier B,WH-North,Standard,11,380.89,6,549.1,11,0,66,5,6040.1,4189.79,1850.31,0,1,2025-12
1001769,2025-12-21,Apparel,East,Supplier C,WH-East,Standard,9,127.29,5,177.35,8,1,35,6,1418.8,1018.32,400.48,1,1,2025-12
1005710,2025-12-21,Apparel,East,Supplier C,WH-South,Standard,3,272.75,12,326.01,3,0,19,10,978.03,818.25,159.78,0,1,2025-12
1005576,2025-12-21,Health & Beauty,East,Supplier A,WH-North,Standard,11,189.64,17,267.01,10,1,47,18,2670.1,1896.4,773.7,1,0,2025-12
1004710,2025-12-21,Home & Kitchen,North,Supplier D,WH-South,Standard,3,104.65,17,177.0,3,0,17,18,531.0,313.95,217.05,0,0,2025-12
1003919,2025-12-21,Electronics,West,Supplier A,WH-East,Standard,6,352.8,13,586.97,6,0,41,13,3521.82,2116.8,1405.02,0,0,2025-12
1003201,2025-12-22,Office Supplies,West,Supplier D,WH-East,Standard,12,325.32,9,375.25,12,0,41,9,4503.0,3903.84,599.16,0,1,2025-12
1005147,2025-12-22,Apparel,East,Supplier C,WH-West,Same Day,24,142.51,2,211.42,22,2,38,1,4651.24,3135.22,1516.02,1,1,2025-12
1004884,2025-12-22,Electronics,South,Supplier B,WH-South,Express,22,99.24,5,169.16,19,3,67,7,3214.04,1885.56,1328.48,1,0,2025-12
1001461,2025-12-22,Home & Kitchen,East,Supplier C,WH-West,Standard,23,294.69,6,428.28,22,1,72,8,9422.16,6483.18,2938.98,1,1,2025-12
1001864,2025-12-23,Electronics,West,Supplier C,WH-East,Standard,14,167.37,9,231.49,14,0,65,10,3240.86,2343.18,897.68,0,1,2025-12
1003710,2025-12-23,Electronics,East,Supplier D,WH-East,Same Day,20,302.16,7,380.45,19,1,40,5,7228.55,5741.04,1487.51,1,0,2025-12
1001193,2025-12-23,Electronics,West,Supplier C,WH-North,Standard,8,410.43,9,704.85,8,0,56,9,5638.8,3283.44,2355.36,0,1,2025-12
1003041,2025-12-24,Electronics,North,Supplier D,WH-West,Standard,15,226.04,5,394.53,15,0,65,4,5917.95,3390.6,2527.35,0,1,2025-12
1000709,2025-12-24,Office Supplies,South,Supplier D,WH-South,Standard,23,84.11,3,112.25,22,1,70,3,2469.5,1850.42,619.08,1,1,2025-12
1005854,2025-12-24,Health & Beauty,North,Supplier C,WH-West,Standard,12,42.64,16,66.37,12,0,78,15,796.44,511.68,284.76,0,0,2025-12
1005868,2025-12-24,Electronics,East,Supplier C,WH-South,Express,10,254.23,10,325.14,10,0,34,10,3251.4,2542.3,709.1,0,0,2025-12
1000974,2025-12-24,Apparel,West,Supplier A,WH-West,Standard,15,154.11,11,246.06,15,0,75,10,3690.9,2311.65,1379.25,0,1,2025-12
1002589,2025-12-25,Apparel,West,Supplier C,WH-East,Standard,12,274.19,16,371.69,12,0,70,14,4460.28,3290.28,1170.0,0,0,2025-12
1001023,2025-12-25,Apparel,East,Supplier A,WH-North,Standard,21,411.59,11,649.81,19,2,75,13,12346.39,7820.21,4526.18,1,0,2025-12
1001878,2025-12-25,Health & Beauty,South,Supplier E,WH-West,Standard,15,156.46,15,192.03,15,0,43,15,2880.45,2346.9,533.55,0,0,2025-12
1003015,2025-12-25,Health & Beauty,South,Supplier C,WH-North,Standard,8,107.63,13,148.71,7,1,22,13,1040.97,753.41,287.56,1,0,2025-12
1002075,2025-12-25,Health & Beauty,West,Supplier D,WH-North,Express,22,185.11,7,232.51,22,0,72,6,5115.22,4072.42,1042.8,0,0,2025-12
1002805,2025-12-25,Health & Beauty,West,Supplier B,WH-East,Standard,1,42.74,5,56.16,0,1,70,7,0.0,0.0,0.0,1,1,2025-12
1005113,2025-12-25,Apparel,West,Supplier D,WH-South,Standard,1,21.5,10,34.03,1,0,41,10,34.03,21.5,12.53,0,1,2025-12
1003699,2025-12-25,Health & Beauty,South,Supplier E,WH-North,Standard,20,288.76,11,425.94,20,0,78,13,8518.8,5775.2,2743.6,0,0,2025-12
1005202,2025-12-25,Apparel,West,Supplier E,WH-South,Express,18,99.83,16,151.35,17,1,18,17,2572.95,1697.11,875.84,1,0,2025-12
1000088,2025-12-25,Electronics,East,Supplier A,WH-East,Express,17,219.87,13,308.37,16,1,20,14,4933.92,3517.92,1416.0,1,0,2025-12
1003623,2025-12-26,Home & Kitchen,West,Supplier C,WH-West,Standard,6,114.0,13,182.64,4,2,65,12,730.56,456.0,274.56,1,1,2025-12
1004532,2025-12-26,Electronics,West,Supplier C,WH-North,Express,5,88.35,3,114.9,3,2,67,5,344.7,265.05,79.65,1,1,2025-12
1001760,2025-12-26,Health & Beauty,North,Supplier B,WH-West,Standard,23,83.18,7,117.84,21,2,62,7,2474.64,1746.78,727.86,1,1,2025-12
1003664,2025-12-26,Office Supplies,North,Supplier A,WH-West,Standard,12,143.59,6,240.88,12,0,70,6,2890.56,1723.08,1167.48,0,1,2025-12
1002166,2025-12-26,Electronics,South,Supplier D,WH-West,Standard,20,87.22,8,149.05,20,0,18,9,2981.0,1744.4,1236.6,0,1,2025-12
1000128,2025-12-26,Office Supplies,East,Supplier D,WH-North,Standard,13,64.62,9,101.59,11,2,14,7,1117.49,710.82,406.67,1,1,2025-12
1003528,2025-12-26,Health & Beauty,East,Supplier E,WH-North,Standard,2,379.02,12,633.34,2,0,79,12,1266.68,758.04,508.64,0,1,2025-12
1005332,2025-12-26,Health & Beauty,North,Supplier A,WH-North,Express,1,161.86,6,256.34,1,0,26,6,256.34,161.86,94.48,0,0,2025-12
1001130,2025-12-26,Health & Beauty,North,Supplier D,WH-East,Express,2,188.62,15,290.71,2,0,33,16,581.42,377.24,204.18,0,0,2025-12
1004901,2025-12-26,Office Supplies,South,Supplier A,WH-South,Same Day,10,107.42,14,158.79,9,1,60,14,1429.11,966.78,462.33,1,0,2025-12
1002917,2025-12-26,Health & Beauty,West,Supplier C,WH-East,Same Day,2,9.31,17,12.55,2,0,45,17,25.1,18.62,6.48,0,0,2025-12
1004261,2025-12-26,Office Supplies,West,Supplier E,WH-South,Standard,11,218.63,10,376.04,11,0,79,8,4136.44,2404.93,1731.51,0,1,2025-12
1000871,2025-12-26,Office Supplies,West,Supplier A,WH-West,Express,9,204.95,2,342.82,9,0,27,3,3085.38,1844.55,1240.83,0,1,2025-12
1005314,2025-12-26,Home & Kitchen,South,Supplier E,WH-South,Standard,14,384.4,7,549.88,14,0,61,9,7698.32,5381.6,2316.72,0,1,2025-12
1004144,2025-12-26,Electronics,East,Supplier D,WH-West,Standard,23,378.3,6,539.04,22,1,38,6,11858.88,8322.6,3536.28,1,1,2025-12
1002504,2025-12-26,Office Supplies,East,Supplier A,WH-South,Express,3,400.07,5,498.98,3,0,27,3,1496.94,1200.21,296.73,0,1,2025-12
1005522,2025-12-26,Apparel,South,Supplier A,WH-West,Standard,17,199.91,8,275.19,13,4,11,6,3577.47,2598.83,978.64,1,1,2025-12
1005234,2025-12-26,Electronics,South,Supplier A,WH-South,Standard,23,300.27,12,382.16,22,1,28,11,8407.52,6605.94,1801.58,1,1,2025-12
1001286,2025-12-27,Health & Beauty,West,Supplier A,WH-South,Express,21,252.11,5,345.37,17,4,33,5,5871.29,4285.87,1585.42,1,1,2025-12
1000519,2025-12-27,Electronics,North,Supplier B,WH-North,Standard,5,358.33,3,487.45,5,0,20,5,2437.25,1791.65,645.6,0,1,2025-12
1000084,2025-12-27,Electronics,South,Supplier E,WH-South,Standard,17,271.9,5,350.65,16,1,43,3,5610.4,4350.4,1260.0,1,1,2025-12
1005547,2025-12-27,Apparel,South,Supplier D,WH-West,Same Day,19,181.0,2,272.86,17,2,18,1,4638.62,3077.0,1561.62,1,1,2025-12
1004725,2025-12-27,Office Supplies,South,Supplier C,WH-West,Standard,17,330.87,7,537.25,15,2,39,8,8058.75,4963.05,3095.7,1,1,2025-12
1001408,2025-12-27,Home & Kitchen,East,Supplier C,WH-West,Express,14,104.7,13,137.17,13,1,57,13,1783.21,1361.1,422.11,1,0,2025-12
1003273,2025-12-27,Electronics,East,Supplier E,WH-East,Express,20,316.18,8,426.51,19,1,15,6,8103.69,6007.42,2096.27,1,0,2025-12
1001307,2025-12-27,Electronics,West,Supplier E,WH-East,Standard,1,176.61,2,225.01,1,0,12,2,225.01,176.61,48.4,0,1,2025-12
1001435,2025-12-27,Electronics,North,Supplier D,WH-South,Standard,24,356.28,5,595.96,21,3,54,5,12515.16,7481.88,5033.28,1,1,2025-12
1003096,2025-12-27,Electronics,East,Supplier B,WH-North,Standard,4,76.39,8,132.48,4,0,39,10,529.92,305.56,224.36,0,1,2025-12
1000400,2025-12-27,Health & Beauty,South,Supplier C,WH-North,Standard,16,237.86,4,383.41,14,2,24,3,5367.74,3330.04,2037.7,1,1,2025-12
1001539,2025-12-27,Apparel,West,Supplier E,WH-East,Standard,4,410.35,11,482.18,4,0,31,11,1928.72,1641.4,287.32,0,1,2025-12
1002260,2025-12-27,Apparel,South,Supplier C,WH-South,Standard,5,244.03,9,315.4,4,1,65,8,1261.6,976.12,285.48,1,1,2025-12
1005793,2025-12-28,Electronics,South,Supplier E,WH-North,Standard,16,204.14,7,281.25,15,1,28,7,4218.75,3062.1,1156.65,1,1,2025-12
1004204,2025-12-28,Office Supplies,West,Supplier C,WH-North,Standard,16,202.06,5,342.61,15,1,32,6,5139.15,3030.9,2108.25,1,1,2025-12
1004975,2025-12-28,Electronics,North,Supplier A,WH-East,Standard,15,195.13,6,286.07,14,1,68,7,4004.98,2731.82,1273.16,1,1,2025-12
1002716,2025-12-28,Apparel,West,Supplier B,WH-East,Standard,16,195.21,7,242.3,16,0,75,8,3876.8,3123.36,753.44,0,1,2025-12
1003739,2025-12-28,Health & Beauty,North,Supplier E,WH-West,Standard,21,68.33,13,119.51,20,1,40,14,2390.2,1366.6,1023.6,1,0,2025-12
1003016,2025-12-28,Apparel,South,Supplier C,WH-West,Standard,5,344.53,9,495.29,5,0,19,8,2476.45,1722.65,753.8,0,1,2025-12
1000125,2025-12-28,Apparel,North,Supplier B,WH-West,Express,2,245.73,17,349.05,1,1,73,15,349.05,245.73,103.32,1,0,2025-12
1003981,2025-12-28,Apparel,North,Supplier B,WH-North,Express,4,214.2,15,328.62,4,0,13,17,1314.48,856.8,457.68,0,0,2025-12
1003160,2025-12-28,Electronics,West,Supplier E,WH-South,Express,4,366.93,9,499.58,4,0,16,8,1998.32,1467.72,530.6,0,0,2025-12
1000556,2025-12-29,Office Supplies,West,Supplier E,WH-North,Standard,21,114.23,16,138.35,21,0,32,16,2905.35,2398.83,506.52,0,0,2025-12
1004153,2025-12-29,Home & Kitchen,West,Supplier B,WH-North,Express,2,123.93,6,167.18,2,0,15,7,334.36,247.86,86.5,0,0,2025-12
1003820,2025-12-29,Health & Beauty,South,Supplier D,WH-South,Standard,6,87.6,13,140.52,5,1,16,13,702.6,438.0,264.6,1,0,2025-12
1000534,2025-12-29,Health & Beauty,South,Supplier C,WH-East,Standard,10,215.48,2,366.22,10,0,44,4,3662.2,2154.8,1507.4,0,1,2025-12
1005808,2025-12-29,Electronics,West,Supplier E,WH-South,Standard,7,259.11,5,336.34,7,0,20,4,2354.38,1813.77,540.61,0,1,2025-12
1002818,2025-12-29,Home & Kitchen,North,Supplier E,WH-East,Standard,16,135.77,15,207.62,14,2,47,16,2906.68,1900.78,1005.9,1,0,2025-12
1001781,2025-12-29,Home & Kitchen,West,Supplier A,WH-South,Express,14,444.75,5,620.35,12,2,24,7,7444.2,5337.0,2107.2,1,0,2025-12
1003695,2025-12-29,Electronics,West,Supplier E,WH-East,Standard,9,50.83,16,61.03,9,0,19,15,549.27,457.47,91.8,0,0,2025-12
1005874,2025-12-30,Apparel,North,Supplier A,WH-North,Standard,14,281.64,15,471.45,13,1,11,15,6128.85,3661.32,2467.53,1,0,2025-12
1000848,2025-12-30,Office Supplies,South,Supplier A,WH-East,Standard,17,295.53,15,486.31,16,1,69,14,7780.96,4728.48,3052.48,1,0,2025-12
1003204,2025-12-30,Apparel,West,Supplier D,WH-West,Standard,8,73.44,9,123.52,7,1,12,7,864.64,514.08,350.56,1,1,2025-12
1002853,2025-12-30,Home & Kitchen,North,Supplier D,WH-East,Express,22,8.62,2,13.36,21,1,45,2,280.56,181.02,99.54,1,1,2025-12
1004751,2025-12-30,Electronics,North,Supplier A,WH-North,Express,15,275.43,9,364.7,14,1,47,7,5105.8,3856.02,1249.78,1,0,2025-12
1000076,2025-12-30,Health & Beauty,East,Supplier D,WH-West,Standard,6,320.71,5,545.72,5,1,49,7,2728.6,1603.55,1125.05,1,1,2025-12
1000224,2025-12-30,Office Supplies,South,Supplier B,WH-South,Express,7,386.44,15,666.51,6,1,18,17,3999.06,2318.64,1680.42,1,0,2025-12
1003504,2025-12-31,Apparel,West,Supplier E,WH-East,Standard,12,160.59,16,205.3,10,2,65,16,2053.0,1605.9,447.1,1,0,2025-12
1001326,2025-12-31,Home & Kitchen,South,Supplier D,WH-West,Standard,11,123.2,17,194.06,8,3,74,17,1552.48,985.6,566.88,1,0,2025-12
1002446,2025-12-31,Home & Kitchen,South,Supplier B,WH-South,Express,20,177.89,15,266.09,19,1,28,14,5055.71,3379.91,1675.8,1,0,2025-12
1001668,2025-12-31,Electronics,South,Supplier B,WH-East,Express,15,114.54,4,152.83,13,2,69,6,1986.79,1489.02,497.77,1,0,2025-12
1005049,2025-12-31,Office Supplies,South,Supplier C,WH-South,Standard,15,173.35,11,239.32,14,1,62,11,3350.48,2426.9,923.58,1,1,2025-12
1002670,2025-12-31,Electronics,East,Supplier A,WH-West,Standard,7,317.87,4,406.4,6,1,22,6,2438.4,1907.22,531.18,1,1,2025-12
1005863,2025-12-31,Apparel,West,Supplier B,WH-North,Standard,16,319.66,6,510.64,13,3,12,7,6638.32,4155.58,2482.74,1,1,2025-12
1005131,2025-12-31,Home & Kitchen,South,Supplier D,WH-West,Standard,4,294.51,6,437.14,3,1,24,6,1311.42,883.53,427.89,1,1,2025-12
1004302,2025-12-31,Electronics,East,Supplier E,WH-West,Express,7,318.7,4,414.12,7,0,78,4,2898.84,2230.9,667.94,0,1,2025-12
